hour_start_utc,temp,rad,dewpoint,rh
2026-04-01 00:00,2.9,1,-2.6,67.5
2026-04-01 01:00,2.6,1,-2.8,67.4
2026-04-01 02:00,2.8,1,-3.3,64.1
2026-04-01 03:00,2.8,1,-3.8,61.9
2026-04-01 04:00,2.9,1,-3.5,63.1
2026-04-01 05:00,3,29,-3.4,62.7
2026-04-01 06:00,3.5,167,-2.9,63
2026-04-01 07:00,4.9,368,-2.3,59.6
2026-04-01 08:00,5.9,543,-2,56.8
2026-04-01 09:00,7,689,-1.7,53.9
2026-04-01 10:00,7.8,785,-2,50.1
2026-04-01 11:00,8.8,782,-2.2,46
2026-04-01 12:00,9.2,713,-3.6,40.2
2026-04-01 13:00,9.4,691,-4.7,36.7
2026-04-01 14:00,9.3,573,-5.2,35.6
2026-04-01 15:00,9.1,436,-4.4,38
2026-04-01 16:00,8.5,221,-4.5,39.6
2026-04-01 17:00,7.4,54,-4.7,42
2026-04-01 18:00,6.1,2,-4,48.4
2026-04-01 19:00,5.5,1,-3.5,52.3
2026-04-01 20:00,5,1,-3.7,53.5
2026-04-01 21:00,4.9,1,-3.2,55.6
2026-04-01 22:00,4.2,1,-2.9,60.1
2026-04-01 23:00,4.1,1,-2.5,62.3
2026-04-02 00:00,3.8,1,-2.8,62
2026-04-02 01:00,3,1,-2.6,66.7
2026-04-02 02:00,3.6,1,-2.7,63.6
2026-04-02 03:00,3.3,1,-2.3,67.2
2026-04-02 04:00,2.9,1,-2,70.3
2026-04-02 05:00,2.7,22,-1.6,73.6
2026-04-02 06:00,3.2,172,-1.3,72.2
2026-04-02 07:00,4.3,375,-1.4,66.5
2026-04-02 08:00,6.4,614,-1.5,57.2
2026-04-02 09:00,7.3,702,-1.8,52.3
2026-04-02 10:00,8.6,781,-1.7,48.4
2026-04-02 11:00,10,808,-1.1,46
2026-04-02 12:00,10.8,755,-0.6,45.1
2026-04-02 13:00,11.5,708,-0.8,42.6
2026-04-02 14:00,11.9,579,-1.1,40.6
2026-04-02 15:00,11.7,400,-1.1,40.9
2026-04-02 16:00,11.5,223,-0.9,42.1
2026-04-02 17:00,10.6,56,-0.9,44.7
2026-04-02 18:00,9,2,-0.7,50.6
2026-04-02 19:00,8.1,1,-1,53
2026-04-02 20:00,7.7,1,-1.1,53.6
2026-04-02 21:00,7,1,-1.2,56
2026-04-02 22:00,6.6,1,-1.4,56.8
2026-04-02 23:00,6.7,1,-1.4,56.3
2026-04-03 00:00,6.4,1,-1.5,57
2026-04-03 01:00,6.4,1,-1.6,56.8
2026-04-03 02:00,5.4,1,-1.7,60
2026-04-03 03:00,5.7,1,-1.7,59.1
2026-04-03 04:00,4.8,1,-0.7,67.6
2026-04-03 05:00,4.1,26,-1.1,68.6
2026-04-03 06:00,5.8,177,-0.7,63.1
2026-04-03 07:00,7.3,371,-1.1,55.2
2026-04-03 08:00,7.7,539,-0.9,54.8
2026-04-03 09:00,8.9,686,-0.2,52.9
2026-04-03 10:00,8.9,784,0.6,56.1
2026-04-03 11:00,10.1,809,0,49.7
2026-04-03 12:00,11.9,779,-1.4,39.8
2026-04-03 13:00,12.4,704,-2.4,35.5
2026-04-03 14:00,13.3,593,-2,34.6
2026-04-03 15:00,13.8,422,-2.6,32.1
2026-04-03 16:00,13.2,203,-1.6,36.3
2026-04-03 17:00,12.7,36,-0.7,39.7
2026-04-03 18:00,11.9,2,1.1,47.9
2026-04-03 19:00,10.9,1,2.4,55.5
2026-04-03 20:00,10.6,1,1.3,52.7
2026-04-03 21:00,10.2,1,1.6,55.1
2026-04-03 22:00,9.8,1,1.7,57.1
2026-04-03 23:00,9.9,1,1.8,57
2026-04-04 00:00,9.9,1,1.9,57.3
2026-04-04 01:00,9.7,1,1.9,58.3
2026-04-04 02:00,9.9,1,1.6,56.3
2026-04-04 03:00,9.8,1,1.8,57.7
2026-04-04 04:00,9.3,1,2.7,63.1
2026-04-04 05:00,9.5,23,2.3,60.8
2026-04-04 06:00,9.6,94,3.3,64.8
2026-04-04 07:00,10.8,181,2,54.4
2026-04-04 08:00,11.6,371,1.6,50.1
2026-04-04 09:00,11.4,403,1.8,51.6
2026-04-04 10:00,12.8,776,2.6,49.7
2026-04-04 11:00,13.2,784,2,46.5
2026-04-04 12:00,14.5,763,1,39.9
2026-04-04 13:00,15.7,689,2.2,40.1
2026-04-04 14:00,16.6,576,4,43.1
2026-04-04 15:00,16.8,416,4.2,42.9
2026-04-04 16:00,16.6,217,4.6,45.1
2026-04-04 17:00,15.7,54,4.9,48.6
2026-04-04 18:00,14.5,3,4.8,52.3
2026-04-04 19:00,13.4,1,4.4,54.3
2026-04-04 20:00,12.8,1,3.9,54.6
2026-04-04 21:00,12.2,1,3.5,55.3
2026-04-04 22:00,11.6,1,3.5,57.7
2026-04-04 23:00,11.4,1,3.6,58.4
2026-04-05 00:00,10.7,1,3.5,61.4
2026-04-05 01:00,10.1,1,3.7,64.3
2026-04-05 02:00,10.4,1,3.5,62.1
2026-04-05 03:00,9.6,1,3.4,65.2
2026-04-05 04:00,9,1,3.6,68.8
2026-04-05 05:00,9.4,30,3.7,67.3
2026-04-05 06:00,11.4,185,3.7,58.9
2026-04-05 07:00,12.3,372,4.6,59.2
2026-04-05 08:00,13.3,535,4.5,55.1
2026-04-05 09:00,14.7,676,3.6,47.5
2026-04-05 10:00,16.1,772,3.9,44.2
2026-04-05 11:00,17.4,790,4.7,43.1
2026-04-05 12:00,18,769,4.6,41.1
2026-04-05 13:00,19,709,5.1,40
2026-04-05 14:00,19.6,529,5.4,39.1
2026-04-05 15:00,20.6,339,5.2,36.5
2026-04-05 16:00,21.2,241,4.6,33.8
2026-04-05 17:00,20.3,46,4.5,35.3
2026-04-05 18:00,18.7,3,4.7,39.7
2026-04-05 19:00,17.1,1,6.6,50
2026-04-05 20:00,16.7,1,5.8,48.8
2026-04-05 21:00,16,1,5.6,50.1
2026-04-05 22:00,16,1,4.4,46.3
2026-04-05 23:00,14.6,1,3.9,48.8
2026-04-06 00:00,14,1,4.3,52
2026-04-06 01:00,13.7,1,5.1,56.4
2026-04-06 02:00,13.2,1,5.3,58.5
2026-04-06 03:00,12.6,1,4.9,59.8
2026-04-06 04:00,11.8,1,4.9,62.7
2026-04-06 05:00,11.8,30,4.8,62.2
2026-04-06 06:00,13.1,181,5.5,60.2
2026-04-06 07:00,13.4,376,6.5,62.7
2026-04-06 08:00,14.2,543,6.5,59.6
2026-04-06 09:00,15.1,683,6.6,56.7
2026-04-06 10:00,16,778,6.9,54.6
2026-04-06 11:00,17.2,806,6.3,48.6
2026-04-06 12:00,18.1,785,5.7,44.1
2026-04-06 13:00,18.5,736,5.5,42.3
2026-04-06 14:00,18.7,485,5.8,42.7
2026-04-06 15:00,19.8,444,5.5,39.3
2026-04-06 16:00,20,226,5,37.3
2026-04-06 17:00,19.7,65,5.3,38.8
2026-04-06 18:00,18.1,4,6.2,45.6
2026-04-06 19:00,17.4,1,7.2,51.1
2026-04-06 20:00,16,2,7.4,56.7
2026-04-06 21:00,15.1,1,7.2,59
2026-04-06 22:00,14.4,1,7.1,61.5
2026-04-06 23:00,13.4,1,6.7,63.8
2026-04-07 00:00,12.9,1,5.3,59.8
2026-04-07 01:00,12.4,1,4.6,58.9
2026-04-07 02:00,11.8,1,5,63.2
2026-04-07 03:00,11.1,1,5.3,67.7
2026-04-07 04:00,10.8,1,4.5,65.2
2026-04-07 05:00,10.6,35,4,63.4
2026-04-07 06:00,12.2,202,4.8,60.4
2026-04-07 07:00,13,393,6.1,62.9
2026-04-07 08:00,13.9,559,6.5,60.8
2026-04-07 09:00,15,704,5.9,54.5
2026-04-07 10:00,15.7,798,5.9,52
2026-04-07 11:00,16.9,825,6,48.6
2026-04-07 12:00,18.4,802,5.5,42.7
2026-04-07 13:00,19.7,726,5.3,38.8
2026-04-07 14:00,20.1,606,6.4,40.8
2026-04-07 15:00,20,440,6.6,41.8
2026-04-07 16:00,20.4,250,4.9,36.2
2026-04-07 17:00,19.6,67,5.1,38.8
2026-04-07 18:00,18,3,4.8,41.7
2026-04-07 19:00,17.1,1,2.6,37.7
2026-04-07 20:00,16.1,1,3.1,41.8
2026-04-07 21:00,16.2,1,5.8,49.8
2026-04-07 22:00,15.3,1,5.7,52.8
2026-04-07 23:00,14.5,1,5.7,55.8
2026-04-08 00:00,13.9,1,5.5,56.8
2026-04-08 01:00,13.2,1,4.8,56.5
2026-04-08 02:00,12.7,1,3.5,53.6
2026-04-08 03:00,12.2,1,3.1,53.6
2026-04-08 04:00,12.4,1,3.8,56
2026-04-08 05:00,12,37,4.3,59.5
2026-04-08 06:00,13.1,207,5.3,59.2
2026-04-08 07:00,14.1,394,6.4,59.5
2026-04-08 08:00,14.6,558,5.4,54.1
2026-04-08 09:00,15.2,697,4.9,50.1
2026-04-08 10:00,16.2,787,4.9,47
2026-04-08 11:00,17.7,811,6.4,47.6
2026-04-08 12:00,18.6,789,7.2,47.4
2026-04-08 13:00,19.1,710,7.5,46.7
2026-04-08 14:00,20.3,593,7.6,44
2026-04-08 15:00,20.7,433,7.9,43.7
2026-04-08 16:00,21.2,250,8.2,43.2
2026-04-08 17:00,20,72,9.4,51
2026-04-08 18:00,19,3,8.2,49.8
2026-04-08 19:00,17.8,2,6.8,48.8
2026-04-08 20:00,16.7,1,6.8,51.8
2026-04-08 21:00,16.4,1,6.7,52.9
2026-04-08 22:00,15.6,1,6.6,54.8
2026-04-08 23:00,15.2,1,6.2,55
2026-04-09 00:00,14.3,1,6.3,58.5
2026-04-09 01:00,13.7,1,6.3,61.2
2026-04-09 02:00,13,1,6.6,65.2
2026-04-09 03:00,12.4,1,6,65.4
2026-04-09 04:00,11.9,1,5.7,65.8
2026-04-09 05:00,11.6,40,5.6,66.6
2026-04-09 06:00,12.9,211,6.8,66.9
2026-04-09 07:00,13.8,397,8.1,68.6
2026-04-09 08:00,14.8,562,7.6,61.9
2026-04-09 09:00,15.8,702,7,55.5
2026-04-09 10:00,17,793,7.3,52.9
2026-04-09 11:00,18.2,815,8.2,51.9
2026-04-09 12:00,19.4,792,7.9,47.2
2026-04-09 13:00,20.2,714,8.8,47.8
2026-04-09 14:00,21.1,597,8.3,43.8
2026-04-09 15:00,22.4,436,7.6,38.4
2026-04-09 16:00,22.4,254,7.4,37.9
2026-04-09 17:00,22.5,73,4,29.9
2026-04-09 18:00,20.4,3,3.4,32.6
2026-04-09 19:00,18.9,1,4.1,37.8
2026-04-09 20:00,16.9,1,4.9,44.9
2026-04-09 21:00,16,1,3.8,44.2
2026-04-09 22:00,15.1,1,3.9,46.9
2026-04-09 23:00,14,1,3.7,49.6
2026-04-10 00:00,13.7,1,3.4,50
2026-04-10 01:00,13,1,3.7,53.1
2026-04-10 02:00,12.7,1,3.9,55
2026-04-10 03:00,12.7,1,3.9,55.4
2026-04-10 04:00,12.2,2,4.1,57.5
2026-04-10 05:00,12,34,4.4,59.8
2026-04-10 06:00,13.5,193,5.6,58.4
2026-04-10 07:00,14.5,398,6.6,59
2026-04-10 08:00,14.7,477,6.6,58.5
2026-04-10 09:00,15.5,646,6.9,56.5
2026-04-10 10:00,17.5,655,5.6,45.7
2026-04-10 11:00,18.1,561,5.5,43.5
2026-04-10 12:00,19.3,601,6.2,42.5
2026-04-10 13:00,20.7,596,5.3,36.6
2026-04-10 14:00,21.5,587,5.6,35.8
2026-04-10 15:00,20.8,385,7.6,42.5
2026-04-10 16:00,20,130,7.7,45.1
2026-04-10 17:00,19.7,50,8.6,48.6
2026-04-10 18:00,18.3,5,8.9,54.1
2026-04-10 19:00,17.2,1,8.6,57.1
2026-04-10 20:00,16.2,1,8.4,59.9
2026-04-10 21:00,14.9,1,8.2,64.3
2026-04-10 22:00,14,1,8,67
2026-04-10 23:00,13.3,1,7.9,69.7
2026-04-11 00:00,12.4,1,7.7,73.1
2026-04-11 01:00,12.1,1,7.5,73.7
2026-04-11 02:00,11.3,1,7.4,76.8
2026-04-11 03:00,10.8,1,7.3,78.9
2026-04-11 04:00,10.4,2,6.7,77.4
2026-04-11 05:00,10.4,39,6,73.8
2026-04-11 06:00,11.9,210,8.1,77.9
2026-04-11 07:00,13.1,397,9.5,79.2
2026-04-11 08:00,14.1,559,8.5,68.8
2026-04-11 09:00,15,696,9.1,67.7
2026-04-11 10:00,15.9,785,8.2,59.9
2026-04-11 11:00,17.5,820,7.5,52.1
2026-04-11 12:00,18,364,7.2,49.5
2026-04-11 13:00,19.5,364,8,47.3
2026-04-11 14:00,18.7,191,8.8,52.9
2026-04-11 15:00,17.5,104,9,57.7
2026-04-11 16:00,19.4,80,7.9,47.7
2026-04-11 17:00,19,38,8.1,49.2
2026-04-11 18:00,18.4,3,6.6,45.9
2026-04-11 19:00,18.2,1,7.1,48.3
2026-04-11 20:00,17.1,1,8.6,57.2
2026-04-11 21:00,16.7,1,8.7,59.1
2026-04-11 22:00,15.5,1,9.3,66.8
2026-04-11 23:00,14.9,1,8.4,65.3
2026-04-12 00:00,12.9,2,7.7,70.7
2026-04-12 01:00,11.4,1,8.2,80.8
2026-04-12 02:00,10.8,1,8.3,84.7
2026-04-12 03:00,10.3,1,9.4,94.1
2026-04-12 04:00,10.2,1,9.8,97.8
2026-04-12 05:00,10.2,7,10.2,100
2026-04-12 06:00,10.1,21,10.1,100
2026-04-12 07:00,10,53,10,99.9
2026-04-12 08:00,10.2,78,10.2,99.9
2026-04-12 09:00,10.9,92,9.6,91.3
2026-04-12 10:00,11.2,112,9.4,89.1
2026-04-12 11:00,11.3,82,8.8,84.4
2026-04-12 12:00,11.3,61,8.3,81.8
2026-04-12 13:00,11.1,63,7.8,79.7
2026-04-12 14:00,11.1,96,7.6,78.8
2026-04-12 15:00,11,120,7.9,81.3
2026-04-12 16:00,10.5,70,7.4,81.3
2026-04-12 17:00,9.8,21,6.9,82.5
2026-04-12 18:00,9.2,2,6.7,84.6
2026-04-12 19:00,8.8,1,6.6,85.7
2026-04-12 20:00,8.7,1,6.4,85.5
2026-04-12 21:00,8.4,1,6.3,86.1
2026-04-12 22:00,8.3,1,6.2,86.6
2026-04-12 23:00,8.3,1,6.1,85.6
2026-04-13 00:00,8.2,1,6.3,87.5
2026-04-13 01:00,8.2,1,6.3,87.7
2026-04-13 02:00,8.3,1,6.3,87.7
2026-04-13 03:00,8.2,1,6.8,91
2026-04-13 04:00,8.3,1,6.8,90.4
2026-04-13 05:00,8.3,6,7,91.1
2026-04-13 06:00,8.3,28,7.5,94.9
2026-04-13 07:00,8.5,47,7.2,91.6
2026-04-13 08:00,8.9,63,7.1,88.3
2026-04-13 09:00,9.3,88,7.1,86.2
2026-04-13 10:00,9.5,109,7.4,86.8
2026-04-13 11:00,9.6,102,7.7,88.3
2026-04-13 12:00,9.3,110,7.4,87.6
2026-04-13 13:00,9.5,132,7,84.8
2026-04-13 14:00,9,72,5.8,80.9
2026-04-13 15:00,8.4,46,5.2,80
2026-04-13 16:00,7.9,43,4.6,79.2
2026-04-13 17:00,7.6,13,4.3,79.9
2026-04-13 18:00,7.2,1,4.5,82.4
2026-04-13 19:00,6.9,1,4.3,83.5
2026-04-13 20:00,6.7,1,4.5,86.1
2026-04-13 21:00,6.6,1,4.4,86.1
2026-04-13 22:00,6.6,1,4.3,85.6
2026-04-13 23:00,6.5,1,4.9,89.1
2026-04-14 00:00,6.5,1,4.4,87
2026-04-14 01:00,6.5,1,4.5,87
2026-04-14 02:00,6.7,1,4.3,84.4
2026-04-14 03:00,6.7,1,3.8,81.8
2026-04-14 04:00,6.7,2,3.8,81.9
2026-04-14 05:00,7.2,66,3.7,78.4
2026-04-14 06:00,8.1,293,3.7,73.6
2026-04-14 07:00,9,471,3.8,70
2026-04-14 08:00,9.8,541,4.3,68.5
2026-04-14 09:00,9.9,366,4.5,69
2026-04-14 10:00,11.2,790,4.6,64
2026-04-14 11:00,11.5,604,4.5,62.1
2026-04-14 12:00,11.7,474,4.4,61
2026-04-14 13:00,11.6,259,4.1,59.7
2026-04-14 14:00,11.3,173,4.1,61.1
2026-04-14 15:00,11.1,118,4.2,62.4
2026-04-14 16:00,10.9,61,4.6,65
2026-04-14 17:00,10.5,18,5,68.8
2026-04-14 18:00,10.2,2,5.2,70.9
2026-04-14 19:00,10.1,1,5.1,71.3
2026-04-14 20:00,10.1,1,5,70.8
2026-04-14 21:00,10,1,4.9,70.4
2026-04-14 22:00,9.6,1,4.9,72.3
2026-04-14 23:00,9,1,5,75.8
2026-04-15 00:00,8.9,1,5.2,77.6
2026-04-15 01:00,8.9,1,5.3,78
2026-04-15 02:00,8.9,1,5.2,77.2
2026-04-15 03:00,8.6,1,5.2,79.1
2026-04-15 04:00,8.5,2,5.2,79.9
2026-04-15 05:00,8.8,17,5.4,79
2026-04-15 06:00,9.2,71,5.6,78.4
2026-04-15 07:00,9.8,155,5.8,75.8
2026-04-15 08:00,10,336,6,76.1
2026-04-15 09:00,10.6,607,6.2,74.3
2026-04-15 10:00,11.2,901,6.4,72.2
2026-04-15 11:00,12,886,6.6,69.2
2026-04-15 12:00,12.9,740,6.6,65.5
2026-04-15 13:00,13.7,742,5.8,58.9
2026-04-15 14:00,14.1,616,5.5,56.4
2026-04-15 15:00,14.4,413,5.4,54.7
2026-04-15 16:00,15,276,5.6,53.2
2026-04-15 17:00,14,91,5.8,57.6
2026-04-15 18:00,13.1,4,6.3,63.5
2026-04-15 19:00,13.4,1,6.9,64.7
2026-04-15 20:00,12.9,1,6.7,66.1
2026-04-15 21:00,12.4,1,6.4,66.8
2026-04-15 22:00,12.3,1,6.8,69.1
2026-04-15 23:00,11.9,1,7,71.6
2026-04-16 00:00,11.7,1,6.7,71.5
2026-04-16 01:00,11.1,1,6.7,74.3
2026-04-16 02:00,10.2,1,6.2,76.3
2026-04-16 03:00,10,1,6,75.8
2026-04-16 04:00,9.5,3,5.7,77.3
2026-04-16 05:00,9.4,51,6.1,79.8
2026-04-16 06:00,11.1,255,7,75.8
2026-04-16 07:00,11.3,426,7.9,79.4
2026-04-16 08:00,12.6,596,7.5,70.8
2026-04-16 09:00,13.4,749,7.5,67.7
2026-04-16 10:00,14.6,783,7.4,61.9
2026-04-16 11:00,15.4,867,7.8,60.7
2026-04-16 12:00,16.7,862,7.4,54.4
2026-04-16 13:00,17.4,742,6.6,48.8
2026-04-16 14:00,17.9,659,5.4,43.8
2026-04-16 15:00,18.5,463,4.5,39.5
2026-04-16 16:00,18.6,176,3.8,37.5
2026-04-16 17:00,18.6,111,2.8,34.9
2026-04-16 18:00,16.7,8,4,42.9
2026-04-16 19:00,15.9,1,5.3,49.2
2026-04-16 20:00,15.5,1,5.1,50.1
2026-04-16 21:00,14.3,1,5.3,54.7
2026-04-16 22:00,13.1,1,5.7,60.7
2026-04-16 23:00,12.2,1,5.4,63.4
2026-04-17 00:00,11.9,1,5.2,63.8
2026-04-17 01:00,11.2,1,5,65.7
2026-04-17 02:00,10.5,1,5,68.9
2026-04-17 03:00,9.9,1,5,71.8
2026-04-17 04:00,9.6,5,5.1,73.6
2026-04-17 05:00,10,72,5.4,72.9
2026-04-17 06:00,11.6,240,6.6,71.2
2026-04-17 07:00,12,377,7.6,74.2
2026-04-17 08:00,12.9,546,7,67.4
2026-04-17 09:00,13.6,641,6.5,62.1
2026-04-17 10:00,14,690,6.4,60.2
2026-04-17 11:00,15.1,753,7.1,58.4
2026-04-17 12:00,16.4,810,7.6,56.1
2026-04-17 13:00,17.8,693,8,52.4
2026-04-17 14:00,18.5,582,7.7,49.3
2026-04-17 15:00,19.3,445,5.8,41.5
2026-04-17 16:00,19.5,277,5.2,38.9
2026-04-17 17:00,19.3,92,4.2,36.8
2026-04-17 18:00,17.5,6,6.7,49.3
2026-04-17 19:00,16.4,1,6.6,52
2026-04-17 20:00,16,1,6.2,52.3
2026-04-17 21:00,15.2,1,6.1,54.5
2026-04-17 22:00,14.2,1,6,57.7
2026-04-17 23:00,13.3,1,6.3,62.4
2026-04-18 00:00,12.8,1,6.2,64.5
2026-04-18 01:00,12.3,1,6,65.4
2026-04-18 02:00,11.8,1,5.8,66.9
2026-04-18 03:00,11.3,1,5.8,68.6
2026-04-18 04:00,11,5,5.6,69.4
2026-04-18 05:00,11,64,6.1,71.4
2026-04-18 06:00,12.7,257,7.2,69
2026-04-18 07:00,13.6,435,8.3,70.2
2026-04-18 08:00,14.3,603,7.6,64.2
2026-04-18 09:00,15.1,742,7.1,58.5
2026-04-18 10:00,16.1,833,7.3,55.8
2026-04-18 11:00,17.4,857,7.2,51.2
2026-04-18 12:00,19.1,792,7.7,47.5
2026-04-18 13:00,19.6,644,8.5,48.7
2026-04-18 14:00,20.3,619,8,45.2
2026-04-18 15:00,20.7,414,5.2,36.2
2026-04-18 16:00,20.6,121,3.6,32.7
2026-04-18 17:00,19.9,64,4.6,36.7
2026-04-18 18:00,18.9,4,7.4,47.1
2026-04-18 19:00,18.5,1,7.4,48.6
2026-04-18 20:00,17,1,7.8,54.6
2026-04-18 21:00,16.3,1,7.8,57.2
2026-04-18 22:00,16,1,7.6,57.6
2026-04-18 23:00,15.1,2,7.7,61.2
2026-04-19 00:00,14.4,1,7.6,63.4
2026-04-19 01:00,14.3,1,7.6,64.2
2026-04-19 02:00,14.1,1,7.4,63.8
2026-04-19 03:00,13.6,1,7.6,66.7
2026-04-19 04:00,13.5,2,7.8,68.4
2026-04-19 05:00,14,41,8.2,68.1
2026-04-19 06:00,14.3,68,9.1,70.9
2026-04-19 07:00,15.5,383,10.4,71.9
2026-04-19 08:00,16.6,515,9.4,62.8
2026-04-19 09:00,17.7,653,8.7,55.5
2026-04-19 10:00,18.3,837,8.9,54.4
2026-04-19 11:00,19.7,946,8.3,47.5
2026-04-19 12:00,20.5,859,8,44.5
2026-04-19 13:00,20.5,734,8.3,45.3
2026-04-19 14:00,19.9,640,7.2,43.7
2026-04-19 15:00,19.3,487,5.9,41.3
2026-04-19 16:00,18.1,177,3.9,39
2026-04-19 17:00,17.3,63,3,38.6
2026-04-19 18:00,15.9,7,3.1,42.1
2026-04-19 19:00,14.4,1,3.9,49.1
2026-04-19 20:00,13.4,1,3.5,51.3
2026-04-19 21:00,12.8,1,2.6,49.8
2026-04-19 22:00,12.5,1,2.2,49.5
2026-04-19 23:00,11.9,1,2.6,52.9
2026-04-20 00:00,11.4,1,2.5,54.1
2026-04-20 01:00,10.6,1,1.6,53.6
2026-04-20 02:00,10,1,1.6,56.1
2026-04-20 03:00,9.6,1,1.8,58.2
2026-04-20 04:00,9.1,6,2,60.7
2026-04-20 05:00,9.1,71,2,61.3
2026-04-20 06:00,10.5,232,2.5,57.7
2026-04-20 07:00,11,360,4.1,62.5
2026-04-20 08:00,11.7,635,5,63.3
2026-04-20 09:00,12.4,769,4.8,59.9
2026-04-20 10:00,13.2,832,4.7,56.1
2026-04-20 11:00,14.4,857,5,53.5
2026-04-20 12:00,15.2,765,4.7,49.4
2026-04-20 13:00,16.2,660,4.3,45
2026-04-20 14:00,16.6,526,3.8,42.6
2026-04-20 15:00,16.8,354,3,39.5
2026-04-20 16:00,17.1,249,3.4,40.1
2026-04-20 17:00,17,104,1.5,35.2
2026-04-20 18:00,15.1,9,1.8,40.5
2026-04-20 19:00,13.7,1,1.8,44.5
2026-04-20 20:00,13.2,1,-0.5,39.1
2026-04-20 21:00,12.6,1,-0.8,39.7
2026-04-20 22:00,12.1,1,-0.3,42.4
2026-04-20 23:00,11.9,1,0.1,44.3
2026-04-21 00:00,10.9,1,0.4,48.4
2026-04-21 01:00,9.6,1,0.7,53.6
2026-04-21 02:00,8.9,1,0.7,56.7
2026-04-21 03:00,8.2,1,0.6,58.6
2026-04-21 04:00,7.5,5,0.6,61.9
2026-04-21 05:00,7.6,84,0.3,59.8
2026-04-21 06:00,9.2,280,0.5,54.3
2026-04-21 07:00,10.4,458,1.5,53.9
2026-04-21 08:00,10.6,630,2.6,57.8
2026-04-21 09:00,11.3,770,2.6,54.9
2026-04-21 10:00,12.1,857,2.5,52.1
2026-04-21 11:00,13.4,882,2.9,48.9
2026-04-21 12:00,14.5,844,3.5,47.6
2026-04-21 13:00,15.6,776,3.5,44.2
2026-04-21 14:00,17.2,650,1.4,34.5
2026-04-21 15:00,17.5,479,0,30.6
2026-04-21 16:00,16.9,295,0,31.8
2026-04-21 17:00,15.6,107,0,34.5
2026-04-21 18:00,13.9,10,-0.8,36.5
2026-04-21 19:00,12.8,1,-1.5,37.1
2026-04-21 20:00,11.7,1,-1.2,40.6
2026-04-21 21:00,10.6,1,-1,44.6
2026-04-21 22:00,9.6,1,-0.9,48.1
2026-04-21 23:00,8.7,1,-0.5,52.7
2026-04-22 00:00,7.8,1,0.5,59.6
2026-04-22 01:00,7.4,1,0.8,62.6
2026-04-22 02:00,6.8,1,0.9,66
2026-04-22 03:00,5.9,1,1.1,71.2
2026-04-22 04:00,5.5,6,1.1,73.4
2026-04-22 05:00,5.7,89,1.2,72.6
2026-04-22 06:00,7.2,294,1.3,66.5
2026-04-22 07:00,8.6,468,1.7,61.8
2026-04-22 08:00,8.9,640,2.3,63
2026-04-22 09:00,9.6,786,2.8,62.7
2026-04-22 10:00,10.7,867,3.1,59.1
2026-04-22 11:00,12.3,889,3.6,55.4
2026-04-22 12:00,14,850,4.7,53.3
2026-04-22 13:00,15.8,779,5,48.6
2026-04-22 14:00,17.2,662,4.5,43
2026-04-22 15:00,18,469,2.4,35.2
2026-04-22 16:00,17.4,293,1.3,33.6
2026-04-22 17:00,16,99,0.3,34.2
2026-04-22 18:00,14.4,8,-1.2,34.1
2026-04-22 19:00,13.6,1,-1.9,34.2
2026-04-22 20:00,12.5,1,-2.4,35.4
2026-04-22 21:00,11.8,1,-2.7,36.2
2026-04-22 22:00,10.8,1,-2.6,39
2026-04-22 23:00,10.1,1,-2.7,40.8
2026-04-23 00:00,9.3,1,-2.6,43.1
2026-04-23 01:00,8.5,1,-2.3,46.5
2026-04-23 02:00,8.1,1,-2.4,47.5
2026-04-23 03:00,7.6,1,-2.5,48.5
2026-04-23 04:00,7.6,6,-2.5,49.1
2026-04-23 05:00,7.8,89,-2,50.1
2026-04-23 06:00,9.4,291,-0.8,49
2026-04-23 07:00,10,468,1.4,55
2026-04-23 08:00,10.6,641,0.8,50.9
2026-04-23 09:00,11.3,784,1.3,50
2026-04-23 10:00,12.2,870,0.8,45.5
2026-04-23 11:00,13.7,886,1.4,43.4
2026-04-23 12:00,14.9,855,2.1,41.8
2026-04-23 13:00,16.5,789,2.5,38.9
2026-04-23 14:00,17.6,663,2.7,36.8
2026-04-23 15:00,18.4,495,1.8,33
2026-04-23 16:00,18.2,313,2.1,33.9
2026-04-23 17:00,18.6,120,0,28.7
2026-04-23 18:00,17.1,12,-3.9,23.5
2026-04-23 19:00,16.1,1,-5.6,22
2026-04-23 20:00,15.7,1,-5.3,23.1
2026-04-23 21:00,13.8,2,-3.9,29
2026-04-23 22:00,12.1,1,-3.5,33.6
2026-04-23 23:00,11.8,1,-3.1,35.2
2026-04-24 00:00,10.7,1,-2.6,39.3
2026-04-24 01:00,10.7,1,-1.9,41.6
2026-04-24 02:00,10,1,-0.9,46.9
2026-04-24 03:00,9.8,1,-1.9,44
2026-04-24 04:00,9.2,6,-1.9,45.8
2026-04-24 05:00,9.5,94,-0.6,49.3
2026-04-24 06:00,11.6,300,1,48.2
2026-04-24 07:00,11.9,475,2.5,52.5
2026-04-24 08:00,13.1,645,1.1,44
2026-04-24 09:00,14,783,1.5,42.6
2026-04-24 10:00,14.7,859,2.5,43.7
2026-04-24 11:00,15.2,891,2.5,42.3
2026-04-24 12:00,16.8,856,2.8,39
2026-04-24 13:00,17.9,799,2.4,35.5
2026-04-24 14:00,18.8,679,1.9,32.3
2026-04-24 15:00,19.5,510,1.9,30.9
2026-04-24 16:00,19.5,319,1.2,29.5
2026-04-24 17:00,19.4,121,0.9,29
2026-04-24 18:00,17.5,12,2.5,36.7
2026-04-24 19:00,16.5,1,0.5,33.7
2026-04-24 20:00,15.5,1,-0.4,33.8
2026-04-24 21:00,14.2,1,-1.4,34
2026-04-24 22:00,13.4,1,-1.4,36
2026-04-24 23:00,12.7,1,-1.2,38.3
2026-04-25 00:00,12.1,1,-0.7,41.1
2026-04-25 01:00,11.2,1,0.2,46.6
2026-04-25 02:00,11,1,0.9,49.9
2026-04-25 03:00,10.4,1,1.2,52.9
2026-04-25 04:00,10,7,1.5,55.7
2026-04-25 05:00,10.4,101,2.2,56.8
2026-04-25 06:00,12.3,302,5.9,64.9
2026-04-25 07:00,13.3,475,6.3,62.8
2026-04-25 08:00,14.1,645,6.3,59.2
2026-04-25 09:00,15.6,788,4.2,46.6
2026-04-25 10:00,16.7,869,3.8,42.3
2026-04-25 11:00,17.9,890,2.8,36.4
2026-04-25 12:00,18.8,855,2.9,34.6
2026-04-25 13:00,19.9,786,1.4,29.1
2026-04-25 14:00,21.2,665,1.3,26.7
2026-04-25 15:00,21.7,494,1.3,26
2026-04-25 16:00,22,311,0.3,23.6
2026-04-25 17:00,21.8,120,0.8,24.9
2026-04-25 18:00,20.4,11,0.6,26.6
2026-04-25 19:00,18.4,1,0.6,30.2
2026-04-25 20:00,17,1,1.4,35
2026-04-25 21:00,16.7,1,1,34.6
2026-04-25 22:00,16.6,1,0,32.3
2026-04-25 23:00,16,1,-0.3,33
2026-04-26 00:00,14.6,2,0.1,37.1
2026-04-26 01:00,13.3,1,1.4,44.3
2026-04-26 02:00,12.4,1,1.4,47
2026-04-26 03:00,11.9,1,1.2,48
2026-04-26 04:00,11.4,10,1,48.8
2026-04-26 05:00,12.2,119,2.4,51.6
2026-04-26 06:00,13.5,304,4.7,55.4
2026-04-26 07:00,14,504,4.6,53.4
2026-04-26 08:00,14.3,546,4.3,51.2
2026-04-26 09:00,15.4,637,3.9,46
2026-04-26 10:00,16.7,880,3.9,42.5
2026-04-26 11:00,17.7,861,4.1,40.6
2026-04-26 12:00,19.1,862,4.2,37.3
2026-04-26 13:00,20.3,795,4.3,34.8
2026-04-26 14:00,20.8,666,3.4,31.9
2026-04-26 15:00,21.7,498,2.9,29.1
2026-04-26 16:00,22,320,1.9,26.6
2026-04-26 17:00,21.7,126,0.6,24.5
2026-04-26 18:00,19.4,13,0.6,28.3
2026-04-26 19:00,18.3,1,0.1,29.3
2026-04-26 20:00,17.8,1,-0.1,29.8
2026-04-26 21:00,16.9,1,1,34.1
2026-04-26 22:00,15.8,1,1.3,37.4
2026-04-26 23:00,14,1,2.5,45.9
2026-04-27 00:00,13.4,1,2.8,48.7
2026-04-27 01:00,12.7,1,0.4,42.8
2026-04-27 02:00,12.2,2,0.2,44.1
2026-04-27 03:00,11.6,1,0.1,45.1
2026-04-27 04:00,11.2,10,0.1,46.2
2026-04-27 05:00,11.7,111,1.2,48.3
2026-04-27 06:00,12.9,314,4.8,57.9
2026-04-27 07:00,13.7,483,5.7,58.6
2026-04-27 08:00,14.7,650,4.6,50.6
2026-04-27 09:00,15.7,783,5.6,51.2
2026-04-27 10:00,16.3,853,5.7,49.3
2026-04-27 11:00,17.7,877,4.7,42
2026-04-27 12:00,19,862,5,39.6
2026-04-27 13:00,20,781,4.7,36.5
2026-04-27 14:00,20.6,646,4.8,35.4
2026-04-27 15:00,21,426,3.9,32.4
2026-04-27 16:00,21.5,300,2.1,27.8
2026-04-27 17:00,21,126,1.9,28.3
2026-04-27 18:00,18.9,15,4.7,39.1
2026-04-27 19:00,17.4,1,4.2,41.3
2026-04-27 20:00,16.3,1,3.6,42.7
2026-04-27 21:00,15.1,1,3.1,44.4
2026-04-27 22:00,14.5,1,2.6,44.8
2026-04-27 23:00,13.6,1,3.3,49.8
2026-04-28 00:00,13,1,4.1,54.8
2026-04-28 01:00,13,1,4,54.5
2026-04-28 02:00,12.2,1,3.9,56.6
2026-04-28 03:00,12.3,1,3.9,56.6
2026-04-28 04:00,12.6,4,5,59.9
2026-04-28 05:00,13,52,6.8,65.7
2026-04-28 06:00,14.2,129,7.8,65.1
2026-04-28 07:00,14.4,186,7.2,62.2
2026-04-28 08:00,14.3,229,7,61.7
2026-04-28 09:00,14.6,275,8.2,65.5
2026-04-28 10:00,14.6,198,8.5,66.8
2026-04-28 11:00,15.6,336,8.3,61.8
2026-04-28 12:00,15.7,244,5.7,51.6
2026-04-28 13:00,16.1,180,6.2,51.9
2026-04-28 14:00,16.8,323,7.3,53.5
2026-04-28 15:00,16.8,98,7.7,55
2026-04-28 16:00,15.4,31,9.3,67.6
2026-04-28 17:00,13.9,16,11.5,85.8
2026-04-28 18:00,13.4,4,12.2,92.2
2026-04-28 19:00,13,1,12.6,97.3
2026-04-28 20:00,12.6,1,12.6,99.9
2026-04-28 21:00,12.6,1,12.6,99.9
2026-04-28 22:00,12.5,1,12.5,100
2026-04-28 23:00,12.5,1,12.2,98
2026-04-29 00:00,12.4,1,12.4,99.6
2026-04-29 01:00,12.4,1,11.7,95.8
2026-04-29 02:00,12.5,1,12,97.3
2026-04-29 03:00,12.1,1,11.6,96.8
2026-04-29 04:00,12.3,8,11.7,96.7
2026-04-29 05:00,12.7,65,11.9,95
2026-04-29 06:00,13.3,108,11.9,91.2
2026-04-29 07:00,14,221,11,82.1
2026-04-29 08:00,15.1,474,10.8,75.4
2026-04-29 09:00,15.7,578,11,73.8
2026-04-29 10:00,15.5,702,11.5,77.1
2026-04-29 11:00,16.3,846,11.3,72.1
2026-04-29 12:00,17.1,823,11.3,68.5
2026-04-29 13:00,17.8,769,11.2,65
2026-04-29 14:00,19.4,479,9.9,54.2
2026-04-29 15:00,19.5,450,9.5,52.4
2026-04-29 16:00,19.2,276,9.2,52.4
2026-04-29 17:00,18.5,105,8.4,51.8
2026-04-29 18:00,17.4,13,7.5,51.8
2026-04-29 19:00,16.8,1,7.1,52.6
2026-04-29 20:00,16,1,6.4,52.8
2026-04-29 21:00,15.1,1,4.9,50.4
2026-04-29 22:00,14.2,1,3,46.7
2026-04-29 23:00,13.6,1,2.1,45.8
2026-04-30 00:00,12.6,1,1.8,47.4
2026-04-30 01:00,11.8,1,1.2,48.2
2026-04-30 02:00,11.1,1,0.6,48.3
2026-04-30 03:00,10.9,1,0.3,47.7
2026-04-30 04:00,10.9,8,0.1,46.9
2026-04-30 05:00,10.5,52,0.2,48.7
2026-04-30 06:00,11.2,278,0.9,48.9
2026-04-30 07:00,12.3,312,1.1,46.4
2026-04-30 08:00,13.6,638,2.9,48.7
2026-04-30 09:00,13.7,787,3.2,49.2
2026-04-30 10:00,14.3,862,3.5,48.2
2026-04-30 11:00,15.2,881,4,47.2
2026-04-30 12:00,16.4,850,4.4,45
2026-04-30 13:00,17.6,790,5.4,44.5
2026-04-30 14:00,18.2,666,6.1,45
2026-04-30 15:00,19.3,498,6.9,44.6
2026-04-30 16:00,20,315,6.9,42.9
2026-04-30 17:00,19.4,126,4,36.1
2026-04-30 18:00,17.6,15,2.5,36.4
2026-04-30 19:00,16.3,1,1,35.5
2026-04-30 20:00,15.4,1,-0.3,34.3
2026-04-30 21:00,14.3,1,-1.2,34.5
2026-04-30 22:00,13.3,1,-2.1,34.3
2026-04-30 23:00,12.6,1,-2.7,34.5
2026-05-01 00:00,11.7,1,-3,35.6
2026-05-01 01:00,11.1,1,-3.3,36.3
2026-05-01 02:00,10.2,1,-2.8,40.3
2026-05-01 03:00,9.7,1,-2.5,42.1
2026-05-01 04:00,9.4,9,-2.7,42.7
2026-05-01 05:00,10,121,-1.2,45.5
2026-05-01 06:00,11.9,317,1.6,49.1
2026-05-01 07:00,12.2,489,2.1,50.1
2026-05-01 08:00,13,658,1.1,44.2
2026-05-01 09:00,14,795,2,44.4
2026-05-01 10:00,15.2,876,2.3,41.8
2026-05-01 11:00,16.1,902,2.5,39.9
2026-05-01 12:00,17.9,876,4.4,40.9
2026-05-01 13:00,19.1,806,4.9,39
2026-05-01 14:00,19.3,678,6.1,41.9
2026-05-01 15:00,19.5,498,6.9,44
2026-05-01 16:00,20,303,6.4,41.2
2026-05-01 17:00,19.1,95,7.3,46.4
2026-05-01 18:00,17.8,16,8.1,52.8
2026-05-01 19:00,16.8,1,7.7,55.1
2026-05-01 20:00,16.1,1,6.9,54.4
2026-05-01 21:00,15.5,1,6.4,54.6
2026-05-01 22:00,14.7,1,6.4,57.5
2026-05-01 23:00,14.6,1,6.6,58.8
2026-05-02 00:00,14.2,1,6.8,61.2
2026-05-02 01:00,14,1,7.3,63.7
2026-05-02 02:00,13.4,1,7.8,68.6
2026-05-02 03:00,13.1,1,7.8,69.9
2026-05-02 04:00,12.7,11,7.8,71.7
2026-05-02 05:00,13.2,101,8.2,71.5
2026-05-02 06:00,15.3,315,8.5,64
2026-05-02 07:00,15.9,479,8.2,60.2
2026-05-02 08:00,16.9,651,6.9,51.9
2026-05-02 09:00,17.8,756,7.3,50.1
2026-05-02 10:00,17.9,864,7.7,51.3
2026-05-02 11:00,19.5,853,8.5,49.2
2026-05-02 12:00,20.5,742,8.5,46.1
2026-05-02 13:00,21.5,687,8.1,42.2
2026-05-02 14:00,22.3,600,7.2,37.8
2026-05-02 15:00,22.5,499,7.9,39.2
2026-05-02 16:00,22.4,237,5.7,33.9
2026-05-02 17:00,21.8,118,6.2,36.4
2026-05-02 18:00,20.8,25,5.9,37.9
2026-05-02 19:00,19.5,1,7.6,45.9
2026-05-02 20:00,19,1,7.6,47.5
2026-05-02 21:00,18.2,1,6.5,46.3
2026-05-02 22:00,17.7,1,5.5,44.8
2026-05-02 23:00,16.9,1,5.4,46.5
2026-05-03 00:00,16.3,1,5.4,48.5
2026-05-03 01:00,15.2,1,5.3,51.8
2026-05-03 02:00,14.7,1,5.4,53.7
2026-05-03 03:00,14.4,1,5.2,54.1
2026-05-03 04:00,14.1,8,4.9,53.8
2026-05-03 05:00,14.4,61,5.2,54
2026-05-03 06:00,15.1,197,5.8,53.8
2026-05-03 07:00,15.3,287,6.5,55.8
2026-05-03 08:00,16.4,550,6.6,52.3
2026-05-03 09:00,16.9,676,6,48.6
2026-05-03 10:00,18.7,642,3.8,37.3
2026-05-03 11:00,18.5,590,4.4,39.3
2026-05-03 12:00,18.4,257,3.2,36.5
2026-05-03 13:00,18,248,4.1,39.7
2026-05-03 14:00,17.2,214,6.1,48
2026-05-03 15:00,17.1,188,5.7,47.1
2026-05-03 16:00,15.7,77,7.1,56.7
2026-05-03 17:00,15.1,75,7.8,61.8
2026-05-03 18:00,15.3,9,6.7,56.7
2026-05-03 19:00,14,2,7.6,65.2
2026-05-03 20:00,13,1,7.2,67.9
2026-05-03 21:00,13.4,1,7.3,66.6
2026-05-03 22:00,13.3,1,7.5,67.8
2026-05-03 23:00,13.2,1,7.3,67.2
2026-05-04 00:00,13,1,7.4,68.9
2026-05-04 01:00,13,1,7.8,70.7
2026-05-04 02:00,12.8,1,8.6,75.6
2026-05-04 03:00,12.7,1,9.4,80.1
2026-05-04 04:00,12.5,6,9,79.3
2026-05-04 05:00,13.1,34,8.8,75.3
2026-05-04 06:00,13.3,129,10.3,82.1
2026-05-04 07:00,14,228,9.8,75.9
2026-05-04 08:00,14,252,10.1,77.4
2026-05-04 09:00,14.3,248,9.8,74.1
2026-05-04 10:00,14.4,288,9.7,73.2
2026-05-04 11:00,13.8,158,10.4,79.7
2026-05-04 12:00,13.2,156,11.4,88.4
2026-05-04 13:00,12.1,75,11.7,96.8
2026-05-04 14:00,12,111,11.2,94.9
2026-05-04 15:00,12.3,133,10,86.1
2026-05-04 16:00,12.2,91,9.5,83.6
2026-05-04 17:00,12,44,9.6,85.8
2026-05-04 18:00,11.8,11,9.9,88.4
2026-05-04 19:00,11.2,1,10.7,96.6
2026-05-04 20:00,10.9,1,10.2,95.3
2026-05-04 21:00,10.3,1,9.5,94.2
2026-05-04 22:00,10.7,1,9,89.6
2026-05-04 23:00,11,1,9.3,89.5
2026-05-05 00:00,11.1,1,10.2,94.3
2026-05-05 01:00,11.1,1,10.7,97.7
2026-05-05 02:00,10.8,1,10.7,99.9
2026-05-05 03:00,10.8,1,10.8,99.9
2026-05-05 04:00,10.9,3,10.9,99.9
2026-05-05 05:00,11,21,11,99.9
2026-05-05 06:00,11.4,87,11.4,99.9
2026-05-05 07:00,12.1,118,12.1,100
2026-05-05 08:00,12.6,230,12.6,99.8
2026-05-05 09:00,13.4,558,11.1,85.9
2026-05-05 10:00,13.7,355,9.7,76.5
2026-05-05 11:00,12.7,114,10.2,84.5
2026-05-05 12:00,13,278,10.9,86.8
2026-05-05 13:00,13.2,178,10.3,82.7
2026-05-05 14:00,13.8,336,10.5,80.3
2026-05-05 15:00,15.2,624,10.2,72.1
2026-05-05 16:00,14.9,194,9.9,72
2026-05-05 17:00,13.2,25,11.9,92.1
2026-05-05 18:00,12.7,9,11.7,93.5
2026-05-05 19:00,12.3,1,10.3,87.3
2026-05-05 20:00,12.3,0,10.5,89
2026-05-05 21:00,12.1,1,9.9,86.5
2026-05-05 22:00,11.4,1,9.8,90.1
2026-05-05 23:00,11,1,10.2,95
2026-05-06 00:00,10.8,1,10.1,95.3
2026-05-06 01:00,10.4,1,9.7,95.8
2026-05-06 02:00,10.2,1,9.3,94.3
2026-05-06 03:00,9.8,1,8.5,92.2
2026-05-06 04:00,9.9,9,8.6,91.7
2026-05-06 05:00,10.5,41,9.2,91.4
2026-05-06 06:00,11.2,42,9.7,90.1
2026-05-06 07:00,10.6,37,10.4,98.6
2026-05-06 08:00,10.3,40,10.3,99.9
2026-05-06 09:00,9.9,73,9.1,94.1
2026-05-06 10:00,10.3,330,8.6,89.2
2026-05-06 11:00,10.5,229,7.6,82.2
2026-05-06 12:00,10.6,150,8.4,86
2026-05-06 13:00,12,499,7.1,72.1
2026-05-06 14:00,12.4,362,6.8,68.7
2026-05-06 15:00,13.1,482,6.6,64.8
2026-05-06 16:00,13,285,6.3,63.7
2026-05-06 17:00,12.8,78,6,63
2026-05-06 18:00,12.3,5,6.6,68.4
2026-05-06 19:00,11,1,7.8,80.6
2026-05-06 20:00,10.9,1,8.3,83.7
2026-05-06 21:00,11,1,7.8,80.8
2026-05-06 22:00,10.4,1,7.8,83.4
2026-05-06 23:00,10.3,1,8.2,87.2
2026-05-07 00:00,10.1,1,7.6,84.1
2026-05-07 01:00,9.5,1,7.1,85
2026-05-07 02:00,8.8,1,7.1,88.5
2026-05-07 03:00,9.2,1,7.6,89.8
2026-05-07 04:00,9.6,6,7.9,89
2026-05-07 05:00,10.2,55,8,86.3
2026-05-07 06:00,11,205,7.9,81.2
2026-05-07 07:00,12.3,504,8.3,76.3
2026-05-07 08:00,12.9,650,8.5,74.6
2026-05-07 09:00,13.6,804,7.9,68.4
2026-05-07 10:00,14.6,912,6.9,60
2026-05-07 11:00,15.1,928,6.5,56.5
2026-05-07 12:00,15.6,909,5.7,51.6
2026-05-07 13:00,16.4,844,5.3,47.9
2026-05-07 14:00,16.8,720,4.6,44.2
2026-05-07 15:00,17.2,557,6.1,47.8
2026-05-07 16:00,17.7,305,6.3,47.1
2026-05-07 17:00,17.3,239,6.5,48.9
2026-05-07 18:00,15.4,41,6.3,54.7
2026-05-07 19:00,13.9,1,6.6,61.4
2026-05-07 20:00,13.4,1,6.2,61.6
2026-05-07 21:00,13.2,1,6.5,63.8
2026-05-07 22:00,12.6,1,6.8,68.1
2026-05-07 23:00,12,1,7,71.6
2026-05-08 00:00,11.3,1,7,74.5
2026-05-08 01:00,10.8,1,6.9,77.2
2026-05-08 02:00,10.5,1,7.1,79.3
2026-05-08 03:00,10.6,1,7.2,79.4
2026-05-08 04:00,11,14,7.1,76.8
2026-05-08 05:00,11.5,80,7.2,74.8
2026-05-08 06:00,12.5,280,8.1,74.5
2026-05-08 07:00,13.5,571,8.7,72.4
2026-05-08 08:00,13.8,670,8.1,68.3
2026-05-08 09:00,14.4,811,8.3,66.6
2026-05-08 10:00,15.3,877,8.5,63.7
2026-05-08 11:00,16.4,905,9.5,63.4
2026-05-08 12:00,17.4,894,9.8,60.9
2026-05-08 13:00,18.6,833,9,53.7
2026-05-08 14:00,19.4,705,7.7,46.7
2026-05-08 15:00,19.6,452,7.4,45.6
2026-05-08 16:00,18.2,129,10.2,59.7
2026-05-08 17:00,17.2,116,10.2,63.7
2026-05-08 18:00,17.7,22,7.9,52.8
2026-05-08 19:00,14.9,2,9.6,70.7
2026-05-08 20:00,14.9,1,9,67.7
2026-05-08 21:00,13.7,1,10.5,81.1
2026-05-08 22:00,13.9,1,9.6,75.3
2026-05-08 23:00,13.8,1,10.1,78.6
2026-05-09 00:00,13,1,9.9,81.3
2026-05-09 01:00,12.7,1,9.7,82.2
2026-05-09 02:00,12.4,1,9.1,80.5
2026-05-09 03:00,11.8,1,9.2,83.5
2026-05-09 04:00,11.1,11,8.7,84.8
2026-05-09 05:00,12.3,154,8.8,79.5
2026-05-09 06:00,13.2,242,10.2,82.3
2026-05-09 07:00,14.2,511,10.5,78.5
2026-05-09 08:00,14.5,673,10.6,77.2
2026-05-09 09:00,15.3,800,10.7,74
2026-05-09 10:00,16.6,879,10.7,68.1
2026-05-09 11:00,17.3,901,10.9,66.2
2026-05-09 12:00,18.2,850,11,62.5
2026-05-09 13:00,19.2,801,11,58.7
2026-05-09 14:00,20.1,708,11.7,58.4
2026-05-09 15:00,21.6,563,10.2,49
2026-05-09 16:00,22.9,322,6.3,34.3
2026-05-09 17:00,22.1,145,5.7,34.5
2026-05-09 18:00,20.6,28,5.4,36.8
2026-05-09 19:00,19.5,1,5.5,39.8
2026-05-09 20:00,19.1,1,6.7,44.4
2026-05-09 21:00,17.5,1,7.8,53.1
2026-05-09 22:00,17,1,7.9,54.7
2026-05-09 23:00,16.7,1,8,56.5
2026-05-10 00:00,15.5,1,7.9,60.9
2026-05-10 01:00,15,1,8,63.3
2026-05-10 02:00,14.1,1,8.4,68.3
2026-05-10 03:00,14,1,8.3,68.5
2026-05-10 04:00,14.4,20,9.5,72.3
2026-05-10 05:00,15.3,90,10.5,72.8
2026-05-10 06:00,15.7,124,10.3,70.2
2026-05-10 07:00,15.4,115,11,75
2026-05-10 08:00,15.7,301,10.6,71.8
2026-05-10 09:00,15.8,247,10.3,70
2026-05-10 10:00,15.9,244,10.4,70.1
2026-05-10 11:00,15.1,190,11.5,79.6
2026-05-10 12:00,14.4,136,13,91.7
2026-05-10 13:00,14.8,225,12.7,87
2026-05-10 14:00,14.8,229,11.6,81.1
2026-05-10 15:00,14.2,146,12.6,90.1
2026-05-10 16:00,14.6,305,11.6,82.3
2026-05-10 17:00,14.4,84,11,79.9
2026-05-10 18:00,13.6,18,11.9,89.5
2026-05-10 19:00,13.4,1,12,91.3
2026-05-10 20:00,13.4,1,12.6,95.3
2026-05-10 21:00,13.2,1,12.1,93
2026-05-10 22:00,12.9,1,12.2,95.8
2026-05-10 23:00,12.8,1,12.1,95.2
2026-05-11 00:00,12.4,1,11,91.6
2026-05-11 01:00,11.5,1,9.7,88.9
2026-05-11 02:00,11.2,1,9.7,90.5
2026-05-11 03:00,11.2,1,10.4,94.3
2026-05-11 04:00,11.3,3,11,97.7
2026-05-11 05:00,11.5,17,10.9,95.7
2026-05-11 06:00,11.9,21,10.7,92.4
2026-05-11 07:00,12.2,42,10.5,89.6
2026-05-11 08:00,13.2,264,9.3,77.1
2026-05-11 09:00,13.6,238,8.3,70.2
2026-05-11 10:00,15.2,704,8,62.4
2026-05-11 11:00,15.1,406,8,62.7
2026-05-11 12:00,12.9,264,8.5,74.8
2026-05-11 13:00,13.1,387,8.6,74.1
2026-05-11 14:00,15.1,520,8,62.5
2026-05-11 15:00,13.6,64,8,69.3
2026-05-11 16:00,12.2,16,8.5,78.6
2026-05-11 17:00,11.1,13,9.6,90.5
2026-05-11 18:00,11.8,6,9.8,88
2026-05-11 19:00,11.3,1,9.9,91.2
2026-05-11 20:00,10.5,1,9.1,90.8
2026-05-11 21:00,9.4,1,6.9,84.3
2026-05-11 22:00,7.6,1,5,83.8
2026-05-11 23:00,7.1,1,5.4,88.6
2026-05-12 00:00,7,1,5.8,91.8
2026-05-12 01:00,6.8,1,5.5,91.6
2026-05-12 02:00,6.4,1,5,91.1
2026-05-12 03:00,6.5,1,4.8,88.7
2026-05-12 04:00,6.3,14,4.3,87.2
2026-05-12 05:00,7.2,12,4.9,85.4
2026-05-12 06:00,8.2,291,4.7,78.9
2026-05-12 07:00,9.4,433,4.5,71.1
2026-05-12 08:00,9.7,515,4,67.6
2026-05-12 09:00,10.6,800,3.4,61.3
2026-05-12 10:00,11.2,962,2.1,53.3
2026-05-12 11:00,11.8,961,1.5,49.2
2026-05-12 12:00,12.4,955,0.2,43.1
2026-05-12 13:00,12.8,864,-0.8,38.9
2026-05-12 14:00,13.4,730,-1.5,35.7
2026-05-12 15:00,13.7,554,-1.4,35.5
2026-05-12 16:00,13.5,321,-2.9,32.1
2026-05-12 17:00,13.2,179,-0.8,38.1
2026-05-12 18:00,12.3,34,0,42.9
2026-05-12 19:00,10.3,2,0.9,51.9
2026-05-12 20:00,9.7,1,0,50.7
2026-05-12 21:00,9.8,1,-0.3,49.2
2026-05-12 22:00,10,1,-0.5,48.1
2026-05-12 23:00,9.9,1,-0.4,48.7
2026-05-13 00:00,9.2,1,-0.1,52.3
2026-05-13 01:00,8.5,1,-0.2,54.4
2026-05-13 02:00,8,1,-0.2,56.2
2026-05-13 03:00,7.7,2,0.2,58.9
2026-05-13 04:00,7.3,23,0.5,62.1
2026-05-13 05:00,8.7,178,0.6,56.9
2026-05-13 06:00,10.8,380,2,54.6
2026-05-13 07:00,11.1,545,2.2,54.3
2026-05-13 08:00,12,717,1.5,48.8
2026-05-13 09:00,13,866,1.8,46.5
2026-05-13 10:00,14.1,932,1.2,41.4
2026-05-13 11:00,14.7,914,1.3,40
2026-05-13 12:00,14.5,693,2.9,45.5
2026-05-13 13:00,14.7,657,2.8,44.7
2026-05-13 14:00,14.4,436,2.9,46
2026-05-13 15:00,14.2,251,2.7,46
2026-05-13 16:00,14.5,264,2.7,44.9
2026-05-13 17:00,14.1,104,2.8,46.3
2026-05-13 18:00,13.9,39,2.5,46.3
2026-05-13 19:00,12.1,2,4,58.8
2026-05-13 20:00,10.5,1,5.9,73
2026-05-13 21:00,9.8,0,6.7,81.3
2026-05-13 22:00,8.8,1,6.4,84.7
2026-05-13 23:00,9.3,1,6.8,84.4
2026-05-14 00:00,9.7,0,6,77.6
2026-05-14 01:00,10.1,1,5.5,73.4
2026-05-14 02:00,10.2,1,4.4,67.4
2026-05-14 03:00,10.2,1,3.4,62.9
2026-05-14 04:00,9.2,26,4,70.4
2026-05-14 05:00,9.9,181,4,66.5
2026-05-14 06:00,9.9,122,3.2,62.9
2026-05-14 07:00,8.6,58,4.1,73.5
2026-05-14 08:00,7.2,79,4.4,82
2026-05-14 09:00,6.9,86,5,87.9
2026-05-14 10:00,8.2,357,5.8,84.7
2026-05-14 11:00,10,496,6.1,76.8
2026-05-14 12:00,8.9,248,4.9,76.1
2026-05-14 13:00,9.1,272,3.9,70.1
2026-05-14 14:00,8.9,202,3.6,69.4
2026-05-14 15:00,9.6,360,2.9,63.2
2026-05-14 16:00,10.4,171,2.1,56.7
2026-05-14 17:00,9,47,2.8,65.5
2026-05-14 18:00,8.3,27,3.3,70.9
2026-05-14 19:00,7.7,1,3.3,73.9
2026-05-14 20:00,6.8,1,3.9,81.7
2026-05-14 21:00,7.2,1,4.1,80.6
2026-05-14 22:00,7,1,3.9,80.5
2026-05-14 23:00,7,1,3.6,79.2
2026-05-15 00:00,6.8,1,3.7,80.5
2026-05-15 01:00,7,1,3.7,79.9
2026-05-15 02:00,6.7,1,4.4,85.1
2026-05-15 03:00,6.8,1,4.7,86.6
2026-05-15 04:00,6.5,6,5.1,90.5
2026-05-15 05:00,6.1,19,4.9,91.7
2026-05-15 06:00,5.9,39,5.1,95
2026-05-15 07:00,5.8,64,5,94.5
2026-05-15 08:00,5.7,97,4.8,94
2026-05-15 09:00,6.1,103,4.8,91.9
2026-05-15 10:00,6.2,139,4.9,91.6
2026-05-15 11:00,7,315,5.3,89.1
2026-05-15 12:00,8.5,901,5.2,80.1
2026-05-15 13:00,7.4,184,4.1,80.1
2026-05-15 14:00,8.7,405,4.5,75
2026-05-15 15:00,8.5,170,3.8,72.4
2026-05-15 16:00,8.6,158,4.1,73.6
2026-05-15 17:00,8.6,114,4,72.7
2026-05-15 18:00,8.4,52,3.9,73.5
2026-05-15 19:00,7.3,2,3.9,78.9
2026-05-15 20:00,7.2,1,4.4,82.7
2026-05-15 21:00,5.9,1,3.3,83.2
2026-05-15 22:00,5.1,1,2.4,82.7
2026-05-15 23:00,4.9,1,2.1,81.8
2026-05-16 00:00,5.5,1,2.4,80.6
2026-05-16 01:00,5.6,1,3.1,83.9
2026-05-16 02:00,5.9,1,4,87.8
2026-05-16 03:00,5.8,1,4.3,90.2
2026-05-16 04:00,6.3,20,4.6,88.7
2026-05-16 05:00,7.1,34,4.9,85.9
2026-05-16 06:00,6.6,21,4,83.4
2026-05-16 07:00,6,161,3.5,84.5
2026-05-16 08:00,6.3,271,3.6,82.6
2026-05-16 09:00,7.1,438,3.4,77.6
2026-05-16 10:00,7.5,323,2.9,72.4
2026-05-16 11:00,9.1,886,3.1,66.4
2026-05-16 12:00,10.1,900,2.8,60.4
2026-05-16 13:00,10.3,736,2.2,57.4
2026-05-16 14:00,11,709,1.2,51.1
2026-05-16 15:00,10.9,221,-1,43.8
2026-05-16 16:00,11.5,259,-0.9,42.2
2026-05-16 17:00,10.7,63,0.2,48.2
2026-05-16 18:00,10.5,33,2,55.9
2026-05-16 19:00,8.9,2,2.6,64.7
2026-05-16 20:00,8.2,1,2.8,68.7
2026-05-16 21:00,7.4,1,2.7,71.8
2026-05-16 22:00,6.8,1,2.5,74.3
2026-05-16 23:00,6.4,1,2.4,75.6
2026-05-17 00:00,5.9,1,2.2,77
2026-05-17 01:00,5.5,1,2.1,78.7
2026-05-17 02:00,5.2,1,2.3,81
2026-05-17 03:00,5,2,2,81
2026-05-17 04:00,4.9,20,2.1,81.6
2026-05-17 05:00,6.9,190,2.9,75.7
2026-05-17 06:00,8.7,376,2.9,66.7
2026-05-17 07:00,9.8,558,2.4,60.1
2026-05-17 08:00,10.7,712,3,59.2
2026-05-17 09:00,11.1,721,3.2,58.3
2026-05-17 10:00,11.6,646,4.9,63.5
2026-05-17 11:00,12.9,786,3.2,52
2026-05-17 12:00,14.1,929,0.7,40
2026-05-17 13:00,14.5,794,-0.1,36.8
2026-05-17 14:00,15.1,738,-0.5,34.2
2026-05-17 15:00,15.5,554,-1.1,32
2026-05-17 16:00,15.4,379,-0.3,34.1
2026-05-17 17:00,15.2,191,-0.5,34
2026-05-17 18:00,13.6,32,0.9,42
2026-05-17 19:00,11.9,2,2,50.7
2026-05-17 20:00,11.4,1,1.6,51.1
2026-05-17 21:00,10.7,1,1.6,53.6
2026-05-17 22:00,10.4,1,1.7,54.7
2026-05-17 23:00,10.4,1,2.1,56.3
2026-05-18 00:00,10.3,1,2.7,59.4
2026-05-18 01:00,10.2,1,3,61
2026-05-18 02:00,10.3,1,3.6,63.4
2026-05-18 03:00,10.4,1,5.1,69.4
2026-05-18 04:00,10,28,6.7,80
2026-05-18 05:00,10.7,46,7.8,82.7
2026-05-18 06:00,10.1,20,8.5,90.2
2026-05-18 07:00,10.2,67,9.7,96.8
2026-05-18 08:00,10.7,140,9.3,91.2
2026-05-18 09:00,11.2,152,8.1,81.3
2026-05-18 10:00,11.7,431,8.7,81.7
2026-05-18 11:00,13.4,915,8,69.8
2026-05-18 12:00,14.3,874,6.9,60.9
2026-05-18 13:00,14.2,552,6.7,60.8
2026-05-18 14:00,14,631,7.5,65.2
2026-05-18 15:00,15,527,6.5,56.9
2026-05-18 16:00,14.9,382,7.3,60
2026-05-18 17:00,14.1,157,6.9,62
2026-05-18 18:00,13,81,6.6,64.8
2026-05-18 19:00,12.4,2,6.3,66.3
2026-05-18 20:00,10.9,1,6.7,75.3
2026-05-18 21:00,9.8,1,6.3,78.9
2026-05-18 22:00,9.1,1,5.6,78.7
2026-05-18 23:00,8.8,1,5.4,79.2
2026-05-19 00:00,8.4,1,5.2,80.2
2026-05-19 01:00,8,1,4.9,80.5
2026-05-19 02:00,7.6,1,4.9,82.6
2026-05-19 03:00,7.5,2,5,84.3
2026-05-19 04:00,7.7,33,4.8,82.1
2026-05-19 05:00,9,145,5.3,77.6
2026-05-19 06:00,10.7,382,5.9,71.8
2026-05-19 07:00,11.4,453,7.3,76
2026-05-19 08:00,11.5,448,7.7,77.3
2026-05-19 09:00,12.4,691,7.8,73.7
2026-05-19 10:00,13,654,8.3,73.1
2026-05-19 11:00,13,400,8.5,74.3
2026-05-19 12:00,13.7,341,8.4,70.5
2026-05-19 13:00,15.1,563,6.9,58
2026-05-19 14:00,14.9,446,8,63.5
2026-05-19 15:00,16.2,433,5.3,48.3
2026-05-19 16:00,15.3,215,6.4,55.4
2026-05-19 17:00,15.7,86,4.8,48.1
2026-05-19 18:00,15.2,45,5.9,53.9
2026-05-19 19:00,14,2,6.5,60.2
2026-05-19 20:00,13.4,1,6.5,62.7
2026-05-19 21:00,13.8,0,6.3,60.3
2026-05-19 22:00,14.1,1,6.7,60.7
2026-05-19 23:00,12.7,2,9.1,79
2026-05-20 00:00,12.2,1,9.9,86.1
2026-05-20 01:00,12.2,0,10.1,87
2026-05-20 02:00,12.3,1,10.3,88.1
2026-05-20 03:00,12.4,1,10.6,89.3
2026-05-20 04:00,12.3,34,11,91.9
2026-05-20 05:00,12.8,118,11.3,90.9
2026-05-20 06:00,14.3,266,10.9,80.3
2026-05-20 07:00,14.5,403,11.8,83.9
2026-05-20 08:00,15.8,638,11.5,76
2026-05-20 09:00,16.9,818,10.8,67.3
2026-05-20 10:00,17.5,810,10.7,64.5
2026-05-20 11:00,19,932,9.3,53.2
2026-05-20 12:00,20.4,911,8.9,47.7
2026-05-20 13:00,20.8,910,8.4,45.1
2026-05-20 14:00,21.3,611,6.9,39.2
2026-05-20 15:00,21.7,453,6.6,37.7
2026-05-20 16:00,21.1,92,6.6,38.9
2026-05-20 17:00,21,212,8.1,43.4
2026-05-20 18:00,19.1,43,8.2,49.1
2026-05-20 19:00,17.6,2,7.8,52.8
2026-05-20 20:00,16.5,1,7.5,55.2
2026-05-20 21:00,16.2,1,7.4,56.3
2026-05-20 22:00,15.4,1,7.7,60.1
2026-05-20 23:00,15.2,1,8.1,62.7
2026-05-21 00:00,14.8,1,8.2,64.4
2026-05-21 01:00,14.1,1,8.2,67.5
2026-05-21 02:00,13.2,1,8.6,73.7
2026-05-21 03:00,12.4,2,8.8,78.5
2026-05-21 04:00,12.2,30,8.3,77.2
2026-05-21 05:00,13.6,185,8.6,71.9
2026-05-21 06:00,14.5,359,10,74.2
2026-05-21 07:00,15,517,10.3,73.6
2026-05-21 08:00,15.9,667,9.9,67.4
2026-05-21 09:00,17.1,830,9.2,59.8
2026-05-21 10:00,18.2,915,9.3,56.3
2026-05-21 11:00,19.4,933,9.2,51.9
2026-05-21 12:00,20.7,883,10,50.5
2026-05-21 13:00,21.5,809,10.5,49.4
2026-05-21 14:00,22.1,589,10.6,48
2026-05-21 15:00,22.6,513,10.4,46
2026-05-21 16:00,23.5,398,9.9,42.2
2026-05-21 17:00,23.2,207,9.5,41.8
2026-05-21 18:00,22.3,53,10.1,45.8
2026-05-21 19:00,20.7,3,8.8,46.4
2026-05-21 20:00,20,1,8.7,48.3
2026-05-21 21:00,19,1,9.2,52.8
2026-05-21 22:00,17.8,1,9.3,57.6
2026-05-21 23:00,16.7,1,8.8,59.5
2026-05-22 00:00,16,1,8.5,60.7
2026-05-22 01:00,15.6,1,7.9,60.1
2026-05-22 02:00,14.7,1,7.9,63.6
2026-05-22 03:00,14.2,2,8.3,67.6
2026-05-22 04:00,13.9,26,9.2,73.5
2026-05-22 05:00,15.4,192,10.4,72.1
2026-05-22 06:00,16.4,376,11.8,74.2
2026-05-22 07:00,17.1,549,11.4,69.1
2026-05-22 08:00,17.8,703,10.8,63.5
2026-05-22 09:00,19.1,834,10.5,57.4
2026-05-22 10:00,20.2,911,10.7,54.4
2026-05-22 11:00,21.5,939,11.5,52.9
2026-05-22 12:00,22.4,920,12.1,52
2026-05-22 13:00,23.4,849,12.3,49.9
2026-05-22 14:00,24.3,696,11.5,44.7
2026-05-22 15:00,25.4,519,8.3,33.7
2026-05-22 16:00,25.5,384,8.8,34.9
2026-05-22 17:00,25.6,189,6.6,29.8
2026-05-22 18:00,24,38,9.4,39.7
2026-05-22 19:00,22.6,2,9.6,43.6
2026-05-22 20:00,21.4,1,9.8,47.6
2026-05-22 21:00,20.1,1,10.8,55.1
2026-05-22 22:00,18.9,1,10.5,58.4
2026-05-22 23:00,18.2,1,9.5,57.2
2026-05-23 00:00,17.9,1,9,56.1
2026-05-23 01:00,17.2,1,8.9,58.4
2026-05-23 02:00,16.7,1,8.9,60.1
2026-05-23 03:00,16.2,4,9,62.4
2026-05-23 04:00,15.7,31,9.4,66
2026-05-23 05:00,17,198,10.4,65.3
2026-05-23 06:00,18,371,12.9,72.2
2026-05-23 07:00,18.8,555,12.7,67.6
2026-05-23 08:00,19.8,708,11.3,58
2026-05-23 09:00,20.5,833,10.3,52
2026-05-23 10:00,21.7,912,10.8,49.8
2026-05-23 11:00,22.7,934,11.4,48.9
2026-05-23 12:00,24.2,906,12.2,47
2026-05-23 13:00,25.3,836,12.1,43.7
2026-05-23 14:00,26.1,700,10.7,38.2
2026-05-23 15:00,27,567,9.2,32.7
2026-05-23 16:00,27.3,385,9,31.9
2026-05-23 17:00,27.9,206,6.9,26.7
2026-05-23 18:00,25.8,45,9.6,36
2026-05-23 19:00,24.3,3,10.1,40.7
2026-05-23 20:00,24.2,0,9.3,38.8
2026-05-23 21:00,23.5,1,9.4,40.6
2026-05-23 22:00,21.4,2,11.1,52
2026-05-23 23:00,19.9,1,12,60.6
2026-05-24 00:00,19.4,1,10.1,54.9
2026-05-24 01:00,18.7,1,10.8,60.1
2026-05-24 02:00,18.5,1,9.9,57.3
2026-05-24 03:00,17.6,3,9.9,60.3
2026-05-24 04:00,17.5,28,10,61.2
2026-05-24 05:00,18.9,199,10.8,59.4
2026-05-24 06:00,19.5,378,12.9,65.6
2026-05-24 07:00,20.4,550,12.3,59.7
2026-05-24 08:00,21.2,703,11.7,54.8
2026-05-24 09:00,22.1,830,12,52.6
2026-05-24 10:00,23.2,908,12,49.5
2026-05-24 11:00,24.3,929,12.8,48.6
2026-05-24 12:00,25.6,905,12.9,45.1
2026-05-24 13:00,26.8,837,12.7,41.7
2026-05-24 14:00,27.7,720,12.7,39.6
2026-05-24 15:00,28.9,554,11.9,35.2
2026-05-24 16:00,29.3,384,9.9,29.8
2026-05-24 17:00,28.5,207,9.6,30.8
2026-05-24 18:00,26.9,49,9.5,33.6
2026-05-24 19:00,25.6,3,9.7,36.7
2026-05-24 20:00,24.8,1,9.6,38.3
2026-05-24 21:00,24.1,1,9.4,39.4
2026-05-24 22:00,22.9,2,9.9,43.8
2026-05-24 23:00,21.1,1,10.9,52.4
2026-05-25 00:00,20.3,1,10,51.7
2026-05-25 01:00,19.8,1,10,52.9
2026-05-25 02:00,19.3,1,10.1,55.3
2026-05-25 03:00,18.8,3,10.1,56.9
2026-05-25 04:00,18.8,30,10.3,57.9
2026-05-25 05:00,19.6,172,11.5,59.3
2026-05-25 06:00,21.2,369,12.2,56.2
2026-05-25 07:00,21.4,537,13,58.6
2026-05-25 08:00,22,689,12.9,56.4
2026-05-25 09:00,23.1,811,11.9,49.4
2026-05-25 10:00,24.1,893,12.3,47.6
2026-05-25 11:00,25,906,13.2,47.9
2026-05-25 12:00,25.7,890,14.2,48.8
2026-05-25 13:00,27,814,13.8,44.5
2026-05-25 14:00,27.7,662,13.4,41.6
2026-05-25 15:00,28.1,512,13.1,39.6
2026-05-25 16:00,28.8,377,13.3,38.7
2026-05-25 17:00,28,199,13.2,40.3
2026-05-25 18:00,26,49,12.7,43.9
2026-05-25 19:00,24.5,3,10.4,41.3
2026-05-25 20:00,24.3,1,9.5,39.1
2026-05-25 21:00,22.9,1,10.9,46.7
2026-05-25 22:00,21.9,1,11.1,50.6
2026-05-25 23:00,21.2,1,11,52.3
2026-05-26 00:00,20.6,1,10.8,53.2
2026-05-26 01:00,20.1,1,11,55.8
2026-05-26 02:00,19.2,1,11.3,60.2
2026-05-26 03:00,18.9,3,11.7,62.9
2026-05-26 04:00,18.9,34,11.9,63.9
2026-05-26 05:00,20.2,179,12.7,61.9
2026-05-26 06:00,21.2,357,14,63.4
2026-05-26 07:00,21.9,530,14.6,63.1
2026-05-26 08:00,22.6,680,14.5,60.5
2026-05-26 09:00,23.3,805,13.8,55.2
2026-05-26 10:00,24.3,884,13.7,51.6
2026-05-26 11:00,25.3,907,13.4,47.6
2026-05-26 12:00,26.6,896,12.4,41.5
2026-05-26 13:00,27.6,833,12.1,38.4
2026-05-26 14:00,28.1,716,13.1,39.5
2026-05-26 15:00,28.6,368,12.7,37.6
2026-05-26 16:00,29.3,383,13.5,38.2
2026-05-26 17:00,28.3,198,15.3,45.6
2026-05-26 18:00,26,50,16.2,54.7
2026-05-26 19:00,24.7,4,14.9,54.5
2026-05-26 20:00,23.6,1,14,54.9
2026-05-26 21:00,23.2,1,13.7,55.2
2026-05-26 22:00,22.3,1,13.7,58
2026-05-26 23:00,21.5,1,13.5,60.5
2026-05-27 00:00,21,1,13.5,62.3
2026-05-27 01:00,20.8,1,13.2,61.8
2026-05-27 02:00,20.4,1,13,62.5
2026-05-27 03:00,20,3,13,64.1
2026-05-27 04:00,20,39,13.1,64.4
2026-05-27 05:00,20.9,143,13.8,63.7
2026-05-27 06:00,21.9,332,15.1,65.5
2026-05-27 07:00,22.6,534,15.4,63.6
2026-05-27 08:00,23.7,688,14.6,56.6
2026-05-27 09:00,24.5,822,14.6,54.2
2026-05-27 10:00,25.7,911,14.4,49.7
2026-05-27 11:00,26.8,929,14.1,45.5
2026-05-27 12:00,27.6,921,14.2,43.8
2026-05-27 13:00,28.3,845,13.1,39.1
2026-05-27 14:00,29.5,729,10.2,30.3
2026-05-27 15:00,29.7,625,9.9,29.4
2026-05-27 16:00,29.7,444,9.8,29.2
2026-05-27 17:00,29.4,220,7.9,26.1
2026-05-27 18:00,27.9,56,8.1,28.7
2026-05-27 19:00,26.1,4,8.5,32.9
2026-05-27 20:00,24.8,1,9.3,37.5
2026-05-27 21:00,24.4,1,8.9,37.3
2026-05-27 22:00,24.1,1,8.8,37.6
2026-05-27 23:00,23,1,9.8,43
2026-05-28 00:00,22.3,1,11.5,50.3
2026-05-28 01:00,21.6,1,11.5,52.6
2026-05-28 02:00,21.4,1,11.7,53.9
2026-05-28 03:00,20.5,3,11.8,57.6
2026-05-28 04:00,19.7,37,12.2,61.9
2026-05-28 05:00,20.5,190,12.7,60.9
2026-05-28 06:00,22.2,371,12.8,55.3
2026-05-28 07:00,22.5,545,13.5,57
2026-05-28 08:00,22.9,694,14.4,58.5
2026-05-28 09:00,24,820,14.1,54.3
2026-05-28 10:00,27.2,932,12.9,41.2
2026-05-28 11:00,28.1,937,11.7,36.2
2026-05-28 12:00,28.6,921,10.8,33
2026-05-28 13:00,29.1,844,9.4,29.2
2026-05-28 14:00,29.2,724,7.6,25.8
2026-05-28 15:00,29.1,566,6,23.2
2026-05-28 16:00,28.8,403,6.4,24.4
2026-05-28 17:00,27.7,212,9.6,32.3
2026-05-28 18:00,26.1,52,9.3,34.8
2026-05-28 19:00,24.5,4,9,37.4
2026-05-28 20:00,23.6,1,9.4,40.4
2026-05-28 21:00,22.8,1,10.1,44.3
2026-05-28 22:00,22.6,1,10.5,46.2
2026-05-28 23:00,22.1,1,10.6,48.1
2026-05-29 00:00,21.2,1,10.5,50.5
2026-05-29 01:00,20.5,1,10.5,52.8
2026-05-29 02:00,19.8,1,10.5,55.1
2026-05-29 03:00,19,3,10.2,56.6
2026-05-29 04:00,18.5,36,10.2,58.6
2026-05-29 05:00,19,210,10.8,58.8
2026-05-29 06:00,21.1,392,10.7,51.5
2026-05-29 07:00,22.7,568,11.4,49.1
2026-05-29 08:00,22.2,717,12.8,55.3
2026-05-29 09:00,23.1,850,12.5,51.1
2026-05-29 10:00,26.1,933,10.6,37.9
2026-05-29 11:00,28,952,9.5,31.4
2026-05-29 12:00,28.8,933,9.7,30.3
2026-05-29 13:00,29.4,857,9,28.1
2026-05-29 14:00,29.6,730,6.6,23.6
2026-05-29 15:00,29.6,570,5.8,22.2
2026-05-29 16:00,29.2,402,5,21.5
2026-05-29 17:00,28.2,232,5,22.7
2026-05-29 18:00,26.5,59,5.9,26.8
2026-05-29 19:00,25,3,5.8,29.2
2026-05-29 20:00,24.3,1,5.3,29.3
2026-05-29 21:00,23.2,1,5.4,31.6
2026-05-29 22:00,21.1,2,6.6,38.8
2026-05-29 23:00,19.9,1,7.8,45.5
2026-05-30 00:00,19,1,6.6,44.5
2026-05-30 01:00,18.9,1,5.3,40.9
2026-05-30 02:00,18,1,6.2,46.1
2026-05-30 03:00,17.5,3,6.8,49.6
2026-05-30 04:00,17.5,42,7.4,51.4
2026-05-30 05:00,18.4,128,8.9,53.8
2026-05-30 06:00,19.7,346,9.8,52.6
2026-05-30 07:00,20.3,420,10.2,52.2
2026-05-30 08:00,21.3,646,10.4,50
2026-05-30 09:00,21.8,758,9.7,46.1
2026-05-30 10:00,22.6,691,9,41.8
2026-05-30 11:00,23.5,710,9.5,41
2026-05-30 12:00,24.1,655,10.1,41.2
2026-05-30 13:00,24.5,691,10.7,41.8
2026-05-30 14:00,25.7,682,10.3,38
2026-05-30 15:00,26.7,557,9.1,33.1
2026-05-30 16:00,26.2,455,8.5,32.7
2026-05-30 17:00,25.8,181,9.9,36.9
2026-05-30 18:00,24.5,53,11,42.5
2026-05-30 19:00,22.9,4,11.5,48.5
2026-05-30 20:00,21.3,1,10.9,51.5
2026-05-30 21:00,20.8,1,10.1,50.1
2026-05-30 22:00,20.1,1,9.4,50
2026-05-30 23:00,19.3,1,9.2,52.1
2026-05-31 00:00,18.9,1,9.7,55.1
2026-05-31 01:00,18.5,1,9.9,57.4
2026-05-31 02:00,17.9,1,9.9,59.8
2026-05-31 03:00,17.9,4,10.1,60.5
2026-05-31 04:00,18.2,48,10.2,59.5
2026-05-31 05:00,19.3,181,11.5,60.9
2026-05-31 06:00,20.4,329,12.6,61
2026-05-31 07:00,21.4,546,13.3,59.9
2026-05-31 08:00,22.4,706,12.9,55.3
2026-05-31 09:00,23.6,779,11.7,47.2
2026-05-31 10:00,25.3,892,12.1,43.6
2026-05-31 11:00,25.5,765,12.5,44.5
2026-05-31 12:00,24.7,294,13.9,51.3
2026-05-31 13:00,26.4,800,14.2,47.6
2026-05-31 14:00,26.6,664,14.6,48
2026-05-31 15:00,25.8,382,14,48.3
2026-05-31 16:00,25.2,221,13.7,49
2026-05-31 17:00,24.2,121,13.4,51
2026-05-31 18:00,23.3,37,13.3,53.5
2026-05-31 19:00,22.5,3,13.2,55.8
2026-05-31 20:00,20.9,1,13.9,64.6
2026-05-31 21:00,20,1,12.9,63.8
2026-05-31 22:00,20.1,1,11.7,58.7
2026-05-31 23:00,19.4,1,12.2,62.9
2026-06-01 00:00,19.1,1,12.2,64.4
2026-06-01 01:00,18.8,1,11.9,64
2026-06-01 02:00,18.8,1,10.1,57.1
2026-06-01 03:00,17.8,3,9.9,59.7
2026-06-01 04:00,17.2,19,9.9,61.9
2026-06-01 05:00,17.9,133,10.5,62.1
2026-06-01 06:00,19.2,373,10.7,57.9
2026-06-01 07:00,19.7,562,11,57.2
2026-06-01 08:00,20,654,10.5,54.5
2026-06-01 09:00,20.4,776,10.4,52.5
2026-06-01 10:00,21.3,896,10.8,51.1
2026-06-01 11:00,21.9,966,10.3,47.7
2026-06-01 12:00,22.5,938,10.4,46.5
2026-06-01 13:00,23.3,861,10.5,44.4
2026-06-01 14:00,23.5,679,9.7,41.4
2026-06-01 15:00,23.7,556,10.2,42.3
2026-06-01 16:00,24,400,11,44
2026-06-01 17:00,24,213,9.4,39.6
2026-06-01 18:00,23.3,57,7.8,37
2026-06-01 19:00,21.5,5,8.4,43
2026-06-01 20:00,20.3,1,8.3,46
2026-06-01 21:00,19.8,1,8.9,49.5
2026-06-01 22:00,19.3,1,9.5,53.1
2026-06-01 23:00,18.4,1,9.9,57.5
2026-06-02 00:00,17.7,1,9.9,60.1
2026-06-02 01:00,16.8,1,10.2,65
2026-06-02 02:00,16.5,1,10.7,68.7
2026-06-02 03:00,16.5,2,11.6,72.7
2026-06-02 04:00,16.8,16,11.3,70.1
2026-06-02 05:00,17.6,55,11.7,68.6
2026-06-02 06:00,18.4,122,12.6,68.8
2026-06-02 07:00,17.4,104,14.2,82
2026-06-02 08:00,19.1,582,14.6,75.5
2026-06-02 09:00,19.5,479,13.6,68.6
2026-06-02 10:00,20.8,685,12.9,60.4
2026-06-02 11:00,22.3,592,13.1,56.1
2026-06-02 12:00,21.4,242,11.5,53.3
2026-06-02 13:00,21.6,193,12.3,55.7
2026-06-02 14:00,19,72,12.8,67.1
2026-06-02 15:00,14.2,14,11,81.6
2026-06-02 16:00,14.8,101,12.2,84.6
2026-06-02 17:00,15.5,80,11.9,79.7
2026-06-02 18:00,15.6,54,12.6,82
2026-06-02 19:00,14.9,5,12.7,86.7
2026-06-02 20:00,15,1,12.3,83.8
2026-06-02 21:00,14.1,2,11.6,84.8
2026-06-02 22:00,13.1,1,11.6,90.7
2026-06-02 23:00,13.7,0,11.9,89.2
2026-06-03 00:00,13.8,1,12.4,91.5
2026-06-03 01:00,13.7,1,12.5,92.4
2026-06-03 02:00,13.9,1,12.1,89.1
2026-06-03 03:00,13.8,1,11,82.9
2026-06-03 04:00,13.8,16,10.8,82.5
2026-06-03 05:00,14.4,108,10.6,78
2026-06-03 06:00,14.9,144,9.7,71
2026-06-03 07:00,15,226,9.6,70.1
2026-06-03 08:00,15.9,506,9.8,67
2026-06-03 09:00,16.9,816,9.4,61.2
2026-06-03 10:00,17.7,858,8.9,56.3
2026-06-03 11:00,18.5,951,8.4,52
2026-06-03 12:00,19.2,957,7.3,45.8
2026-06-03 13:00,19.6,763,6.7,43
2026-06-03 14:00,19.9,684,6.1,40.6
2026-06-03 15:00,20.2,588,6.1,39.9
2026-06-03 16:00,19.8,413,6.6,42.2
2026-06-03 17:00,19.4,213,6.1,42.1
2026-06-03 18:00,18.4,53,6.8,46.8
2026-06-03 19:00,17.1,4,7.4,52.9
2026-06-03 20:00,16.1,1,9.2,63.5
2026-06-03 21:00,15.5,1,9.8,68.9
2026-06-03 22:00,15.1,1,10,71.6
2026-06-03 23:00,14.7,1,9.6,71.2
2026-06-04 00:00,14.4,1,9.1,70.3
2026-06-04 01:00,14.2,1,9.2,71.7
2026-06-04 02:00,13.8,1,9.4,74.4
2026-06-04 03:00,13.7,3,9.5,75.5
2026-06-04 04:00,14.2,32,10,75.6
2026-06-04 05:00,15.6,122,10.1,69.6
2026-06-04 06:00,16.5,150,9,61.6
2026-06-04 07:00,16.6,217,10.1,65.2
2026-06-04 08:00,16.8,268,9.8,63.6
2026-06-04 09:00,17.4,305,9.4,59.5
2026-06-04 10:00,17.5,171,9.9,61.2
2026-06-04 11:00,17.4,137,11.3,67
2026-06-04 12:00,14.4,70,10.4,76.8
2026-06-04 13:00,13.4,73,11.9,90.6
2026-06-04 14:00,13.4,83,11,85.8
2026-06-04 15:00,13.2,51,10.6,84.2
2026-06-04 16:00,12.7,34,10.6,86.8
2026-06-04 17:00,12.2,15,11.4,94.5
2026-06-04 18:00,12,9,11.6,97.2
2026-06-04 19:00,12.1,1,11.3,95.3
2026-06-04 20:00,12.4,0,10.4,87.7
2026-06-04 21:00,12.2,1,11.1,92.7
2026-06-04 22:00,12.3,1,10.8,90.9
2026-06-04 23:00,12.2,1,9.7,84.4
2026-06-05 00:00,12.3,1,9.8,84.7
2026-06-05 01:00,11.9,1,10,88
2026-06-05 02:00,11.6,1,10.5,93
2026-06-05 03:00,11.7,2,10,89.6
2026-06-05 04:00,11.7,10,10.1,90.1
2026-06-05 05:00,11.7,32,10.7,93.3
2026-06-05 06:00,12,74,10.8,92.4
2026-06-05 07:00,12.2,151,11.2,93.2
2026-06-05 08:00,12.9,384,11.2,89.6
2026-06-05 09:00,13.9,496,9.4,74.6
2026-06-05 10:00,15.5,959,9.8,68.8
2026-06-05 11:00,16.2,953,8.8,61.7
2026-06-05 12:00,16.8,795,8.3,57.1
2026-06-05 13:00,17.1,708,8.2,55.8
2026-06-05 14:00,18,857,8.4,53.4
2026-06-05 15:00,17.5,423,8.1,53.9
2026-06-05 16:00,17.6,287,7.8,52.8
2026-06-05 17:00,18,216,7.7,51.1
2026-06-05 18:00,17.4,69,6.7,49.4
2026-06-05 19:00,15.7,4,7.5,58.3
2026-06-05 20:00,14.8,1,8.3,65
2026-06-05 21:00,14.7,1,8.9,68.2
2026-06-05 22:00,14.1,1,8.9,70.4
2026-06-05 23:00,13.3,1,8.8,73.9
2026-06-06 00:00,13,1,8.7,75.3
2026-06-06 01:00,12.6,1,8.8,77.3
2026-06-06 02:00,12.9,1,8.9,77
2026-06-06 03:00,13,3,9.3,78.3
2026-06-06 04:00,13.3,30,9.9,79.6
2026-06-06 05:00,14.4,64,10.4,77
2026-06-06 06:00,15,210,10.3,73.5
2026-06-06 07:00,15.5,361,10.6,72.7
2026-06-06 08:00,16.5,701,9.9,65.2
2026-06-06 09:00,17.4,861,9.7,60.5
2026-06-06 10:00,18.3,925,10.6,60.5
2026-06-06 11:00,18.9,950,11.1,60.7
2026-06-06 12:00,19.9,904,10.6,55.1
2026-06-06 13:00,20.8,752,9.6,49
2026-06-06 14:00,21.6,601,8.7,43.8
2026-06-06 15:00,21.6,399,8.3,42.5
2026-06-06 16:00,21.8,205,8.1,41.3
2026-06-06 17:00,21.6,130,7.8,41
2026-06-06 18:00,20.8,84,10,50.2
2026-06-06 19:00,19.2,6,8.6,50.3
2026-06-06 20:00,18.5,1,8.2,51.2
2026-06-06 21:00,18.4,1,8.6,53
2026-06-06 22:00,17.9,1,9.1,56.5
2026-06-06 23:00,17.5,1,9.7,60.4
2026-06-07 00:00,17.6,1,9.8,60.4
2026-06-07 01:00,17.4,1,9.6,60.1
2026-06-07 02:00,17.2,1,8.2,55.5
2026-06-07 03:00,16.1,3,8.1,59.1
2026-06-07 04:00,15.8,46,7.2,56.5
2026-06-07 05:00,16.2,171,7.1,54.7
2026-06-07 06:00,17.8,314,7.6,51.1
2026-06-07 07:00,18.5,483,8,50.3
2026-06-07 08:00,18.7,509,7.9,49.4
2026-06-07 09:00,19.7,892,8.8,49.2
2026-06-07 10:00,19.7,863,8.9,49.7
2026-06-07 11:00,20.4,925,8.5,46.4
2026-06-07 12:00,21.2,934,8.3,43.6
2026-06-07 13:00,22,862,8.8,42.8
2026-06-07 14:00,22.6,741,8.5,40.5
2026-06-07 15:00,22.8,581,8,38.9
2026-06-07 16:00,22.8,414,9.4,42.4
2026-06-07 17:00,22.5,238,9,42.1
2026-06-07 18:00,21.6,64,9.3,45.5
2026-06-07 19:00,19.6,5,9.4,51.9
2026-06-07 20:00,18.5,1,9.1,54.1
2026-06-07 21:00,17.5,1,8.4,55.2
2026-06-07 22:00,16.8,1,8.3,57.4
2026-06-07 23:00,16.2,1,8.7,61.1
2026-06-08 00:00,15.7,1,9.4,66
2026-06-08 01:00,15.2,1,10.2,72.1
2026-06-08 02:00,14.9,1,10.4,74.9
2026-06-08 03:00,15,5,9.5,69.8
2026-06-08 04:00,15.2,58,9.7,69.7
2026-06-08 05:00,16.9,204,10.4,65.7
2026-06-08 06:00,17.9,363,12.3,69.8
2026-06-08 07:00,18.4,528,12.7,69.4
2026-06-08 08:00,19.3,649,13.1,67.4
2026-06-08 09:00,21.2,826,10.5,50.8
2026-06-08 10:00,21.4,668,11.3,52.6
2026-06-08 11:00,22.6,802,12.1,51.6
2026-06-08 12:00,23.1,475,11.8,48.8
2026-06-08 13:00,23.5,604,12.5,50
2026-06-08 14:00,23.1,213,12.7,52.1
2026-06-08 15:00,22.2,62,13.7,58.4
2026-06-08 16:00,21.8,50,14.8,64.6
2026-06-08 17:00,19.5,20,16.9,85.1
2026-06-08 18:00,18.8,12,17.7,93
2026-06-08 19:00,18.4,1,17.3,93.1
2026-06-08 20:00,17.7,1,17.4,97.9
2026-06-08 21:00,17,1,16.8,98.4
2026-06-08 22:00,17,1,17,100
2026-06-08 23:00,17.2,1,17.1,99.4
2026-06-09 00:00,16.7,1,16.4,97.6
2026-06-09 01:00,16.6,0,15.7,94.3
2026-06-09 02:00,16.6,1,16.1,97
2026-06-09 03:00,16.6,1,15.5,93.7
2026-06-09 04:00,16.3,4,14.4,88.9
2026-06-09 05:00,15.8,10,12,78.2
2026-06-09 06:00,16.1,53,11.8,75.7
2026-06-09 07:00,17,139,12.3,73.6
2026-06-09 08:00,17.9,375,11.6,66.8
2026-06-09 09:00,18.3,480,11.2,63.4
2026-06-09 10:00,18.1,305,10.8,62.3
2026-06-09 11:00,18,345,9.9,58.9
2026-06-09 12:00,18,200,9.6,57.7
2026-06-09 13:00,18.5,333,9.5,55.8
2026-06-09 14:00,18.2,194,9.5,56.9
2026-06-09 15:00,18.1,137,9.5,57.1
2026-06-09 16:00,18,57,8.9,55.4
2026-06-09 17:00,17.9,40,8.2,53.3
2026-06-09 18:00,16.9,15,8.5,57.8
2026-06-09 19:00,16.1,2,7.9,58.5
2026-06-09 20:00,15.7,1,7.1,56.5
2026-06-09 21:00,15.3,1,6.6,56.2
2026-06-09 22:00,14.7,1,6.9,59.6
2026-06-09 23:00,14.5,1,6.4,58.2
2026-06-10 00:00,14.2,1,7.1,62.2
2026-06-10 01:00,14,1,7.6,65.2
2026-06-10 02:00,13.6,1,7,64.4
2026-06-10 03:00,13.4,4,6.4,62.5
2026-06-10 04:00,13.5,27,6,60.4
2026-06-10 05:00,14.1,145,6.3,59.7
2026-06-10 06:00,15.1,212,6.3,55.9
2026-06-10 07:00,15.3,240,5.9,53.4
2026-06-10 08:00,16.1,493,5.7,49.8
2026-06-10 09:00,16.3,393,4.4,45.1
2026-06-10 10:00,15.3,137,4.1,47.2
2026-06-10 11:00,15.3,464,5.6,52.7
2026-06-10 12:00,16.2,684,6.8,53.8
2026-06-10 13:00,12.7,155,7.2,69.5
2026-06-10 14:00,14.4,466,7.2,62.4
2026-06-10 15:00,14.9,494,7.6,61.7
2026-06-10 16:00,14.4,145,7,61.1
2026-06-10 17:00,15.1,180,7.3,59.6
2026-06-10 18:00,14.7,66,8.3,65.4
2026-06-10 19:00,13.8,4,7.7,66.5
2026-06-10 20:00,13.1,1,7,66.5
2026-06-10 21:00,12.6,1,6.6,66.8
2026-06-10 22:00,12.3,1,6.3,66.7
2026-06-10 23:00,12.2,1,6.6,68.3
2026-06-11 00:00,12.1,1,7.3,72.3
2026-06-11 01:00,11.6,1,7.6,76.6
2026-06-11 02:00,11,1,7.5,78.7
2026-06-11 03:00,11.1,3,7.3,77.2
2026-06-11 04:00,11.4,30,6.1,69.9
2026-06-11 05:00,12.8,228,5.4,60.8
2026-06-11 06:00,14.2,411,5.8,57.1
2026-06-11 07:00,15.1,595,6,54.4
2026-06-11 08:00,15.4,523,6.4,54.8
2026-06-11 09:00,15.6,475,5.9,52.5
2026-06-11 10:00,16.4,759,5,46.7
2026-06-11 11:00,17.1,830,4.5,43
2026-06-11 12:00,17.9,941,4.1,40
2026-06-11 13:00,18.3,795,4,38.7
2026-06-11 14:00,18.9,686,3.3,35.4
2026-06-11 15:00,18.9,462,3.2,35.1
2026-06-11 16:00,18.4,217,3.5,37
2026-06-11 17:00,18.5,138,3.9,38
2026-06-11 18:00,18,35,4.5,40.9
2026-06-11 19:00,16.7,6,5.7,48.2
2026-06-11 20:00,15.6,1,6.1,53.1
2026-06-11 21:00,15.2,1,5.9,54
2026-06-11 22:00,15.1,1,5.6,52.9
2026-06-11 23:00,14.4,1,5.9,56.5
2026-06-12 00:00,14.8,0,6.5,57.7
2026-06-12 01:00,15.2,1,6.9,57.3
2026-06-12 02:00,15.1,1,6.9,58.1
2026-06-12 03:00,15.4,2,7.5,59.3
2026-06-12 04:00,15.6,30,8.7,63.7
2026-06-12 05:00,15.9,80,8.7,62.6
2026-06-12 06:00,16.1,128,8.3,59.7
2026-06-12 07:00,16.7,234,8.5,58.6
2026-06-12 08:00,17.2,405,8.6,57
2026-06-12 09:00,19,809,8.9,52.2
2026-06-12 10:00,20,929,8.9,48.7
2026-06-12 11:00,20.9,949,9,46.3
2026-06-12 12:00,21.4,800,9.6,46.9
2026-06-12 13:00,21.9,836,9.5,45.2
2026-06-12 14:00,22.4,641,9.5,43.9
2026-06-12 15:00,22,484,10.3,47.4
2026-06-12 16:00,22,261,9.7,45.7
2026-06-12 17:00,22.7,239,10.2,45.2
2026-06-12 18:00,21.9,70,10.3,47.5
2026-06-12 19:00,19.6,6,11,57.5
2026-06-12 20:00,18.6,1,10.8,60.7
2026-06-12 21:00,17.8,1,10.6,62.6
2026-06-12 22:00,17.3,1,10.5,64.4
2026-06-12 23:00,16.7,1,10.4,66.4
2026-06-13 00:00,16.2,1,10.4,68.6
2026-06-13 01:00,15.8,1,10.2,69.6
2026-06-13 02:00,15.3,1,10.3,71.8
2026-06-13 03:00,14.9,3,10.3,73.9
2026-06-13 04:00,14.8,37,10.5,75.3
2026-06-13 05:00,16.8,218,11.4,70.2
2026-06-13 06:00,18.3,394,12.3,68
2026-06-13 07:00,18.8,566,13.4,70.8
2026-06-13 08:00,19.6,723,13.6,68.3
2026-06-13 09:00,20.6,854,13.3,62.6
2026-06-13 10:00,21.6,943,12.5,56.6
2026-06-13 11:00,22.6,970,12,51.4
2026-06-13 12:00,23.6,946,9.8,41.7
2026-06-13 13:00,25.4,878,6,29
2026-06-13 14:00,26,742,5.6,27
2026-06-13 15:00,26.4,532,4.2,24
2026-06-13 16:00,26.7,381,7.4,29.5
2026-06-13 17:00,26.4,188,9.4,34.4
2026-06-13 18:00,25.6,71,8.9,34.9
2026-06-13 19:00,23.6,7,8.8,38.9
2026-06-13 20:00,21.4,1,9.3,45.9
2026-06-13 21:00,20.3,1,9.6,50.2
2026-06-13 22:00,19.5,1,9.7,53
2026-06-13 23:00,19,1,9.7,54.8
2026-06-14 00:00,18.2,1,9.8,57.9
2026-06-14 01:00,18.1,1,9.7,57.9
2026-06-14 02:00,17.4,1,10.2,62.5
2026-06-14 03:00,17.2,5,10.4,64.5
2026-06-14 04:00,17.1,36,10.7,66
2026-06-14 05:00,18.3,184,12.1,67.4
2026-06-14 06:00,20.1,385,12.6,62.2
2026-06-14 07:00,20.8,575,11.7,56.1
2026-06-14 08:00,21.7,711,12.2,54.7
2026-06-14 09:00,22.8,842,11.6,49.4
2026-06-14 10:00,23.7,929,11.9,47.7
2026-06-14 11:00,24.8,954,10.3,40
2026-06-14 12:00,25.8,944,9.4,35.6
2026-06-14 13:00,26.3,852,9.4,34.7
2026-06-14 14:00,26.8,743,8.4,31.2
2026-06-14 15:00,27.3,590,7.2,28.2
2026-06-14 16:00,27.2,429,4.4,23.2
2026-06-14 17:00,25.9,255,4.3,24.8
2026-06-14 18:00,24.6,75,4.8,27.8
2026-06-14 19:00,22.1,7,5.5,34
2026-06-14 20:00,20.3,1,5.6,38.3
2026-06-14 21:00,19.5,1,5.3,39.4
2026-06-14 22:00,19,1,5.3,40.5
2026-06-14 23:00,18,1,5.5,43.7
2026-06-15 00:00,17.2,1,5.6,46.3
2026-06-15 01:00,16.7,1,5.3,46.9
2026-06-15 02:00,16.1,1,5.4,49.1
2026-06-15 03:00,15.6,4,5,49.2
2026-06-15 04:00,15.4,41,5.4,51.3
2026-06-15 05:00,17.4,215,6.8,50
2026-06-15 06:00,19.2,393,8.4,49.4
2026-06-15 07:00,19.8,565,9.2,50.6
2026-06-15 08:00,20.6,717,10.4,51.6
2026-06-15 09:00,22.1,881,10.7,48.4
2026-06-15 10:00,23.1,928,9.2,41.4
2026-06-15 11:00,24.8,951,6.5,30.9
2026-06-15 12:00,25.3,893,7,31
2026-06-15 13:00,26.3,807,6.4,28
2026-06-15 14:00,26.9,762,6.9,28.1
2026-06-15 15:00,26.6,587,6.2,27.2
2026-06-15 16:00,26,414,6.4,28.5
2026-06-15 17:00,25.1,238,6.4,30.1
2026-06-15 18:00,23.7,75,6.2,32.4
2026-06-15 19:00,21.7,8,6.7,37.9
2026-06-15 20:00,19.4,2,6.8,43.8
2026-06-15 21:00,19.1,1,6,42.4
2026-06-15 22:00,19,1,5.8,41.8
2026-06-15 23:00,18.9,1,5.7,41.9
2026-06-16 00:00,18.2,1,5.9,44.4
2026-06-16 01:00,17.6,1,6.1,46.8
2026-06-16 02:00,17.2,1,6,47.9
2026-06-16 03:00,17,6,5.9,47.9
2026-06-16 04:00,16.9,54,6.4,50.2
2026-06-16 05:00,17.9,147,7.7,50.9
2026-06-16 06:00,19.2,322,9.1,52
2026-06-16 07:00,20.3,520,10.5,53.3
2026-06-16 08:00,21,652,10.4,50.6
2026-06-16 09:00,21.9,837,10.6,48.5
2026-06-16 10:00,23.5,913,9.8,41.7
2026-06-16 11:00,23.8,932,10.3,42.4
2026-06-16 12:00,24.4,921,10.8,42.3
2026-06-16 13:00,25.7,861,11.3,40.5
2026-06-16 14:00,26.7,650,10.6,36.7
2026-06-16 15:00,26.8,257,9.2,33
2026-06-16 16:00,25.7,95,11.3,40.8
2026-06-16 17:00,25.4,81,11.3,41.2
2026-06-16 18:00,24.8,58,12.1,45.4
2026-06-16 19:00,23.6,7,12.9,51.2
2026-06-16 20:00,23.3,1,11.2,46.5
2026-06-16 21:00,22.5,1,10.3,46
2026-06-16 22:00,21.5,1,9.8,47.4
2026-06-16 23:00,20.9,1,9.3,47.6
2026-06-17 00:00,20.4,1,9.1,48.3
2026-06-17 01:00,19.8,1,9.2,50.5
2026-06-17 02:00,19.1,1,9.1,52.4
2026-06-17 03:00,19.2,3,9.3,52.7
2026-06-17 04:00,20,35,9.6,51.3
2026-06-17 05:00,20.3,191,11.4,56.4
2026-06-17 06:00,21.8,371,12.9,57
2026-06-17 07:00,22.1,525,14.4,61.9
2026-06-17 08:00,23.2,673,13.1,52.9
2026-06-17 09:00,24.2,800,12.9,49.4
2026-06-17 10:00,25.9,808,11.5,40.7
2026-06-17 11:00,27.7,1041,11.3,36.3
2026-06-17 12:00,28.2,1012,12.6,38.3
2026-06-17 13:00,29.5,848,12.8,36
2026-06-17 14:00,30.2,733,12.8,34.4
2026-06-17 15:00,30,575,12.3,33.7
2026-06-17 16:00,30.2,383,10.6,29.8
2026-06-17 17:00,29.9,238,10.4,29.8
2026-06-17 18:00,28.3,72,11.9,36.2
2026-06-17 19:00,26.2,7,12.3,42.1
2026-06-17 20:00,25.5,1,12.2,43.6
2026-06-17 21:00,24.2,1,12.1,46.8
2026-06-17 22:00,23.8,0,12,47.7
2026-06-17 23:00,23.3,1,11.8,48.6
2026-06-18 00:00,21.9,1,12.1,53.8
2026-06-18 01:00,21.2,1,12.2,56.5
2026-06-18 02:00,20.6,1,12.1,58.2
2026-06-18 03:00,20,4,11.4,58
2026-06-18 04:00,20,38,11.3,57.3
2026-06-18 05:00,21.4,206,12.5,56.9
2026-06-18 06:00,22.5,378,13.2,55.6
2026-06-18 07:00,23.1,546,14.7,59.3
2026-06-18 08:00,24.2,703,13.5,51.2
2026-06-18 09:00,25.4,836,12.6,45.1
2026-06-18 10:00,26.3,911,13.2,44.3
2026-06-18 11:00,27.8,941,13,40.1
2026-06-18 12:00,29,929,12.5,36.1
2026-06-18 13:00,29.9,868,12.3,33.8
2026-06-18 14:00,30.7,751,10.2,28.2
2026-06-18 15:00,31.7,594,5.3,19.1
2026-06-18 16:00,31.9,417,3.1,16.2
2026-06-18 17:00,30.5,243,8.4,26.9
2026-06-18 18:00,28.8,75,10.8,32.8
2026-06-18 19:00,27,8,9.6,33.5
2026-06-18 20:00,25.8,1,8.6,33.9
2026-06-18 21:00,25.1,1,8.9,36
2026-06-18 22:00,24.8,1,10.5,40.8
2026-06-18 23:00,24.5,1,12.3,46.5
2026-06-19 00:00,23.2,1,13.5,54.5
2026-06-19 01:00,23.2,1,12.9,52.4
2026-06-19 02:00,22.7,1,12.9,54
2026-06-19 03:00,22.2,4,12.9,55.9
2026-06-19 04:00,22,62,13.1,57.2
2026-06-19 05:00,23.7,178,13.3,52.2
2026-06-19 06:00,23.9,203,12.6,49.2
2026-06-19 07:00,24.3,285,12.5,47.7
2026-06-19 08:00,26.4,674,13.6,45.2
2026-06-19 09:00,26.7,824,14.7,47.8
2026-06-19 10:00,27.1,904,14,44.6
2026-06-19 11:00,28.7,941,12.1,35.9
2026-06-19 12:00,30.5,889,11.2,30.5
2026-06-19 13:00,30.8,638,12.4,32.5
2026-06-19 14:00,27.7,181,14.9,45.7
2026-06-19 15:00,26.2,64,13.7,46.3
2026-06-19 16:00,23.7,126,14.6,57
2026-06-19 17:00,23.8,33,13.7,53.2
2026-06-19 18:00,24.3,83,13.1,49.6
2026-06-19 19:00,23.7,9,12.2,48.8
2026-06-19 20:00,22.2,1,12.3,53.6
2026-06-19 21:00,21.1,1,12.5,58.2
2026-06-19 22:00,20.4,1,13.2,63.4
2026-06-19 23:00,19.9,1,13.4,66
2026-06-20 00:00,19.6,1,13.5,67.9
2026-06-20 01:00,19.4,1,13.4,68.4
2026-06-20 02:00,19,1,13.4,70.2
2026-06-20 03:00,19,3,13.4,70.1
2026-06-20 04:00,19.4,42,14,71.1
2026-06-20 05:00,20.6,193,14.6,68.7
2026-06-20 06:00,21.4,366,15.9,70.6
2026-06-20 07:00,22.3,540,15.9,67.3
2026-06-20 08:00,23.3,699,15.2,60.5
2026-06-20 09:00,24.3,831,15.2,56.8
2026-06-20 10:00,25.6,913,14.9,51.8
2026-06-20 11:00,26.9,948,14.4,46.4
2026-06-20 12:00,28.7,929,12.6,36.9
2026-06-20 13:00,29.7,869,9.4,28.4
2026-06-20 14:00,31,746,5.4,20
2026-06-20 15:00,31.3,580,6.9,21.8
2026-06-20 16:00,31.3,409,8.2,23.8
2026-06-20 17:00,30.8,209,9.5,26.7
2026-06-20 18:00,29.3,71,8.7,27.7
2026-06-20 19:00,27.1,4,9.2,32.4
2026-06-20 20:00,25.6,1,7.7,32.2
2026-06-20 21:00,25.1,1,6.7,30.9
2026-06-20 22:00,24.2,1,6.8,32.9
2026-06-20 23:00,23.5,1,7.7,36.2
2026-06-21 00:00,22.6,1,8.6,40.8
2026-06-21 01:00,22.2,1,9.2,43.7
2026-06-21 02:00,22,1,9.8,45.9
2026-06-21 03:00,21.7,4,10.1,47.6
2026-06-21 04:00,21.4,41,10.6,50
2026-06-21 05:00,22.8,199,12.4,51.7
2026-06-21 06:00,23.9,366,13.3,51.4
2026-06-21 07:00,24.8,538,13.5,49.3
2026-06-21 08:00,25.2,693,14.8,52.4
2026-06-21 09:00,26.4,821,14.1,46.9
2026-06-21 10:00,27.4,898,13.1,41.5
2026-06-21 11:00,29.3,930,12.4,35.3
2026-06-21 12:00,29.8,910,13,35.7
2026-06-21 13:00,30.7,861,13.3,34.6
2026-06-21 14:00,31.8,732,13,31.8
2026-06-21 15:00,32.1,506,12.6,30.4
2026-06-21 16:00,30.6,237,14.2,37.2
2026-06-21 17:00,30.7,271,14.4,37.2
2026-06-21 18:00,29.3,104,14.6,40.9
2026-06-21 19:00,28.2,14,14.5,43
2026-06-21 20:00,27.3,1,13.2,41.8
2026-06-21 21:00,26.5,1,12.6,42.1
2026-06-21 22:00,26,1,13.1,44.8
2026-06-21 23:00,25,1,12.9,47
2026-06-22 00:00,24,1,12.7,49.4
2026-06-22 01:00,23.6,1,12,48.2
2026-06-22 02:00,22.9,1,11.9,50.2
2026-06-22 03:00,22.7,4,11.9,50.8
2026-06-22 04:00,22.6,39,11.8,50.5
2026-06-22 05:00,23.8,199,13.3,51.8
2026-06-22 06:00,24.9,369,15,54.4
2026-06-22 07:00,25.4,539,15.4,53.9
2026-06-22 08:00,26.5,695,14.1,46.7
2026-06-22 09:00,27.7,826,13.3,41.1
2026-06-22 10:00,29.1,903,13.2,37.9
2026-06-22 11:00,30.8,940,12.2,32.1
2026-06-22 12:00,31.9,922,13.2,32.2
2026-06-22 13:00,33,862,13.8,31.4
2026-06-22 14:00,34.1,735,12.2,26.6
2026-06-22 15:00,35.3,587,9.8,21.2
2026-06-22 16:00,34.9,420,10.6,22.9
2026-06-22 17:00,34.1,267,11.6,25.4
2026-06-22 18:00,32.6,101,13,30.6
2026-06-22 19:00,30.3,9,12.6,33.8
2026-06-22 20:00,30,1,11.2,31.5
2026-06-22 21:00,29.6,1,11.3,32.5
2026-06-22 22:00,28.2,1,11.6,35.9
2026-06-22 23:00,26.7,1,12.4,41.1
2026-06-23 00:00,25.7,1,12.6,44
2026-06-23 01:00,24.3,1,13.6,51.3
2026-06-23 02:00,23.9,1,12.7,49.5
2026-06-23 03:00,23.5,4,12.3,49.4
2026-06-23 04:00,23.4,37,11.9,48.3
2026-06-23 05:00,24.3,203,12.9,49
2026-06-23 06:00,25.3,376,14.1,49.7
2026-06-23 07:00,26,543,13.9,47.3
2026-06-23 08:00,26.7,693,15.7,51
2026-06-23 09:00,28.1,819,12.2,37.4
2026-06-23 10:00,29.8,902,12.5,34.4
2026-06-23 11:00,31.2,929,14.1,35.6
2026-06-23 12:00,32,920,15,35.8
2026-06-23 13:00,33.4,862,13.8,30.9
2026-06-23 14:00,35.3,715,9.1,20.2
2026-06-23 15:00,35,506,9.6,21.3
2026-06-23 16:00,34.1,368,11.4,25.2
2026-06-23 17:00,33.1,221,12.9,29.3
2026-06-23 18:00,31.8,97,12.4,30.6
2026-06-23 19:00,30,13,13.1,35.7
2026-06-23 20:00,29.1,1,13.9,39.6
2026-06-23 21:00,29.2,0,12.8,36.6
2026-06-23 22:00,27.9,2,12.9,40
2026-06-23 23:00,26,1,13.5,46
2026-06-24 00:00,24.7,1,13.6,50
2026-06-24 01:00,24.3,1,13.2,50.2
2026-06-24 02:00,24.1,1,12.9,49.6
2026-06-24 03:00,23.5,4,12.4,49.7
2026-06-24 04:00,23.2,37,12.5,51
2026-06-24 05:00,24.4,195,13.5,50.5
2026-06-24 06:00,25.3,364,14.3,50.4
2026-06-24 07:00,25.7,532,14.9,51.2
2026-06-24 08:00,26.8,681,15.7,50.8
2026-06-24 09:00,28,814,13.7,41.5
2026-06-24 10:00,29.2,891,14.3,40.3
2026-06-24 11:00,30.4,920,14.8,38.7
2026-06-24 12:00,32,906,15.5,37
2026-06-24 13:00,34.4,848,13.4,28.6
2026-06-24 14:00,35.1,731,12.1,25.1
2026-06-24 15:00,34.9,574,12.1,25.3
2026-06-24 16:00,34.5,418,12,25.6
2026-06-24 17:00,33.7,263,12.5,27.7
2026-06-24 18:00,32.5,109,12.1,28.9
2026-06-24 19:00,30.9,15,11.1,29.5
2026-06-24 20:00,29.9,2,12.2,34.3
2026-06-24 21:00,27.4,1,15.9,49.3
2026-06-24 22:00,26.8,1,14.7,47.5
2026-06-24 23:00,25.5,1,14.4,50.6
2026-06-25 00:00,23.7,1,14.4,56.1
2026-06-25 01:00,22.9,1,14.2,58.1
2026-06-25 02:00,22.4,1,14.6,61.5
2026-06-25 03:00,21.8,4,15.1,65.5
2026-06-25 04:00,21.7,36,15.1,66.1
2026-06-25 05:00,23,193,16.1,65.2
2026-06-25 06:00,24.1,359,17.2,65.5
2026-06-25 07:00,24.4,526,17.6,65.8
2026-06-25 08:00,25.2,681,17.4,61.9
2026-06-25 09:00,26.3,816,16.4,54.8
2026-06-25 10:00,27.8,900,14.7,45
2026-06-25 11:00,29.5,928,14.3,39.4
2026-06-25 12:00,30.6,913,15.8,40.8
2026-06-25 13:00,31.1,867,15.8,39.8
2026-06-25 14:00,31.5,750,16.5,40.3
2026-06-25 15:00,31.9,645,15.9,38.3
2026-06-25 16:00,30.9,156,15.2,38.6
2026-06-25 17:00,30,46,15.6,41.9
2026-06-25 18:00,29.6,29,14.4,39.6
2026-06-25 19:00,29.6,6,12.9,35.9
2026-06-25 20:00,29.5,1,12.8,35.8
2026-06-25 21:00,28.3,1,13.1,39.3
2026-06-25 22:00,27.1,1,13.5,43.1
2026-06-25 23:00,26.4,1,13.8,45.5
2026-06-26 00:00,26.6,1,13.7,45.1
2026-06-26 01:00,26.4,1,14,46.2
2026-06-26 02:00,25.1,1,14,50.3
2026-06-26 03:00,24.6,4,14.3,52.6
2026-06-26 04:00,24.2,70,14.7,55.5
2026-06-26 05:00,25.7,211,15.8,54.3
2026-06-26 06:00,27,358,16,51
2026-06-26 07:00,27.6,523,15.2,46.8
2026-06-26 08:00,28.1,676,15.8,47.2
2026-06-26 09:00,28.9,809,15,42.8
2026-06-26 10:00,30.5,890,14.4,37.6
2026-06-26 11:00,31.4,916,14.7,36.5
2026-06-26 12:00,31.5,902,16.1,39.6
2026-06-26 13:00,32.5,844,14.5,33.7
2026-06-26 14:00,31.6,161,13.8,34
2026-06-26 15:00,31,81,15,37.9
2026-06-26 16:00,29.9,136,17.3,47.2
2026-06-26 17:00,30.6,186,17.7,46.2
2026-06-26 18:00,30.4,67,18.1,47.8
2026-06-26 19:00,29.4,11,16.7,46.2
2026-06-26 20:00,28.5,1,15.3,44.7
2026-06-26 21:00,27.6,1,15,46.1
2026-06-26 22:00,26.8,1,15.1,48.6
2026-06-26 23:00,26.1,1,15.2,51.1
2026-06-27 00:00,25.4,1,15.4,53.8
2026-06-27 01:00,25,1,15.4,55.3
2026-06-27 02:00,24.6,1,15.3,56.2
2026-06-27 03:00,24,3,15.1,57.8
2026-06-27 04:00,23.9,34,15,57.5
2026-06-27 05:00,25.1,188,16.2,57.9
2026-06-27 06:00,26.7,353,17.6,57.5
2026-06-27 07:00,27.4,520,18,56.5
2026-06-27 08:00,28.1,674,17.3,51.9
2026-06-27 09:00,29.2,807,17.3,48.8
2026-06-27 10:00,30.6,889,16.2,42.1
2026-06-27 11:00,31.6,924,16.3,39.8
2026-06-27 12:00,33.3,904,15.3,33.8
2026-06-27 13:00,34.3,843,14.8,31.1
2026-06-27 14:00,35,733,12.8,26.4
2026-06-27 15:00,35,574,13.1,26.8
2026-06-27 16:00,35.1,389,12.1,25
2026-06-27 17:00,34.5,224,12.6,26.7
2026-06-27 18:00,32.7,117,14.7,34
2026-06-27 19:00,30.8,14,15.3,39.3
2026-06-27 20:00,29.3,1,15.4,43
2026-06-27 21:00,28.3,1,15.8,46.5
2026-06-27 22:00,27.1,1,16.7,53
2026-06-27 23:00,26.8,1,15.2,49.2
2026-06-28 00:00,26.3,1,14.7,48.7
2026-06-28 01:00,25.2,2,14.3,51.1
2026-06-28 02:00,24.1,1,14.1,53.7
2026-06-28 03:00,23.4,3,13.6,54.2
2026-06-28 04:00,23.3,35,14.7,58.5
2026-06-28 05:00,24.6,189,16,58.9
2026-06-28 06:00,25.9,359,18.4,63.6
2026-06-28 07:00,26.7,420,18.2,59.4
2026-06-28 08:00,28.5,675,16,46.9
2026-06-28 09:00,29.5,827,15.1,41.8
2026-06-28 10:00,30.4,904,15.4,40.2
2026-06-28 11:00,32,935,13.1,31.8
2026-06-28 12:00,32.7,919,11.4,27.4
2026-06-28 13:00,33.4,851,9.7,23.4
2026-06-28 14:00,34.1,742,8.9,21.4
2026-06-28 15:00,34,592,9.2,22
2026-06-28 16:00,34.5,472,10.5,23.3
2026-06-28 17:00,33.1,270,12.1,28
2026-06-28 18:00,31.1,104,13.5,34.2
2026-06-28 19:00,29.7,11,11.6,32.8
2026-06-28 20:00,28.8,1,11.5,34.4
2026-06-28 21:00,27.7,1,12,37.8
2026-06-28 22:00,26.3,1,13.1,44
2026-06-28 23:00,26.2,1,14.6,48.9
2026-06-29 00:00,25.3,1,15.4,54
2026-06-29 01:00,23.9,1,14.8,56.7
2026-06-29 02:00,23.2,1,14.3,57.3
2026-06-29 03:00,23.2,2,14.7,58.8
2026-06-29 04:00,23.9,40,14.8,56.8
2026-06-29 05:00,24.4,86,15.5,57.6
2026-06-29 06:00,25.8,360,14.6,50
2026-06-29 07:00,26.8,508,14.8,47.9
2026-06-29 08:00,28,678,15.2,45.6
2026-06-29 09:00,28.8,731,15.9,45.4
2026-06-29 10:00,29.7,897,16.4,44.7
2026-06-29 11:00,30.9,930,15.3,39
2026-06-29 12:00,31.9,911,14,33.9
2026-06-29 13:00,32.1,721,12.6,30.7
2026-06-29 14:00,30.9,649,15.9,40.8
2026-06-29 15:00,29.7,425,16.3,44.6
2026-06-29 16:00,29.5,352,16.2,44.8
2026-06-29 17:00,28.4,61,15.5,45.4
2026-06-29 18:00,26.2,35,17.3,58.2
2026-06-29 19:00,24.6,8,18.6,69
2026-06-29 20:00,24.6,1,17.3,64.1
2026-06-29 21:00,24.9,1,15.3,55.2
2026-06-29 22:00,24.7,1,15.1,55.2
2026-06-29 23:00,23.9,1,17.1,65.7
2026-06-30 00:00,23.1,1,17.2,69.7
2026-06-30 01:00,22.2,1,16.9,71.9
2026-06-30 02:00,21.6,1,16.5,72.7
2026-06-30 03:00,21,3,15.8,72.2
2026-06-30 04:00,21.2,35,16,72.3
2026-06-30 05:00,22.4,177,16.2,67.8
2026-06-30 06:00,23.2,324,16,63.9
2026-06-30 07:00,23.8,517,15.7,60.5
2026-06-30 08:00,24.3,672,16.1,60.3
2026-06-30 09:00,24.8,799,17.1,62
2026-06-30 10:00,26.1,879,17,57.3
2026-06-30 11:00,27.4,911,16.5,51.4
2026-06-30 12:00,28.4,909,15.4,45
2026-06-30 13:00,28.2,321,15.7,46.6
2026-06-30 14:00,28.8,351,16.6,47.7
2026-06-30 15:00,29.1,441,16.2,45.8
2026-06-30 16:00,28.9,293,16.7,47.7
2026-06-30 17:00,28.7,238,16.1,46.4
2026-06-30 18:00,27.7,37,16,49
2026-06-30 19:00,26.5,7,16.9,55.5
2026-06-30 20:00,25.5,1,18.4,64.9
2026-06-30 21:00,25.1,1,18.5,67.1
2026-06-30 22:00,23.9,1,18.4,71.5
2026-06-30 23:00,23.2,1,16.2,64.8
2026-07-01 00:00,22.6,1,16,66.3
2026-07-01 01:00,22.5,1,16.8,70.4
2026-07-01 02:00,22.2,1,18.2,78
2026-07-01 03:00,21.8,2,18.3,80.4
2026-07-01 04:00,21.9,33,18,78.6
2026-07-01 05:00,22.6,111,18.7,78.6
2026-07-01 06:00,22.7,115,19.4,81.4
2026-07-01 07:00,23.2,400,19.3,78.7
2026-07-01 08:00,22.8,163,18.1,75.2
2026-07-01 09:00,18.3,16,15.2,82.5
2026-07-01 10:00,18.8,213,16,83.9
2026-07-01 11:00,20.7,550,15.6,72.9
2026-07-01 12:00,22.2,710,14.4,61.6
2026-07-01 13:00,22.1,584,14.4,61.6
2026-07-01 14:00,22.7,560,14.6,60.3
2026-07-01 15:00,23,514,14.9,60.4
2026-07-01 16:00,23.3,309,15.1,60
2026-07-01 17:00,23.8,162,12.7,50.1
2026-07-01 18:00,23.3,80,11.7,48
2026-07-01 19:00,21.6,8,11.5,52.5
2026-07-01 20:00,20.5,1,11.2,55
2026-07-01 21:00,20.1,1,10,52.5
2026-07-01 22:00,20.2,1,7.9,44.9
2026-07-01 23:00,19.6,1,7.7,46.1
2026-07-02 00:00,18.7,1,8.2,50.6
2026-07-02 01:00,18.3,1,8,51.1
2026-07-02 02:00,17.4,1,8.8,56.8
2026-07-02 03:00,18,3,9.4,57
2026-07-02 04:00,18.5,28,9.5,55.9
2026-07-02 05:00,19.6,206,9.9,53.5
2026-07-02 06:00,21.1,383,11,52.3
2026-07-02 07:00,22.4,557,9.6,44.3
2026-07-02 08:00,23.8,714,8.2,36.8
2026-07-02 09:00,25,849,7.5,32.7
2026-07-02 10:00,25.9,934,7.4,30.8
2026-07-02 11:00,26.7,993,6.6,27.8
2026-07-02 12:00,26.8,759,8.8,32.3
2026-07-02 13:00,27.7,870,7.9,28.5
2026-07-02 14:00,27.3,759,10,33.8
2026-07-02 15:00,27.6,593,8.3,29.7
2026-07-02 16:00,27.4,418,8.2,29.9
2026-07-02 17:00,27.3,247,8.3,30.2
2026-07-02 18:00,26.1,78,8.7,33.3
2026-07-02 19:00,24.5,6,9,37.5
2026-07-02 20:00,23.6,1,8.3,37.7
2026-07-02 21:00,22.7,1,7.9,38.7
2026-07-02 22:00,21.8,1,8.3,41.8
2026-07-02 23:00,21.4,1,8.9,44.7
2026-07-03 00:00,21.3,1,9.3,46.4
2026-07-03 01:00,21.1,1,10.8,51.7
2026-07-03 02:00,20.6,1,11.7,56.7
2026-07-03 03:00,20.4,4,12.2,59.5
2026-07-03 04:00,20.1,50,12.4,61
2026-07-03 05:00,21.1,250,12.7,58.7
2026-07-03 06:00,22.4,455,12.3,52.8
2026-07-03 07:00,23.4,545,12.2,49.5
2026-07-03 08:00,24.4,700,12.5,47.6
2026-07-03 09:00,24.5,813,13.8,51.3
2026-07-03 10:00,25.8,994,13.6,46.9
2026-07-03 11:00,26.5,724,12.6,42.4
2026-07-03 12:00,27.4,736,11.7,37.7
2026-07-03 13:00,27.6,803,12.4,39.1
2026-07-03 14:00,28.2,571,10.2,32.7
2026-07-03 15:00,28.3,436,9.5,30.8
2026-07-03 16:00,28.2,431,9.3,30.6
2026-07-03 17:00,27.4,253,8.8,31
2026-07-03 18:00,26.3,81,8.5,32.4
2026-07-03 19:00,24.6,7,8.3,35.3
2026-07-03 20:00,23.4,1,9.2,40.4
2026-07-03 21:00,22.7,1,9.3,42.5
2026-07-03 22:00,21.9,1,8.5,42.2
2026-07-03 23:00,21.5,1,7.5,40.5
2026-07-04 00:00,21,1,8.4,44.3
2026-07-04 01:00,20.5,1,8,44.3
2026-07-04 02:00,20.1,1,6.9,42.4
2026-07-04 03:00,19.6,3,6.3,41.8
2026-07-04 04:00,19.5,26,5.3,39.1
2026-07-04 05:00,20.5,208,6,38.9
2026-07-04 06:00,22,384,6.1,35.8
2026-07-04 07:00,23.3,562,5.9,32.6
2026-07-04 08:00,24.6,719,5.4,29.1
2026-07-04 09:00,25.7,858,6,28.4
2026-07-04 10:00,26.3,945,6.8,29.1
2026-07-04 11:00,26.6,970,8.2,31.4
2026-07-04 12:00,27.2,954,7.1,28.1
2026-07-04 13:00,28.4,881,5.5,23.3
2026-07-04 14:00,28.5,770,4.8,22
2026-07-04 15:00,28.9,607,3,19
2026-07-04 16:00,29.2,433,0.8,16.1
2026-07-04 17:00,29.2,261,2.1,17.5
2026-07-04 18:00,28,83,1.7,18.3
2026-07-04 19:00,25.9,7,1.9,20.9
2026-07-04 20:00,24.4,1,1.9,22.9
2026-07-04 21:00,23.1,1,2.5,26
2026-07-04 22:00,21.7,1,3.4,29.9
2026-07-04 23:00,21.2,1,3.3,30.8
2026-07-05 00:00,20.6,1,2.8,30.8
2026-07-05 01:00,20.1,1,2.5,31.3
2026-07-05 02:00,19.3,1,2.7,33
2026-07-05 03:00,18.6,3,3.1,35.6
2026-07-05 04:00,18.1,24,3.8,38.8
2026-07-05 05:00,19.8,205,5.4,38.7
2026-07-05 06:00,21.8,382,7.7,40.4
2026-07-05 07:00,22.4,554,9.4,43.5
2026-07-05 08:00,23.4,709,8.7,39
2026-07-05 09:00,24.6,841,9,37.3
2026-07-05 10:00,26,930,7.7,31.4
2026-07-05 11:00,27,951,5.5,25.5
2026-07-05 12:00,28.5,934,4.2,21.2
2026-07-05 13:00,29.5,867,5.9,22.5
2026-07-05 14:00,29.9,747,6.1,22.3
2026-07-05 15:00,30,578,6.3,22.5
2026-07-05 16:00,29.7,355,7.1,24.2
2026-07-05 17:00,28.8,250,7.2,25.6
2026-07-05 18:00,27.5,68,7.8,28.8
2026-07-05 19:00,26,8,8.3,32.5
2026-07-05 20:00,24.2,2,8.7,37.4
2026-07-05 21:00,23.5,1,9,39.7
2026-07-05 22:00,22.9,1,9.4,42
2026-07-05 23:00,22.3,1,9.7,44.8
2026-07-06 00:00,21.6,1,9.9,47.4
2026-07-06 01:00,20.6,1,10.2,51.2
2026-07-06 02:00,20,1,10.6,54.8
2026-07-06 03:00,19.7,3,10.7,56
2026-07-06 04:00,19.8,40,11.1,57.1
2026-07-06 05:00,21.3,201,11.8,54.8
2026-07-06 06:00,22.4,360,13,55.4
2026-07-06 07:00,23,518,13.1,53.6
2026-07-06 08:00,23.8,703,13.5,52.6
2026-07-06 09:00,24.9,833,12.5,46.1
2026-07-06 10:00,26.2,890,10.8,38.1
2026-07-06 11:00,27.6,929,8.7,30.5
2026-07-06 12:00,28.6,926,6.8,25.5
2026-07-06 13:00,29.6,880,4.9,21.4
2026-07-06 14:00,29.8,627,5.7,22
2026-07-06 15:00,30.2,602,6.2,22.2
2026-07-06 16:00,29.6,424,8,25.9
2026-07-06 17:00,29.9,247,5.2,21
2026-07-06 18:00,28.9,69,5.8,23.3
2026-07-06 19:00,26.6,8,6.7,28.2
2026-07-06 20:00,25.3,1,7.2,31.7
2026-07-06 21:00,24.2,1,7.3,34
2026-07-06 22:00,23.3,1,6.9,34.7
2026-07-06 23:00,22.7,1,6.3,34.6
2026-07-07 00:00,21.6,1,6.2,36.8
2026-07-07 01:00,20.8,1,6.1,38.5
2026-07-07 02:00,20,1,6,40.1
2026-07-07 03:00,19.3,3,6.1,42
2026-07-07 04:00,19.1,24,6.5,43.8
2026-07-07 05:00,21.2,199,7.4,41
2026-07-07 06:00,22.8,365,9.3,42.3
2026-07-07 07:00,23.5,528,10.8,44.9
2026-07-07 08:00,24.3,706,11.7,45.3
2026-07-07 09:00,25.3,866,11.8,42.9
2026-07-07 10:00,26.9,969,10.2,35.1
2026-07-07 11:00,29,990,7.6,26.2
2026-07-07 12:00,29.6,741,5.6,22
2026-07-07 13:00,30.8,691,3.3,17.5
2026-07-07 14:00,31.2,433,2.6,16.2
2026-07-07 15:00,31.8,482,2,15.1
2026-07-07 16:00,29.8,451,7.9,25.7
2026-07-07 17:00,29.7,175,3.7,19.2
2026-07-07 18:00,28.5,51,5.9,23.8
2026-07-07 19:00,26.7,7,5.2,25.3
2026-07-07 20:00,25.2,1,4.9,26.9
2026-07-07 21:00,24.3,1,4.3,27.3
2026-07-07 22:00,23.5,1,4.3,28.6
2026-07-07 23:00,22.9,1,4.2,29.4
2026-07-08 00:00,22.3,1,4.3,31
2026-07-08 01:00,21.5,1,4.9,33.8
2026-07-08 02:00,21.1,1,5.1,35.3
2026-07-08 03:00,20.5,2,5.5,37.3
2026-07-08 04:00,20.4,26,6.7,41.1
2026-07-08 05:00,22,195,8.3,41.5
2026-07-08 06:00,24.6,360,8.7,36.5
2026-07-08 07:00,25,531,9.5,37.6
2026-07-08 08:00,25.5,691,11.9,42.9
2026-07-08 09:00,27.2,829,10.8,36.5
2026-07-08 10:00,29,911,6.7,24.5
2026-07-08 11:00,30.2,933,5.7,21.4
2026-07-08 12:00,31.3,917,5.3,19.5
2026-07-08 13:00,32.3,855,5.7,19.1
2026-07-08 14:00,32,741,8.1,22.7
2026-07-08 15:00,32.7,580,6,18.9
2026-07-08 16:00,32.7,413,5,17.6
2026-07-08 17:00,31.6,239,7.2,21.9
2026-07-08 18:00,29.8,73,10.2,29.7
2026-07-08 19:00,28,6,10.6,33.9
2026-07-08 20:00,26.8,1,11,37.4
2026-07-08 21:00,26,1,11.2,39.7
2026-07-08 22:00,25.6,1,11.2,40.6
2026-07-08 23:00,25,1,11.2,42
2026-07-09 00:00,24.2,1,11.3,44.2
2026-07-09 01:00,23.7,1,11.5,46.5
2026-07-09 02:00,23.5,1,11.2,46.1
2026-07-09 03:00,22.9,2,11.1,47.4
2026-07-09 04:00,22.6,21,11.3,49
2026-07-09 05:00,23.2,189,11.7,48.4
2026-07-09 06:00,24.7,362,12.2,45.8
2026-07-09 07:00,25.1,532,13.7,49.1
2026-07-09 08:00,26.5,691,13.5,45.1
2026-07-09 09:00,27.5,825,13.6,43
2026-07-09 10:00,29,913,13.9,39.8
2026-07-09 11:00,29.9,944,14,38.3
2026-07-09 12:00,32.1,944,8.8,23.9
2026-07-09 13:00,32.3,873,7.5,22
2026-07-09 14:00,33.2,757,4.4,16.5
2026-07-09 15:00,33.3,593,3.9,15.8
2026-07-09 16:00,33,421,3.9,16
2026-07-09 17:00,32,252,4.4,17.7
2026-07-09 18:00,30.5,78,6.2,21.7
2026-07-09 19:00,29.1,6,6.1,23.4
2026-07-09 20:00,28,1,6.1,25
2026-07-09 21:00,26.8,1,7,28.4
2026-07-09 22:00,26.3,1,6.6,28.5
2026-07-09 23:00,25.1,2,7.7,33
2026-07-10 00:00,23.8,1,8.5,37.5
2026-07-10 01:00,22.7,1,9.2,42.3
2026-07-10 02:00,22,1,9.6,45.3
2026-07-10 03:00,21.9,2,9.8,46.3
2026-07-10 04:00,21.6,20,10.1,48.1
2026-07-10 05:00,22.4,185,10.8,47.7
2026-07-10 06:00,24.1,355,11.8,46.2
2026-07-10 07:00,24.5,522,12.9,48.5
2026-07-10 08:00,25.3,674,13.3,47.5
2026-07-10 09:00,26.2,806,13,44.1
2026-07-10 10:00,27.3,895,12.6,40.3
2026-07-10 11:00,28.5,921,12.5,37.2
2026-07-10 12:00,29.7,906,12.4,34.5
2026-07-10 13:00,30.9,844,11.8,31
2026-07-10 14:00,31.4,748,11.7,29.9
2026-07-10 15:00,32.9,611,8.9,23
2026-07-10 16:00,32.1,331,10.1,25.8
2026-07-10 17:00,30.7,121,13.9,36
2026-07-10 18:00,29.3,48,12.9,36.6
2026-07-10 19:00,28.1,5,12.9,39.5
2026-07-10 20:00,27.1,1,13,41.5
2026-07-10 21:00,26.8,1,11.6,38.8
2026-07-10 22:00,25.9,1,11.4,40.4
2026-07-10 23:00,24.8,1,13,47.9
2026-07-11 00:00,24.7,1,15,54.8
2026-07-11 01:00,24.6,1,15.8,58.2
2026-07-11 02:00,24.2,1,15.7,59.4
2026-07-11 03:00,23.6,7,15.9,62.2
2026-07-11 04:00,24,57,14.7,56.1
2026-07-11 05:00,24.6,185,14.3,52.9
2026-07-11 06:00,25.8,314,13.1,45.4
2026-07-11 07:00,26.2,412,13.9,46.8
2026-07-11 08:00,26.7,676,14.8,48.2
2026-07-11 09:00,27.9,817,14.6,44.2
2026-07-11 10:00,29.4,900,13.7,38.4
2026-07-11 11:00,30.1,942,11.6,32.1
2026-07-11 12:00,30.8,925,12.6,32.9
2026-07-11 13:00,32.4,895,10.1,25.4
2026-07-11 14:00,33.3,825,10.5,24.9
2026-07-11 15:00,28.8,168,14.6,42.6
2026-07-11 16:00,25,45,15.6,55.9
2026-07-11 17:00,25.8,64,13.6,47.1
2026-07-11 18:00,26.2,68,11.9,41.1
2026-07-11 19:00,25.8,5,10.4,38.1
2026-07-11 20:00,24,1,11.1,44.4
2026-07-11 21:00,24.3,0,11,43.3
2026-07-11 22:00,23.6,1,11,44.9
2026-07-11 23:00,23.5,1,11.2,45.9
2026-07-12 00:00,23.6,1,11.5,46.6
2026-07-12 01:00,23.1,1,11.8,49
2026-07-12 02:00,22.9,1,11.5,48.7
2026-07-12 03:00,22.2,2,12.5,54.2
2026-07-12 04:00,21,22,12.2,57.4
2026-07-12 05:00,22.1,177,12.5,54.6
2026-07-12 06:00,23.7,352,13.3,52
2026-07-12 07:00,24,524,14,53.4
2026-07-12 08:00,24.9,682,13.9,50.7
2026-07-12 09:00,26.3,818,13.5,45.4
2026-07-12 10:00,27.5,908,12.2,38.5
2026-07-12 11:00,28.6,941,13.3,38.8
2026-07-12 12:00,30,920,13.8,37.2
2026-07-12 13:00,31.5,861,14.2,35.1
2026-07-12 14:00,32.2,749,13.4,32.3
2026-07-12 15:00,33.7,593,7,19.4
2026-07-12 16:00,33.6,426,4.6,16.3
2026-07-12 17:00,32.7,255,4.8,17.3
2026-07-12 18:00,31.2,79,4.6,18.7
2026-07-12 19:00,29.4,6,4.6,20.6
2026-07-12 20:00,28.2,1,4.4,21.9
2026-07-12 21:00,27.7,1,5.2,23.8
2026-07-12 22:00,26.3,1,5.4,26.4
2026-07-12 23:00,25,1,5.8,29.1
2026-07-13 00:00,23.2,1,6.2,33.4
2026-07-13 01:00,22.5,1,6.5,35.6
2026-07-13 02:00,22.1,1,6.8,37.2
2026-07-13 03:00,21.7,5,7.7,40.6
2026-07-13 04:00,21.9,56,8,41
2026-07-13 05:00,22.7,120,9.1,42.1
2026-07-13 06:00,24,310,11.2,44.8
2026-07-13 07:00,24.8,487,11.3,42.9
2026-07-13 08:00,25.1,578,10.5,39.7
2026-07-13 09:00,25.5,519,11.1,40.4
2026-07-13 10:00,26.6,560,9.8,35
2026-07-13 11:00,27.5,764,9.5,32.4
2026-07-13 12:00,28.6,849,10,31.3
2026-07-13 13:00,28.1,350,10.7,34
2026-07-13 14:00,28.9,242,11.4,33.8
2026-07-13 15:00,27.5,110,14.1,43.8
2026-07-13 16:00,27.9,177,14,42.6
2026-07-13 17:00,28.6,142,12.4,36.8
2026-07-13 18:00,28.2,35,12.9,39
2026-07-13 19:00,27.3,4,12.6,40.2
2026-07-13 20:00,26.5,1,12.3,41.2
2026-07-13 21:00,25.5,1,12.2,43.6
2026-07-13 22:00,25.6,1,12.2,43.4
2026-07-13 23:00,24.9,1,12.7,46.7
2026-07-14 00:00,24.3,1,13.1,49.7
2026-07-14 01:00,24.3,1,13.2,50
2026-07-14 02:00,23.6,1,13.3,52.5
2026-07-14 03:00,23.1,1,13.5,54.5
2026-07-14 04:00,23.2,40,13.6,54.8
2026-07-14 05:00,24.4,150,14.4,53.8
2026-07-14 06:00,26.3,257,14,46.9
2026-07-14 07:00,27,463,15.3,48.8
2026-07-14 08:00,27.3,607,15.4,48
2026-07-14 09:00,28.5,672,14.5,42.6
2026-07-14 10:00,30.5,862,14.6,38.1
2026-07-14 11:00,31.1,892,14.3,36.1
2026-07-14 12:00,32.6,916,13.4,31.3
2026-07-14 13:00,33.3,797,12.5,28.5
2026-07-14 14:00,34,588,11.5,25.6
2026-07-14 15:00,33.9,440,12.2,26.9
2026-07-14 16:00,33.9,344,12.8,27.8
2026-07-14 17:00,32.8,124,12.3,28.9
2026-07-14 18:00,30.7,86,15.6,40.4
2026-07-14 19:00,29.6,8,13.6,37.6
2026-07-14 20:00,28.3,1,12.6,38.1
2026-07-14 21:00,27.9,1,11.9,37
2026-07-14 22:00,27.7,1,12,37.6
2026-07-14 23:00,27.1,1,12.7,41
2026-07-15 00:00,26.2,1,13,44.1
2026-07-15 01:00,25.1,1,13.3,47.9
2026-07-15 02:00,25,1,13.2,48
2026-07-15 03:00,24.2,2,13.7,51.6
2026-07-15 04:00,24,17,14.2,54
2026-07-15 05:00,25,117,14.6,52.6
2026-07-15 06:00,26.1,269,15.4,51.9
2026-07-15 07:00,26.5,390,15.3,50.1
2026-07-15 08:00,26.9,466,15.8,50.7
2026-07-15 09:00,27.8,598,15.7,47.6
2026-07-15 10:00,29,682,15.5,44.1
2026-07-15 11:00,26.7,44,16.3,54.1
2026-07-15 12:00,21.7,163,18.3,81.1
2026-07-15 13:00,25,495,18.6,68.2
2026-07-15 14:00,25.9,403,17.9,61.5
2026-07-15 15:00,25.2,248,18.2,65.4
2026-07-15 16:00,26.4,392,17.1,56.7
2026-07-15 17:00,26.5,233,15.7,51.6
2026-07-15 18:00,25.2,40,16,56.4
2026-07-15 19:00,23.9,3,17,65.2
2026-07-15 20:00,22.6,1,17.1,71.1
2026-07-15 21:00,22,1,17,73.4
2026-07-15 22:00,21.7,1,16.7,73.4
2026-07-15 23:00,21.6,1,16.5,72.6
2026-07-16 00:00,21.1,1,16.1,73.5
2026-07-16 01:00,20.4,1,15.9,75.3
2026-07-16 02:00,20.1,1,15.6,75.3
2026-07-16 03:00,19.5,2,15.1,75.7
2026-07-16 04:00,19.4,23,15,75.7
2026-07-16 05:00,20.9,163,15.2,70.1
2026-07-16 06:00,22.3,338,15.8,66.7
2026-07-16 07:00,23.3,496,16.1,63.8
2026-07-16 08:00,24.1,642,16.9,64.4
2026-07-16 09:00,24.7,772,16.8,61.5
2026-07-16 10:00,25.9,880,15.9,54
2026-07-16 11:00,26.7,746,15.6,50.6
2026-07-16 12:00,28.1,512,14.1,42.4
2026-07-16 13:00,29.1,460,15.6,44.2
2026-07-16 14:00,27.9,215,16.3,49.3
2026-07-16 15:00,28.2,239,15.9,47.1
2026-07-16 16:00,28.3,177,12.8,38.4
2026-07-16 17:00,27.2,9,13.2,42.2
2026-07-16 18:00,24.6,5,12.4,46.9
2026-07-16 19:00,24.4,2,11.7,45
2026-07-16 20:00,21.6,2,14.1,62.2
2026-07-16 21:00,20.4,2,15.4,74.1
2026-07-16 22:00,18.6,1,18.4,98.4
2026-07-16 23:00,18.5,1,18.5,99.9
2026-07-17 00:00,19.6,0,17.2,86.2
2026-07-17 01:00,19.3,1,17,86.3
2026-07-17 02:00,18.5,1,16.7,89.6
2026-07-17 03:00,19.5,1,13.9,70.4
2026-07-17 04:00,18.5,35,14.9,79.5
2026-07-17 05:00,19.3,104,15.9,80.8
2026-07-17 06:00,20.3,306,15.7,74.8
2026-07-17 07:00,22,507,14.5,62.5
2026-07-17 08:00,23.5,664,14.4,56.5
2026-07-17 09:00,23.4,799,15.3,60.3
2026-07-17 10:00,24.3,901,14.7,55.1
2026-07-17 11:00,25.5,916,14.2,49.4
2026-07-17 12:00,26.6,900,13.5,44.6
2026-07-17 13:00,27.5,823,13.2,41.6
2026-07-17 14:00,28.5,614,13.4,39.5
2026-07-17 15:00,29.9,554,12.8,35
2026-07-17 16:00,29.3,321,11.7,33.8
2026-07-17 17:00,28.3,140,12.5,37.6
2026-07-17 18:00,27.8,48,12.4,38.6
2026-07-17 19:00,27.2,2,11.4,37.5
2026-07-17 20:00,25.6,2,12.2,43.2
2026-07-17 21:00,24.7,1,11.5,43.4
2026-07-17 22:00,23.9,1,11.8,46.9
2026-07-17 23:00,22.7,1,12.7,53.5
2026-07-18 00:00,21.8,1,12.6,56
2026-07-18 01:00,21.1,1,12.5,58.1
2026-07-18 02:00,20.9,1,12.9,60.2
2026-07-18 03:00,20.5,1,12.9,61.4
2026-07-18 04:00,20.7,27,13.6,63.9
2026-07-18 05:00,22.1,147,14.9,64
2026-07-18 06:00,22.9,231,15.5,63
2026-07-18 07:00,23.6,391,15.9,62.1
2026-07-18 08:00,24.6,666,14.6,53.7
2026-07-18 09:00,25.8,793,13.1,45.5
2026-07-18 10:00,26.7,897,12.4,41.3
2026-07-18 11:00,27.7,939,12.5,39.1
2026-07-18 12:00,28.9,937,11.9,35.1
2026-07-18 13:00,28.3,790,13.5,40.4
2026-07-18 14:00,29.5,762,12.1,34.2
2026-07-18 15:00,29.4,559,10.9,31.7
2026-07-18 16:00,28.8,298,11.1,33.5
2026-07-18 17:00,28,160,11.1,35.1
2026-07-18 18:00,26.9,58,10.6,36.2
2026-07-18 19:00,25,5,11.3,42.1
2026-07-18 20:00,23.7,1,11.3,45.8
2026-07-18 21:00,22.9,1,11.5,48.6
2026-07-18 22:00,22.5,1,12.1,51.7
2026-07-18 23:00,21.7,1,12.1,54.5
2026-07-19 00:00,21.4,1,11.6,53.7
2026-07-19 01:00,20.8,1,11,53.6
2026-07-19 02:00,20.2,1,11.4,56.9
2026-07-19 03:00,19.5,2,11.7,60.4
2026-07-19 04:00,19.3,20,12.7,65.9
2026-07-19 05:00,20.4,150,12.8,61.8
2026-07-19 06:00,22.2,321,13.5,57.8
2026-07-19 07:00,22.8,501,14,57.6
2026-07-19 08:00,23.4,664,14.5,57.5
2026-07-19 09:00,24.5,814,13.3,49.7
2026-07-19 10:00,25.6,929,12.4,44
2026-07-19 11:00,26.8,966,9.7,34.2
2026-07-19 12:00,27.5,962,9.2,31.7
2026-07-19 13:00,28,857,9.7,31.9
2026-07-19 14:00,28.4,704,9.1,29.9
2026-07-19 15:00,27.9,346,8.6,29.7
2026-07-19 16:00,27.8,390,8.5,29.8
2026-07-19 17:00,26.7,242,9.5,34
2026-07-19 18:00,25.3,61,9.7,37.3
2026-07-19 19:00,23.7,4,9.4,40.2
2026-07-19 20:00,22.6,1,8.4,40.2
2026-07-19 21:00,21.6,1,7.3,39.6
2026-07-19 22:00,21.1,1,8.4,44
2026-07-19 23:00,20.5,1,9.7,49.7
2026-07-20 00:00,20,1,9.1,49.3
2026-07-20 01:00,19.5,1,8.5,48.7
2026-07-20 02:00,18.7,1,8.2,50.3
2026-07-20 03:00,18,2,7.7,51
2026-07-20 04:00,17.5,17,7.3,51.1
2026-07-20 05:00,18,158,7.3,49.7
2026-07-20 06:00,19.9,337,7.8,45.7
2026-07-20 07:00,21.3,519,8.2,42.9
2026-07-20 08:00,21.6,678,9.8,46.9
2026-07-20 09:00,22.4,813,10.2,46.1
2026-07-20 10:00,23.2,900,10.5,44.7
2026-07-20 11:00,24.1,917,10.5,42.6
2026-07-20 12:00,25,909,10.3,39.7
2026-07-20 13:00,26.1,845,8.5,32.8
2026-07-20 14:00,26.9,737,5.9,26.3
2026-07-20 15:00,27.3,537,5.9,25.6
2026-07-20 16:00,27.4,351,6.5,26.6
2026-07-20 17:00,27,185,6.9,27.9
2026-07-20 18:00,25.7,74,7.2,30.8
2026-07-20 19:00,24.1,5,7.3,34.1
2026-07-20 20:00,22.7,1,7.1,36.4
2026-07-20 21:00,21.7,1,5.7,35.3
2026-07-20 22:00,21.1,1,5.3,35.6
2026-07-20 23:00,20.5,1,5,36.1
2026-07-21 00:00,19.5,1,5.1,38.6
2026-07-21 01:00,18.2,1,5.3,42.9
2026-07-21 02:00,17.5,1,5.6,45.4
2026-07-21 03:00,16.6,2,5.3,47
2026-07-21 04:00,16,20,5,48.1
2026-07-21 05:00,16.5,154,5.1,46.9
2026-07-21 06:00,18,335,5.3,43.2
2026-07-21 07:00,19.6,516,5.7,40.3
2026-07-21 08:00,20.5,682,7.1,41.8
2026-07-21 09:00,21.5,817,7.7,41.1
2026-07-21 10:00,21.9,909,7.9,40.6
2026-07-21 11:00,23.1,936,8.6,39.5
2026-07-21 12:00,23.9,909,9,38.8
2026-07-21 13:00,24.7,857,8.9,36.6
2026-07-21 14:00,25.6,686,8.1,32.8
2026-07-21 15:00,26.1,440,8,31.7
2026-07-21 16:00,26.3,410,5.6,26.5
2026-07-21 17:00,25.4,220,4.9,26.7
2026-07-21 18:00,23.9,62,5.7,30.8
2026-07-21 19:00,22.2,4,6,34.9
2026-07-21 20:00,21.2,1,5.3,35.4
2026-07-21 21:00,20.7,1,4.8,35.2
2026-07-21 22:00,19.8,1,5,37.8
2026-07-21 23:00,19.4,1,5,38.7
2026-07-22 00:00,19.5,1,5.3,39.2
2026-07-22 01:00,18.7,1,5.2,41
2026-07-22 02:00,17.9,1,5.1,42.9
2026-07-22 03:00,17.1,2,5.4,46.2
2026-07-22 04:00,16.4,17,5.8,49.5
2026-07-22 05:00,17.2,161,6,47.9
2026-07-22 06:00,18.7,342,6.6,45.3
2026-07-22 07:00,20.3,520,7.6,43.9
2026-07-22 08:00,20.4,679,9,47.6
2026-07-22 09:00,21.3,815,9.3,46.2
2026-07-22 10:00,22.1,910,9.2,43.9
2026-07-22 11:00,23.5,937,9.8,42
2026-07-22 12:00,24.4,917,9.6,39
2026-07-22 13:00,25.8,860,7.4,31.2
2026-07-22 14:00,26.4,738,6.1,27.3
2026-07-22 15:00,27,564,3,21.4
2026-07-22 16:00,27.3,395,2.2,19.7
2026-07-22 17:00,26.9,219,3.4,22
2026-07-22 18:00,25.9,65,4.5,25.3
2026-07-22 19:00,23.5,5,5.2,30.6
2026-07-22 20:00,22.6,1,4.1,30
2026-07-22 21:00,22.1,1,4.2,31.1
2026-07-22 22:00,21.4,1,4.3,32.6
2026-07-22 23:00,20.7,1,4.5,34.5
2026-07-23 00:00,20.3,1,4.7,36.1
2026-07-23 01:00,19.2,1,5.3,40.2
2026-07-23 02:00,18.7,1,5.8,42.6
2026-07-23 03:00,18.7,1,6,43.2
2026-07-23 04:00,18.5,20,7.2,47.5
2026-07-23 05:00,19.4,175,7.1,44.8
2026-07-23 06:00,20.6,264,8,44.3
2026-07-23 07:00,20.9,377,9.5,47.9
2026-07-23 08:00,21.9,609,10.1,47.3
2026-07-23 09:00,22.7,812,9.9,44.4
2026-07-23 10:00,23.7,885,9.7,41.1
2026-07-23 11:00,24.9,926,8.9,36.2
2026-07-23 12:00,25.3,900,8.6,34.9
2026-07-23 13:00,26.6,868,5.5,26.1
2026-07-23 14:00,27.3,759,5.9,25.5
2026-07-23 15:00,27.7,602,5.1,23.7
2026-07-23 16:00,27.4,388,5.6,24.8
2026-07-23 17:00,26.6,188,3.9,23.3
2026-07-23 18:00,25.3,67,3.7,24.7
2026-07-23 19:00,23.4,5,4.8,29.9
2026-07-23 20:00,22.2,1,4.5,31.4
2026-07-23 21:00,21.4,1,4.4,33
2026-07-23 22:00,20.9,1,4.1,33.2
2026-07-23 23:00,20.4,1,4.4,35.1
2026-07-24 00:00,19.8,1,4.9,37.5
2026-07-24 01:00,19.3,1,4.3,37.1
2026-07-24 02:00,18.4,1,4.6,39.9
2026-07-24 03:00,17.4,2,4.7,43.1
2026-07-24 04:00,16.9,13,4.8,45
2026-07-24 05:00,17.2,156,5.6,46.3
2026-07-24 06:00,19.2,342,5.7,41.1
2026-07-24 07:00,20.7,517,6.2,39
2026-07-24 08:00,20.8,675,8,43.7
2026-07-24 09:00,21.8,813,8.6,42.7
2026-07-24 10:00,22.6,901,8.4,40.4
2026-07-24 11:00,23.7,929,8.5,37.9
2026-07-24 12:00,25.3,910,8.2,33.6
2026-07-24 13:00,26.4,846,7.5,30.1
2026-07-24 14:00,27.4,738,6.7,26.9
2026-07-24 15:00,28.6,576,5.8,23.6
2026-07-24 16:00,28.4,415,5.3,23
2026-07-24 17:00,27.6,222,4.3,22.5
2026-07-24 18:00,26.2,81,5.3,26.2
2026-07-24 19:00,24.4,5,4.2,27.3
2026-07-24 20:00,23.2,1,-0.7,20.4
2026-07-24 21:00,21.8,1,-1.7,20.8
2026-07-24 22:00,20.8,1,-0.9,23.4
2026-07-24 23:00,20.1,1,1.6,29.4
2026-07-25 00:00,19.2,1,5.5,40.7
2026-07-25 01:00,18.8,1,6.5,44.6
2026-07-25 02:00,18.5,1,6.9,46.7
2026-07-25 03:00,18.2,1,6.3,45.7
2026-07-25 04:00,18.6,29,6,43.6
2026-07-25 05:00,20,48,7.7,45.1
2026-07-25 06:00,21.5,215,10.1,48.3
2026-07-25 07:00,22.5,404,10.4,46.5
2026-07-25 08:00,22.7,377,10.6,46.2
2026-07-25 09:00,24.4,510,10.1,40.6
2026-07-25 10:00,24.5,468,10.3,40.6
2026-07-25 11:00,25.1,347,10.5,39.9
2026-07-25 12:00,24.8,227,11.2,42.5
2026-07-25 13:00,25.5,241,11.6,41.9
2026-07-25 14:00,26,619,12.9,44.2
2026-07-25 15:00,26.6,501,13,42.9
2026-07-25 16:00,26.1,199,11.9,41.2
2026-07-25 17:00,25.8,103,11.7,41.5
2026-07-25 18:00,25.4,21,11.6,42.2
2026-07-25 19:00,24.2,2,12.5,48
2026-07-25 20:00,23,1,12.8,52.6
2026-07-25 21:00,22.7,1,12.6,53.1
2026-07-25 22:00,22.5,1,11.5,50
2026-07-25 23:00,22.1,1,12.3,53.7
2026-07-26 00:00,21.4,1,12.9,58.6
2026-07-26 01:00,20.3,3,14,67.8
2026-07-26 02:00,17.6,1,15.5,87.7
2026-07-26 03:00,17.6,1,16.1,91
2026-07-26 04:00,17.8,14,15.9,88.5
2026-07-26 05:00,18.2,27,15.6,85
2026-07-26 06:00,18.4,35,16,86.2
2026-07-26 07:00,18.5,69,16,85.6
2026-07-26 08:00,18.8,118,15.8,83
2026-07-26 09:00,19.5,274,15.6,78.4
2026-07-26 10:00,20.1,450,14.7,71.2
2026-07-26 11:00,21,653,14.9,68.2
2026-07-26 12:00,21.8,595,14.5,63.5
2026-07-26 13:00,21.6,323,14.6,64.7
2026-07-26 14:00,22.4,395,14.7,61.7
2026-07-26 15:00,22.8,244,14.5,59.5
2026-07-26 16:00,23,119,13.8,56.2
2026-07-26 17:00,23.1,192,14.8,59.6
2026-07-26 18:00,22.3,26,14.2,59.9
2026-07-26 19:00,22.4,1,13.8,58.3
2026-07-26 20:00,21.5,1,14.1,62.8
2026-07-26 21:00,22.2,0,14.9,63.4
2026-07-26 22:00,21.8,1,15.3,66.6
2026-07-26 23:00,21.8,1,14.9,64.9
2026-07-27 00:00,21.8,1,14.3,62.3
2026-07-27 01:00,21.6,1,12.5,56.2
2026-07-27 02:00,21.4,1,13.3,60.2
2026-07-27 03:00,21.1,1,13.1,60.4
2026-07-27 04:00,21,9,13.1,60.9
2026-07-27 05:00,21.1,84,12.8,59.1
2026-07-27 06:00,21.1,94,12.9,59.7
2026-07-27 07:00,21,90,13.2,60.8
2026-07-27 08:00,22.3,422,14.1,59.8
2026-07-27 09:00,23.7,787,13.8,53.9
2026-07-27 10:00,24.6,811,13.6,50.3
2026-07-27 11:00,25.8,916,12.6,44
2026-07-27 12:00,26.3,894,12.2,41.6
2026-07-27 13:00,26.7,833,10.7,36.8
2026-07-27 14:00,26.7,717,10.9,37.1
2026-07-27 15:00,27,559,10.6,35.9
2026-07-27 16:00,26.8,385,11.6,38.8
2026-07-27 17:00,26.6,210,10.7,36.8
2026-07-27 18:00,26,55,9.9,36.3
2026-07-27 19:00,24.4,3,10.8,42.3
2026-07-27 20:00,23.3,1,11,46
2026-07-27 21:00,22.8,1,10.5,45.7
2026-07-27 22:00,22.3,1,10.5,47.1
2026-07-27 23:00,22,1,10.2,47.2
2026-07-28 00:00,21.6,1,10.1,48
2026-07-28 01:00,20.8,1,10.4,51.6
2026-07-28 02:00,20.3,1,10.5,53.2
2026-07-28 03:00,19.4,1,10.6,56.7
2026-07-28 04:00,19.6,11,10.4,55.3
2026-07-28 05:00,20.1,138,11,56
2026-07-28 06:00,21.8,324,11.5,51.9
2026-07-28 07:00,22.4,495,12.8,54.7
2026-07-28 08:00,22.7,652,13.1,54.7
2026-07-28 09:00,23.7,790,12.9,50.9
2026-07-28 10:00,24.7,876,12.8,47.5
2026-07-28 11:00,26,905,12.7,43.5
2026-07-28 12:00,27.1,885,12.6,40.7
2026-07-28 13:00,28.4,820,13,38.7
2026-07-28 14:00,29.5,707,12.7,35.5
2026-07-28 15:00,30,550,14.3,39
2026-07-28 16:00,28.8,369,15.4,44.2
2026-07-28 17:00,28.6,172,15.1,43.8
2026-07-28 18:00,27.9,40,15,45.2
2026-07-28 19:00,27.4,5,13.6,42.8
2026-07-28 20:00,26.4,1,13.6,45.2
2026-07-28 21:00,25.9,1,13.6,46.5
2026-07-28 22:00,25.2,1,13.4,47.9
2026-07-28 23:00,24.6,1,13.3,49.5
2026-07-29 00:00,23.7,1,13.4,52.5
2026-07-29 01:00,23.2,1,13.6,54.9
2026-07-29 02:00,22.9,1,13.9,57
2026-07-29 03:00,22.6,1,14.2,59.1
2026-07-29 04:00,22.2,13,14.7,62.5
2026-07-29 05:00,22.9,125,15.6,63.2
2026-07-29 06:00,24.6,304,16.8,61.7
2026-07-29 07:00,25.8,477,16.7,57.3
2026-07-29 08:00,26.6,644,16.3,53.5
2026-07-29 09:00,28.2,784,16.3,48.7
2026-07-29 10:00,29,868,16.2,45.9
2026-07-29 11:00,30.8,897,15.3,39.3
2026-07-29 12:00,31.7,882,14.6,35.5
2026-07-29 13:00,33.2,823,13.7,30.8
2026-07-29 14:00,33.7,720,11.7,26.4
2026-07-29 15:00,33.6,557,12,27
2026-07-29 16:00,33.9,381,10.4,23.9
2026-07-29 17:00,33.4,203,10,23.8
2026-07-29 18:00,31.6,52,10.7,27.6
2026-07-29 19:00,29.1,3,10,30.6
2026-07-29 20:00,27.6,1,10.3,34
2026-07-29 21:00,26.5,1,10.3,36.2
2026-07-29 22:00,25.4,1,9.7,37.2
2026-07-29 23:00,24.7,1,9.3,37.8
2026-07-30 00:00,24.2,1,8.8,37.5
2026-07-30 01:00,23.4,1,8.9,39.6
2026-07-30 02:00,22.8,1,9.1,41.8
2026-07-30 03:00,22.6,1,10,44.8
2026-07-30 04:00,22,14,10.6,48.5
2026-07-30 05:00,22.5,120,11.5,50
2026-07-30 06:00,24.2,293,14.3,54.2
2026-07-30 07:00,25.2,467,14.7,52.2
2026-07-30 08:00,26.1,621,14.5,48.8
2026-07-30 09:00,26.7,754,14.4,46.9
2026-07-30 10:00,28.1,852,13.6,41
2026-07-30 11:00,29.5,885,12.7,35.9
2026-07-30 12:00,31.9,882,10.5,26.9
2026-07-30 13:00,32.3,716,11.9,28.8
2026-07-30 14:00,31,335,12.6,32.5
2026-07-30 15:00,30.4,359,12.8,34
2026-07-30 16:00,30.7,354,13.3,34.5
2026-07-30 17:00,31.2,179,13,33
2026-07-30 18:00,29.6,45,14.1,39.3
2026-07-30 19:00,27.2,3,14.8,46.7
2026-07-30 20:00,25.6,1,13.8,47.9
2026-07-30 21:00,25.2,1,13.7,48.9
2026-07-30 22:00,24.3,1,13.8,52
2026-07-30 23:00,23.9,1,14.2,54.3
2026-07-31 00:00,23.3,1,13.9,55.2
2026-07-31 01:00,22.9,1,13.6,55.9
2026-07-31 02:00,22.4,1,13.3,56.1
2026-07-31 03:00,22.2,1,12.8,55
2026-07-31 04:00,21.9,16,12.8,56.5
2026-07-31 05:00,22.5,117,13.8,58.2
2026-07-31 06:00,24.8,309,15.9,57.7
2026-07-31 07:00,25,428,16,57.6
2026-07-31 08:00,25.8,564,16.1,54.9
2026-07-31 09:00,27.2,619,14.9,47
2026-07-31 10:00,29.4,468,13.8,38.7
2026-07-31 11:00,28.5,479,15.4,45
2026-07-31 12:00,28.5,334,14.6,42.9
2026-07-31 13:00,30.7,644,13.8,35.9
2026-07-31 14:00,31,494,12.4,32.2
2026-07-31 15:00,30.3,347,14.1,38.1
2026-07-31 16:00,29.5,171,14.9,41.2
2026-07-31 17:00,28.9,45,13.8,39.5
2026-07-31 18:00,28.4,12,13.4,39.8
2026-07-31 19:00,28.4,1,13.4,39.9
2026-07-31 20:00,27.7,1,13.6,41.9
2026-07-31 21:00,26,3,16.7,56.6
2026-07-31 22:00,22.7,2,17.7,73.6
2026-07-31 23:00,22.8,0,16.7,68.7
2026-08-01 00:00,23.6,1,15.1,59.1
2026-08-01 01:00,22.9,1,15.6,63.7
2026-08-01 02:00,22.5,1,15.6,65
2026-08-01 03:00,22.6,1,15.1,62.7
2026-08-01 04:00,22.5,3,15.1,63.2
2026-08-01 05:00,21.1,33,16.5,75.4
2026-08-01 06:00,21.9,127,17.1,74.8
2026-08-01 07:00,23.5,221,16.8,66.4
2026-08-01 08:00,23.8,327,16.9,65.1
2026-08-01 09:00,25.3,632,16.8,59.4
2026-08-01 10:00,26.7,841,16.5,53.7
2026-08-01 11:00,27.5,876,15.6,48.5
2026-08-01 12:00,28.1,864,15.4,46
2026-08-01 13:00,28.8,809,15.9,45.5
2026-08-01 14:00,29.5,700,15,41.6
2026-08-01 15:00,29.8,541,14.8,40.1
2026-08-01 16:00,29.8,316,15.3,41.5
2026-08-01 17:00,29.8,203,15.1,40.9
2026-08-01 18:00,28.9,35,14.4,41.3
2026-08-01 19:00,27.2,2,14.2,45
2026-08-01 20:00,26.5,1,14.1,46.4
2026-08-01 21:00,25.8,1,14.4,49.6
2026-08-01 22:00,25.3,1,15.2,53.7
2026-08-01 23:00,24.4,1,15.4,57.4
2026-08-02 00:00,23.2,1,15.3,61.2
2026-08-02 01:00,23,0,15.3,61.6
2026-08-02 02:00,22.5,1,15.4,64.3
2026-08-02 03:00,21.8,1,15.5,67.8
2026-08-02 04:00,21.5,11,15.6,69.3
2026-08-02 05:00,21.8,114,15.9,69.1
2026-08-02 06:00,23.4,293,16.3,64.1
2026-08-02 07:00,23.8,460,17.5,67.8
2026-08-02 08:00,24.5,619,17.4,64.8
2026-08-02 09:00,25.5,752,17.3,60.6
2026-08-02 10:00,26.7,847,16.7,54.2
2026-08-02 11:00,27.3,885,16.8,52.6
2026-08-02 12:00,29.1,869,17.1,48.4
2026-08-02 13:00,30.3,821,16.3,43.1
2026-08-02 14:00,31.1,715,14.6,36.9
2026-08-02 15:00,31.8,555,12.9,32
2026-08-02 16:00,32.1,364,11.3,28.6
2026-08-02 17:00,30.9,170,13.3,34.2
2026-08-02 18:00,29.8,39,9.5,28.3
2026-08-02 19:00,28.6,1,8.4,28.3
2026-08-02 20:00,27.6,1,9.9,33.2
2026-08-02 21:00,26.8,1,11.5,38.5
2026-08-02 22:00,26.4,1,11.8,40.4
2026-08-02 23:00,25.8,1,12.2,42.8
2026-08-03 00:00,25,1,13.2,48
2026-08-03 01:00,25.4,1,12.2,43.7
2026-08-03 02:00,24.4,1,12.5,47.3
2026-08-03 03:00,24,1,12.6,48.9
2026-08-03 04:00,23.7,15,12.8,50.7
2026-08-03 05:00,24.5,141,13.6,50.8
2026-08-03 06:00,25.5,147,16.3,57.1
2026-08-03 07:00,25.8,209,16.3,55.9
2026-08-03 08:00,26,163,17,57.8
2026-08-03 09:00,25.8,213,18,61.9
2026-08-03 10:00,26.3,151,17.2,57.4
2026-08-03 11:00,26.6,276,16.5,53.7
2026-08-03 12:00,28.7,575,15.2,44
2026-08-03 13:00,30.6,786,13.9,36.3
2026-08-03 14:00,31.9,695,14,33.7
2026-08-03 15:00,30.4,340,14.5,38.1
2026-08-03 16:00,30.2,396,15.2,40.6
2026-08-03 17:00,30.8,128,12.8,33.2
2026-08-03 18:00,29.4,4,13.6,38
2026-08-03 19:00,23.2,4,18.2,74
2026-08-03 20:00,22.1,1,19,82.3
2026-08-03 21:00,21.9,1,18.7,82
2026-08-03 22:00,21.5,1,18.3,81.6
2026-08-03 23:00,21.7,1,18.2,80.7
2026-08-04 00:00,21.4,1,17.9,80.5
2026-08-04 01:00,21.1,1,18.5,84.8
2026-08-04 02:00,20.8,1,18.9,88.9
2026-08-04 03:00,20.7,1,18.1,84.8
2026-08-04 04:00,20.6,11,17.4,81.9
2026-08-04 05:00,21.4,100,17.4,77.9
2026-08-04 06:00,23.2,279,18.4,74.6
2026-08-04 07:00,24.1,465,19.6,76
2026-08-04 08:00,24.8,650,19.8,73.6
2026-08-04 09:00,25.2,579,18.9,68
2026-08-04 10:00,26.5,830,17.9,59
2026-08-04 11:00,27.8,841,17.4,53.1
2026-08-04 12:00,29.1,831,16.9,47.9
2026-08-04 13:00,30.4,782,16.1,42.2
2026-08-04 14:00,31.4,710,16.5,40.9
2026-08-04 15:00,29.4,417,18.4,51.7
2026-08-04 16:00,25.8,45,17.5,61.5
2026-08-04 17:00,21.2,2,18.6,85.2
2026-08-04 18:00,21.2,1,19.2,88.3
2026-08-04 19:00,20.3,1,19.2,93.2
2026-08-04 20:00,20.3,1,19.1,92.5
2026-08-04 21:00,19.9,1,19,94.9
2026-08-04 22:00,19.8,1,18.9,94.4
2026-08-04 23:00,19.8,1,18.5,92.3
2026-08-05 00:00,19.6,1,18.6,93.6
2026-08-05 01:00,19.5,1,18.6,94.1
2026-08-05 02:00,19.7,1,18.7,94.2
2026-08-05 03:00,19.7,1,18.8,94.4
2026-08-05 04:00,19.6,12,18.9,96
2026-08-05 05:00,20.2,69,19.2,94.1
2026-08-05 06:00,21.2,226,18.9,86.9
2026-08-05 07:00,21.9,382,18.7,82.2
2026-08-05 08:00,22.6,604,19,80
2026-08-05 09:00,23.4,737,19,76.2
2026-08-05 10:00,24.7,829,18,66.4
2026-08-05 11:00,26.1,865,17.3,58.7
2026-08-05 12:00,27.4,845,16.8,52.5
2026-08-05 13:00,27.4,785,18,56.6
2026-08-05 14:00,28.7,672,16.4,47.5
2026-08-05 15:00,29.4,516,15.9,44
2026-08-05 16:00,29.2,345,16,44.8
2026-08-05 17:00,29.1,154,16.6,47.1
2026-08-05 18:00,28.5,21,15,44
2026-08-05 19:00,27.4,2,14.3,44.9
2026-08-05 20:00,26.7,1,13.8,45
2026-08-05 21:00,25.6,1,13.7,47.8
2026-08-05 22:00,24,1,13.8,52.9
2026-08-05 23:00,23.3,1,13.7,54.7
2026-08-06 00:00,23.1,1,13.5,54.5
2026-08-06 01:00,22.7,1,13.6,56.8
2026-08-06 02:00,21.6,1,13.9,61.7
2026-08-06 03:00,21.4,1,14,62.7
2026-08-06 04:00,21.1,9,13.8,62.8
2026-08-06 05:00,21.6,111,14,61.8
2026-08-06 06:00,23.6,249,14.5,56.8
2026-08-06 07:00,24.7,476,14.4,52.8
2026-08-06 08:00,24.8,615,15.9,57.9
2026-08-06 09:00,25.4,752,15,52.6
2026-08-06 10:00,26.4,844,14.3,47.4
2026-08-06 11:00,27.3,876,14.7,46.1
2026-08-06 12:00,28.1,850,14.5,43.6
2026-08-06 13:00,28.6,794,14.2,41.4
2026-08-06 14:00,29,687,14,40.1
2026-08-06 15:00,29.4,530,13.8,38.6
2026-08-06 16:00,29.3,352,13.3,37.6
2026-08-06 17:00,29.1,183,12.8,36.9
2026-08-06 18:00,28.3,36,12.2,37
2026-08-06 19:00,26.5,2,12.5,41.9
2026-08-06 20:00,25.2,1,12.6,45.7
2026-08-06 21:00,24.2,1,12.5,47.9
2026-08-06 22:00,23.5,1,11.6,47.1
2026-08-06 23:00,23.3,1,11.3,46.9
2026-08-07 00:00,23.3,1,11.7,48.3
2026-08-07 01:00,22.8,1,11.9,50.1
2026-08-07 02:00,22.1,1,10.9,49.1
2026-08-07 03:00,21.1,1,10.6,51.4
2026-08-07 04:00,20.4,8,10.3,52.4
2026-08-07 05:00,20.4,103,10.7,53.5
2026-08-07 06:00,21.9,286,11.1,50.3
2026-08-07 07:00,23.1,454,11,46.5
2026-08-07 08:00,23.5,616,13,51.6
2026-08-07 09:00,24,748,13,50.4
2026-08-07 10:00,24.9,833,13.3,48.7
2026-08-07 11:00,25.8,864,13.6,46.9
2026-08-07 12:00,26.8,849,13.5,43.7
2026-08-07 13:00,27.6,793,13.6,42.2
2026-08-07 14:00,28.3,685,13.7,40.8
2026-08-07 15:00,28.7,543,13.6,39.7
2026-08-07 16:00,28.7,361,13.3,38.7
2026-08-07 17:00,28.5,124,12.4,37.2
2026-08-07 18:00,27.3,32,11.7,37.9
2026-08-07 19:00,25.6,2,11.6,41.5
2026-08-07 20:00,25.1,1,11.1,41.2
2026-08-07 21:00,24.6,1,10.5,41.1
2026-08-07 22:00,24.2,1,10.2,41.1
2026-08-07 23:00,23.5,1,10.2,43
2026-08-08 00:00,22.9,1,10.5,45.5
2026-08-08 01:00,21.8,1,10.7,49.3
2026-08-08 02:00,20.8,1,10.9,53.3
2026-08-08 03:00,20.9,1,10.4,51.1
2026-08-08 04:00,20.3,8,10.2,52.2
2026-08-08 05:00,20.5,102,10.5,52.9
2026-08-08 06:00,22.4,288,12.2,52.4
2026-08-08 07:00,23,458,14.1,57.1
2026-08-08 08:00,23.7,619,14.7,57
2026-08-08 09:00,24.3,753,14.2,53.3
2026-08-08 10:00,25.3,843,13.9,49.3
2026-08-08 11:00,26.3,875,13.4,44.9
2026-08-08 12:00,27.4,863,13.7,42.8
2026-08-08 13:00,28.7,812,14,40.8
2026-08-08 14:00,29.8,693,12.2,33.9
2026-08-08 15:00,30.7,529,9.9,27.7
2026-08-08 16:00,29.4,351,14.6,41.5
2026-08-08 17:00,28.8,167,12.9,37.5
2026-08-08 18:00,27.3,26,12.9,41
2026-08-08 19:00,26.4,1,12.2,41.3
2026-08-08 20:00,25.5,1,12,43
2026-08-08 21:00,25.1,1,11.9,43.8
2026-08-08 22:00,24.1,1,11.7,45.7
2026-08-08 23:00,23.5,1,11.1,45.9
2026-08-09 00:00,23,1,11,46.7
2026-08-09 01:00,22.4,1,11,48.3
2026-08-09 02:00,22.2,1,10.7,48.3
2026-08-09 03:00,21.7,1,10.9,50.6
2026-08-09 04:00,21.2,9,10.9,51.8
2026-08-09 05:00,22,84,12.2,53.5
2026-08-09 06:00,23.7,264,13.1,51.6
2026-08-09 07:00,24.9,404,14.3,51.7
2026-08-09 08:00,25.7,583,14.4,49.6
2026-08-09 09:00,26,603,15.2,51.3
2026-08-09 10:00,25.8,249,15.1,52
2026-08-09 11:00,24.5,135,15.6,57.8
2026-08-09 12:00,24.4,196,16,59.7
2026-08-09 13:00,28.2,748,14.5,43.2
2026-08-09 14:00,30,662,14.2,38
2026-08-09 15:00,29.7,483,13.8,37.8
2026-08-09 16:00,29.3,141,13.7,38.5
2026-08-09 17:00,27.6,72,15.5,47.8
2026-08-09 18:00,27,11,14,45
2026-08-09 19:00,27.1,1,12.1,39.3
2026-08-09 20:00,26,1,11.8,41.1
2026-08-09 21:00,24.6,2,11.3,43.5
2026-08-09 22:00,23,1,11.7,49
2026-08-09 23:00,22.8,1,12.2,51.2
2026-08-10 00:00,22.3,1,12.6,54.2
2026-08-10 01:00,21.8,1,12.9,56.8
2026-08-10 02:00,21.6,1,13.3,59.5
2026-08-10 03:00,21.4,1,13.9,62.5
2026-08-10 04:00,21.1,11,14.6,66.4
2026-08-10 05:00,22.1,78,15.4,65.6
2026-08-10 06:00,23.3,201,15.4,61.3
2026-08-10 07:00,24.4,227,15.2,56.6
2026-08-10 08:00,24.4,121,15.7,58.3
2026-08-10 09:00,25.6,626,16.1,55.9
2026-08-10 10:00,26.3,709,15.3,50.9
2026-08-10 11:00,27.7,807,14.1,43.5
2026-08-10 12:00,28.4,802,14.1,41.7
2026-08-10 13:00,29.3,762,13.7,38.6
2026-08-10 14:00,30.5,669,13.4,35.2
2026-08-10 15:00,30.8,506,14.2,36.4
2026-08-10 16:00,31.3,325,13.6,34
2026-08-10 17:00,30.6,150,12.9,33.7
2026-08-10 18:00,28.8,26,12.9,37.7
2026-08-10 19:00,27.1,2,13,41.9
2026-08-10 20:00,26.6,1,12.7,42.1
2026-08-10 21:00,26.5,1,12,40.5
2026-08-10 22:00,25.8,1,11.8,41.8
2026-08-10 23:00,24.5,1,12.1,45.8
2026-08-11 00:00,23.6,1,12.1,48.5
2026-08-11 01:00,23.1,1,12.3,50.8
2026-08-11 02:00,22.5,1,12.6,53.5
2026-08-11 03:00,22,1,12.6,55.4
2026-08-11 04:00,21.6,10,12.6,56.5
2026-08-11 05:00,22,84,13,56.8
2026-08-11 06:00,23.8,256,14.2,54.9
2026-08-11 07:00,24.4,410,15.6,58.2
2026-08-11 08:00,24.9,579,16.4,59.1
2026-08-11 09:00,25.9,714,15,51
2026-08-11 10:00,27.1,798,14.4,45.8
2026-08-11 11:00,28,826,14.2,43
2026-08-11 12:00,29.8,821,15.4,41.8
2026-08-11 13:00,30.2,761,16.4,43.6
2026-08-11 14:00,32,644,15,35.9
2026-08-11 15:00,31.6,399,14.6,35.9
2026-08-11 16:00,30.1,299,15.1,40.3
2026-08-11 17:00,27.6,106,13.1,40.9
2026-08-11 18:00,26.6,22,13.5,44.3
2026-08-11 19:00,26,2,13.7,46.7
2026-08-11 20:00,25.1,1,13.8,49.3
2026-08-11 21:00,24,1,13.6,52.3
2026-08-11 22:00,23.8,1,13.7,53.1
2026-08-11 23:00,24.1,1,14.2,54.1
2026-08-12 00:00,23.4,1,14.4,56.7
2026-08-12 01:00,22.5,1,13.9,58.4
2026-08-12 02:00,21.7,1,14.1,62.1
2026-08-12 03:00,21.2,1,14.2,64.2
2026-08-12 04:00,21,8,13.9,64.1
2026-08-12 05:00,21.1,83,14.3,65.1
2026-08-12 06:00,22.9,252,15,61
2026-08-12 07:00,23.5,421,15.6,61.4
2026-08-12 08:00,24.1,575,15.8,59.7
2026-08-12 09:00,25.4,710,15.3,53.5
2026-08-12 10:00,26.2,801,15.7,52.4
2026-08-12 11:00,27.1,828,15.9,50.3
2026-08-12 12:00,28.4,803,15.6,45.9
2026-08-12 13:00,29.6,751,14.8,40.5
2026-08-12 14:00,30.9,640,15,38.2
2026-08-12 15:00,31.8,483,15,36.2
2026-08-12 16:00,31.9,312,15.3,36.7
2026-08-12 17:00,29.8,133,17.9,50.2
2026-08-12 18:00,27.2,7,18.3,58.4
2026-08-12 19:00,27.9,1,13,40.3
2026-08-12 20:00,27.6,2,12.3,38.9
2026-08-12 21:00,26,1,14,47.6
2026-08-12 22:00,25.1,1,14.4,51.7
2026-08-12 23:00,25.1,1,12.4,45.2
2026-08-13 00:00,24.7,1,12.1,45.3
2026-08-13 01:00,24,1,12.2,47.4
2026-08-13 02:00,23.9,1,11.6,45.9
2026-08-13 03:00,22.9,1,11.7,48.9
2026-08-13 04:00,22.2,8,12.4,53.7
2026-08-13 05:00,22.4,84,13.5,57.2
2026-08-13 06:00,24.1,253,16.2,61.3
2026-08-13 07:00,25.2,420,16.6,58.6
2026-08-13 08:00,26.2,580,15.6,52.1
2026-08-13 09:00,26.8,716,15.8,51.1
2026-08-13 10:00,27.6,806,15.9,48.9
2026-08-13 11:00,28.8,833,15.5,44.7
2026-08-13 12:00,30.2,814,14.2,37.8
2026-08-13 13:00,31.5,757,13.7,33.9
2026-08-13 14:00,32,645,13.9,33.5
2026-08-13 15:00,33.2,479,14.5,32.4
2026-08-13 16:00,32,304,16.3,39.1
2026-08-13 17:00,31.3,97,19.2,48.9
2026-08-13 18:00,30.1,18,14.6,39.6
2026-08-13 19:00,28.3,1,13.4,40.1
2026-08-13 20:00,28.4,1,11.1,34.1
2026-08-13 21:00,27.1,1,10.3,35.1
2026-08-13 22:00,26.3,1,9.3,34.3
2026-08-13 23:00,26,0,9,34.3
2026-08-14 00:00,25,1,9.6,37.9
2026-08-14 01:00,24,1,10.8,43.4
2026-08-14 02:00,23.2,1,11.6,48.2
2026-08-14 03:00,22.9,1,12,50.1
2026-08-14 04:00,22.7,7,12.5,52.7
2026-08-14 05:00,22.9,83,13.3,54.7
2026-08-14 06:00,24.8,254,15.2,55.3
2026-08-14 07:00,25.8,422,15.9,54.5
2026-08-14 08:00,26.4,585,15.8,52.1
2026-08-14 09:00,27.9,726,15.1,45.8
2026-08-14 10:00,28.6,820,14.6,42.6
2026-08-14 11:00,29.4,842,13.6,38.1
2026-08-14 12:00,31.7,835,11.4,28.9
2026-08-14 13:00,32.5,709,12.5,29.7
2026-08-14 14:00,32.5,510,13.8,32.4
2026-08-14 15:00,31.6,379,13.3,33.2
2026-08-14 16:00,31,80,12.2,31.6
2026-08-14 17:00,29.9,66,11.8,32.8
2026-08-14 18:00,28.4,10,11.3,34.7
2026-08-14 19:00,27.4,1,12.2,38.9
2026-08-14 20:00,26.2,1,11.8,40.7
2026-08-14 21:00,26,1,12.1,42
2026-08-14 22:00,26,1,12.5,43.1
2026-08-14 23:00,25.7,1,12.8,44.9
2026-08-15 00:00,25,1,12.9,47.1
2026-08-15 01:00,23.8,1,12.9,50.3
2026-08-15 02:00,23.4,1,13.2,52.8
2026-08-15 03:00,23.2,1,13.3,53.6
2026-08-15 04:00,22.6,6,13.3,55.9
2026-08-15 05:00,22.9,103,13.3,54.7
2026-08-15 06:00,23.4,160,13.7,54.6
2026-08-15 07:00,24.2,409,14.1,53.3
2026-08-15 08:00,24.9,405,14.7,53.1
2026-08-15 09:00,25.5,656,15.2,53.2
2026-08-15 10:00,27.3,803,15,47
2026-08-15 11:00,28.6,818,14.5,42.2
2026-08-15 12:00,29.9,811,12.9,35.5
2026-08-15 13:00,30.1,661,13.4,36.2
2026-08-15 14:00,30.1,474,12.7,34.5
2026-08-15 15:00,30.9,476,13.6,34.9
2026-08-15 16:00,31.4,301,13.2,32.9
2026-08-15 17:00,30.6,99,13.1,34.2
2026-08-15 18:00,29.1,19,12.3,35.7
2026-08-15 19:00,28,1,12.1,37.3
2026-08-15 20:00,26.6,1,11.9,39.9
2026-08-15 21:00,25.6,1,11.8,42
2026-08-15 22:00,26.1,0,11.8,41.1
2026-08-15 23:00,26.9,1,11.3,37.9
2026-08-16 00:00,26.1,1,11.8,40.8
2026-08-16 01:00,25.1,1,12,44.1
2026-08-16 02:00,23.5,1,12.5,50.2
2026-08-16 03:00,22.5,1,12.9,54.7
2026-08-16 04:00,22.1,6,13.3,57.4
2026-08-16 05:00,22.3,56,13.1,56
2026-08-16 06:00,24.2,257,13.6,51.5
2026-08-16 07:00,24.6,307,14.7,54
2026-08-16 08:00,26.2,591,14.7,49.3
2026-08-16 09:00,26.8,607,15.2,49
2026-08-16 10:00,28,742,14,42.4
2026-08-16 11:00,29.1,842,14.2,40.2
2026-08-16 12:00,30,761,15.1,40.7
2026-08-16 13:00,31.9,700,13.3,32.9
2026-08-16 14:00,32.5,633,12.1,28.9
2026-08-16 15:00,31.9,437,12.1,30
2026-08-16 16:00,30.6,287,11.1,30.1
2026-08-16 17:00,29.8,144,11.1,31.6
2026-08-16 18:00,28.6,21,11.1,34
2026-08-16 19:00,27.4,1,11.7,37.8
2026-08-16 20:00,26.1,1,12,41.4
2026-08-16 21:00,25.4,1,12,43.4
2026-08-16 22:00,24.3,1,15.7,58.7
2026-08-16 23:00,23.4,1,16.2,64.2
2026-08-17 00:00,22.8,1,15.4,62.9
2026-08-17 01:00,21.9,1,15.2,65.5
2026-08-17 02:00,21.3,1,15.6,69.8
2026-08-17 03:00,20.9,1,16,73.6
2026-08-17 04:00,21.2,5,16.4,74.1
2026-08-17 05:00,21.3,34,17.3,78
2026-08-17 06:00,20.9,68,18.5,86.2
2026-08-17 07:00,20.6,41,17.6,83.1
2026-08-17 08:00,20.4,124,18.6,89.5
2026-08-17 09:00,22.1,369,18.2,78.8
2026-08-17 10:00,22,121,18.6,80.9
2026-08-17 11:00,19.9,67,18.5,91.9
2026-08-17 12:00,19.6,157,18.4,92.5
2026-08-17 13:00,21.2,435,18.3,83.8
2026-08-17 14:00,23.1,548,17.3,69.9
2026-08-17 15:00,24.1,475,16.2,61.4
2026-08-17 16:00,23.2,266,16.6,66.4
2026-08-17 17:00,22.6,66,17.1,71.1
2026-08-17 18:00,21.6,11,17.4,77.2
2026-08-17 19:00,21,1,17.1,78.1
2026-08-17 20:00,21.1,1,17.1,77.7
2026-08-17 21:00,21.2,1,17.2,77.9
2026-08-17 22:00,20.8,1,17.1,79.6
2026-08-17 23:00,20.3,1,16.9,80.7
2026-08-18 00:00,20,1,16.7,81.3
2026-08-18 01:00,20.1,1,17,81.8
2026-08-18 02:00,20,1,17.2,84.4
2026-08-18 03:00,20.1,1,17.7,86.1
2026-08-18 04:00,20.3,3,17.8,86
2026-08-18 05:00,20.7,34,18,84.5
2026-08-18 06:00,21.2,65,17.8,80.8
2026-08-18 07:00,22,266,17.5,75.4
2026-08-18 08:00,23.4,529,17.2,67.9
2026-08-18 09:00,24.1,638,16.5,62.8
2026-08-18 10:00,25,741,16.1,57.9
2026-08-18 11:00,26.7,820,14.2,46.1
2026-08-18 12:00,27.2,682,14.2,45.1
2026-08-18 13:00,27.1,589,14.8,46.8
2026-08-18 14:00,27.7,568,14.6,44.6
2026-08-18 15:00,28.1,410,14.5,43.5
2026-08-18 16:00,27.5,197,14.5,44.9
2026-08-18 17:00,27.7,91,13.1,40.5
2026-08-18 18:00,26.4,18,13.7,46.2
2026-08-18 19:00,24.6,1,13.6,50.7
2026-08-18 20:00,23.4,1,12.5,50.4
2026-08-18 21:00,22.9,1,13.1,54.1
2026-08-18 22:00,22.1,1,13.7,58.8
2026-08-18 23:00,21.6,1,13.8,61.2
2026-08-19 00:00,21.6,1,14.2,62.8
2026-08-19 01:00,21.1,1,14.4,65.7
2026-08-19 02:00,20.6,1,15,70.3
2026-08-19 03:00,19.9,1,15.4,75.4
2026-08-19 04:00,19.5,8,15.6,78.1
2026-08-19 05:00,20.1,74,15.8,76.7
2026-08-19 06:00,22.4,254,15,63.4
2026-08-19 07:00,23.8,412,14.3,55.3
2026-08-19 08:00,24.4,592,15.1,56.2
2026-08-19 09:00,25.6,730,15,51.7
2026-08-19 10:00,26.5,814,13.9,45.9
2026-08-19 11:00,27.8,836,14.3,43.4
2026-08-19 12:00,28.9,816,13.9,39.9
2026-08-19 13:00,30.2,752,13.7,36.7
2026-08-19 14:00,31.9,641,13,31.6
2026-08-19 15:00,32.1,483,13.3,32
2026-08-19 16:00,31.7,305,13.8,33.9
2026-08-19 17:00,30.3,122,14.7,38.8
2026-08-19 18:00,29.2,13,14.8,41.7
2026-08-19 19:00,28.7,1,13.7,39.9
2026-08-19 20:00,28.5,0,12.6,37.4
2026-08-19 21:00,28.3,1,13.8,41
2026-08-19 22:00,27.9,1,15.3,46.5
2026-08-19 23:00,27.4,1,12.4,39.9
2026-08-20 00:00,25.9,2,11.2,39.8
2026-08-20 01:00,24.5,1,13,48.8
2026-08-20 02:00,24.6,1,15.1,55.3
2026-08-20 03:00,24.4,1,13.9,51.9
2026-08-20 04:00,23.9,7,14.6,56
2026-08-20 05:00,23.4,13,15.6,61.6
2026-08-20 06:00,21.7,140,18,79.4
2026-08-20 07:00,22.9,145,18.3,75.5
2026-08-20 08:00,23.9,170,17.2,66.5
2026-08-20 09:00,24.3,315,17.9,67.5
2026-08-20 10:00,24.2,107,18,68.7
2026-08-20 11:00,23.9,321,16.7,63.9
2026-08-20 12:00,23.8,247,16.7,64.8
2026-08-20 13:00,24.3,248,16.7,62.7
2026-08-20 14:00,24.5,232,18,66.8
2026-08-20 15:00,24.8,126,18.2,66.6
2026-08-20 16:00,24.4,76,18,67.6
2026-08-20 17:00,24.1,44,16.6,63
2026-08-20 18:00,24.2,23,16.2,61.1
2026-08-20 19:00,23.8,1,16.4,63.1
2026-08-20 20:00,23.2,2,16.2,65.1
2026-08-20 21:00,21.4,1,16.9,75.7
2026-08-20 22:00,19.8,1,17.6,87.4
2026-08-20 23:00,18.9,1,17.7,93.1
2026-08-21 00:00,18.7,1,17.5,93.1
2026-08-21 01:00,18.7,1,17.3,91.7
2026-08-21 02:00,18.2,1,16.7,90.5
2026-08-21 03:00,18.1,1,16.6,90.8
2026-08-21 04:00,17.1,2,15.1,88
2026-08-21 05:00,15.4,6,13.4,87.5
2026-08-21 06:00,14.9,15,13.1,89.2
2026-08-21 07:00,15.3,30,14.1,92.2
2026-08-21 08:00,15.8,46,14.3,91.2
2026-08-21 09:00,15.6,104,13,84.3
2026-08-21 10:00,16.2,146,13.9,86.4
2026-08-21 11:00,16.2,191,13.9,86.6
2026-08-21 12:00,17,449,13.8,81.5
2026-08-21 13:00,18.2,554,12.8,70.8
2026-08-21 14:00,18.8,559,12.4,66.3
2026-08-21 15:00,18.9,319,13,68.3
2026-08-21 16:00,18.5,118,13.1,70.5
2026-08-21 17:00,18.8,91,13.5,71.2
2026-08-21 18:00,18.9,9,14,73.3
2026-08-21 19:00,18.6,1,14.1,75
2026-08-21 20:00,18.3,1,12.9,70.5
2026-08-21 21:00,17,2,11.4,69.5
2026-08-21 22:00,16,0,12.1,77.6
2026-08-21 23:00,15.7,1,12.4,80.5
2026-08-22 00:00,15.5,1,12.2,80.7
2026-08-22 01:00,15.3,1,12.1,81.3
2026-08-22 02:00,15.3,1,12.1,80.9
2026-08-22 03:00,14.8,1,12.1,83.8
2026-08-22 04:00,14.7,4,12.3,85.8
2026-08-22 05:00,15.1,69,12.7,85.7
2026-08-22 06:00,17.2,215,13,76.2
2026-08-22 07:00,18.3,392,12.6,69.1
2026-08-22 08:00,19.3,602,10.9,58.4
2026-08-22 09:00,20,752,11.4,57.9
2026-08-22 10:00,20.8,858,9.7,49.3
2026-08-22 11:00,21.4,872,8.5,43.7
2026-08-22 12:00,22.2,865,8.2,40.6
2026-08-22 13:00,23,760,6,33.5
2026-08-22 14:00,23.1,640,4.8,30.4
2026-08-22 15:00,23.4,477,4.3,28.9
2026-08-22 16:00,23.3,305,7.8,37
2026-08-22 17:00,22.1,112,7.7,39.4
2026-08-22 18:00,20.4,12,8.1,45.1
2026-08-22 19:00,19.1,1,8.7,51.1
2026-08-22 20:00,18.6,1,8.7,52.6
2026-08-22 21:00,18.4,1,8.1,51.1
2026-08-22 22:00,18.3,1,8,50.9
2026-08-22 23:00,18.3,1,7.8,50.1
2026-08-23 00:00,17.3,1,8.5,56.1
2026-08-23 01:00,16.5,1,8.6,59.5
2026-08-23 02:00,15.7,1,8.5,62.2
2026-08-23 03:00,15,1,8.8,66.6
2026-08-23 04:00,14.5,3,8.5,67.1
2026-08-23 05:00,14.9,66,8.4,65.2
2026-08-23 06:00,17,247,9.9,63
2026-08-23 07:00,18.2,421,11.3,63.9
2026-08-23 08:00,19,587,12,64
2026-08-23 09:00,19.5,728,11.8,61.1
2026-08-23 10:00,20.1,814,12.1,60.2
2026-08-23 11:00,21,846,12.2,57.1
2026-08-23 12:00,22.1,813,12.5,54.6
2026-08-23 13:00,23,751,12,50
2026-08-23 14:00,23.8,635,11,44.6
2026-08-23 15:00,24.6,471,7.5,33.5
2026-08-23 16:00,24.9,296,7.4,32.6
2026-08-23 17:00,24.4,101,8.7,36.9
2026-08-23 18:00,22.6,7,10,44.9
2026-08-23 19:00,21.7,1,9.4,45.4
2026-08-23 20:00,20.9,1,9.5,47.9
2026-08-23 21:00,20.1,1,9.8,51.8
2026-08-23 22:00,19.2,1,10.2,56
2026-08-23 23:00,18.8,1,10.4,58.1
2026-08-24 00:00,18.6,1,10.6,59.3
2026-08-24 01:00,18.1,1,10.6,61.6
2026-08-24 02:00,18,1,10.9,63.1
2026-08-24 03:00,17.6,1,11,65.2
2026-08-24 04:00,17.5,4,11.1,66.3
2026-08-24 05:00,17.8,40,10.6,62.9
2026-08-24 06:00,18.5,156,11.1,61.9
2026-08-24 07:00,20,324,11.7,58.8
2026-08-24 08:00,20.9,529,12.5,58.8
2026-08-24 09:00,21.3,670,12.5,57.2
2026-08-24 10:00,21.9,738,12.9,56.4
2026-08-24 11:00,22.2,681,13.4,57.2
2026-08-24 12:00,23.1,770,13.5,54.8
2026-08-24 13:00,23.9,696,13.5,52.4
2026-08-24 14:00,24.9,599,14,50.6
2026-08-24 15:00,25.4,434,14.4,50.8
2026-08-24 16:00,25.4,266,14.5,51.1
2026-08-24 17:00,24.7,74,15.4,56.3
2026-08-24 18:00,23.3,5,16.4,65.1
2026-08-24 19:00,22.7,2,15.1,62.9
2026-08-24 20:00,19.9,1,17.1,83.8
2026-08-24 21:00,19.5,1,16.6,83.3
2026-08-24 22:00,19.1,1,16,82.1
2026-08-24 23:00,18.1,1,16.7,91.4
2026-08-25 00:00,17.8,1,16.9,94.2
2026-08-25 01:00,17.8,1,17,94.9
2026-08-25 02:00,17.7,1,16.9,94.6
2026-08-25 03:00,17.7,1,17.1,96.1
2026-08-25 04:00,17.8,2,17.1,95.4
2026-08-25 05:00,18,13,17.2,95
2026-08-25 06:00,18.6,127,17.3,92
2026-08-25 07:00,19.3,117,17,86.8
2026-08-25 08:00,20.6,677,16.7,78.6
2026-08-25 09:00,21.2,734,16.6,74.9
2026-08-25 10:00,21.9,787,16.3,71
2026-08-25 11:00,22.9,806,16.3,66.4
2026-08-25 12:00,23.2,711,16.2,64.6
2026-08-25 13:00,23.9,612,16,61.2
2026-08-25 14:00,23.7,209,15.8,61.4
2026-08-25 15:00,24.3,188,16,59.9
2026-08-25 16:00,24.2,89,16.1,60.7
2026-08-25 17:00,23.4,35,15.4,60.8
2026-08-25 18:00,23,5,14.2,57.4
2026-08-25 19:00,22.6,1,14.1,58.7
2026-08-25 20:00,22.5,1,13.9,58.3
2026-08-25 21:00,21.9,1,13.9,60.7
2026-08-25 22:00,21.6,1,13.9,61.6
2026-08-25 23:00,21.3,1,14.1,63.5
2026-08-26 00:00,20.6,1,14.6,68.5
2026-08-26 01:00,19.8,1,14.6,72
2026-08-26 02:00,19.3,1,14.6,74.6
2026-08-26 03:00,18.9,1,14.5,75.7
2026-08-26 04:00,18.7,3,14.7,77.2
2026-08-26 05:00,18.9,54,14.5,75.7
2026-08-26 06:00,21,226,14.4,66
2026-08-26 07:00,21.9,398,15,65.1
2026-08-26 08:00,22.4,530,16.1,67.8
2026-08-26 09:00,23.1,694,16.8,68
2026-08-26 10:00,23.8,688,16.1,62.2
2026-08-26 11:00,24.4,659,15.9,59.3
2026-08-26 12:00,24.9,605,16.1,58.4
2026-08-26 13:00,25.6,463,15.6,54.2
2026-08-26 14:00,25.6,386,15.5,53.8
2026-08-26 15:00,26.3,327,15.6,51.6
2026-08-26 16:00,26.1,232,15.8,53
2026-08-26 17:00,24.9,91,16.1,58.3
2026-08-26 18:00,23.3,7,15.7,62.4
2026-08-26 19:00,22.5,1,14.2,59.4
2026-08-26 20:00,22.1,1,15.4,66.1
2026-08-26 21:00,21.9,1,16,69.4
2026-08-26 22:00,21.3,1,15.3,68.8
2026-08-26 23:00,20.8,1,14.8,68.8
2026-08-27 00:00,20.3,1,15,71.3
2026-08-27 01:00,19.8,1,15.1,74.4
2026-08-27 02:00,20,1,14.8,72
2026-08-27 03:00,19.8,1,14.7,72.1
2026-08-27 04:00,19.3,3,14.7,74.7
2026-08-27 05:00,19.5,46,14.6,73.2
2026-08-27 06:00,21.2,219,16.6,74.9
2026-08-27 07:00,22.3,327,17.1,72.4
2026-08-27 08:00,23.1,495,16.9,67.9
2026-08-27 09:00,23.5,500,17.3,68.3
2026-08-27 10:00,24,621,17.4,66.2
2026-08-27 11:00,25.3,599,15.9,56
2026-08-27 12:00,26.5,634,16.2,53.3
2026-08-27 13:00,27.4,655,16.6,51.8
2026-08-27 14:00,27,527,16.8,53.7
2026-08-27 15:00,28.1,361,17.6,52.8
2026-08-27 16:00,27.5,201,17.2,53.8
2026-08-27 17:00,25.7,50,18.9,65.8
2026-08-27 18:00,25.2,3,17,60.6
2026-08-27 19:00,25,1,16.1,57.8
2026-08-27 20:00,24.6,1,15.8,57.9
2026-08-27 21:00,23.7,1,15.9,61.6
2026-08-27 22:00,23.4,1,15.7,62.1
2026-08-27 23:00,23.1,1,15.7,63
2026-08-28 00:00,22.3,1,16,67.4
2026-08-28 01:00,22.1,1,16,68.6
2026-08-28 02:00,21.8,1,16,69.7
2026-08-28 03:00,22.3,0,16.9,71.5
2026-08-28 04:00,22.3,2,17.7,75.3
2026-08-28 05:00,22,69,18.6,81.5
2026-08-28 06:00,23,124,19.2,79.2
2026-08-28 07:00,23.7,249,17.2,67
2026-08-28 08:00,20.6,157,15.8,74.1
2026-08-28 09:00,19.1,28,15.6,80.4
2026-08-28 10:00,18.8,86,15.7,82.4
2026-08-28 11:00,19.2,254,15.8,80.7
2026-08-28 12:00,20.3,280,15.4,73.4
2026-08-28 13:00,19,113,15.6,81
2026-08-28 14:00,20.4,432,15.3,73
2026-08-28 15:00,20.9,369,15.2,69.7
2026-08-28 16:00,20.8,226,15.3,70.8
2026-08-28 17:00,20.4,69,14.5,69
2026-08-28 18:00,19.4,3,13.5,69
2026-08-28 19:00,19,1,13.5,70.2
2026-08-28 20:00,19.2,1,13.9,71.6
2026-08-28 21:00,19.1,1,14.6,75.4
2026-08-28 22:00,19,1,12.3,65.6
2026-08-28 23:00,18,1,10.9,62.9
2026-08-29 00:00,16.9,1,11.4,70.2
2026-08-29 01:00,16.8,1,11.4,70.8
2026-08-29 02:00,16.5,1,11.6,72.9
2026-08-29 03:00,15.8,1,12,78.5
2026-08-29 04:00,15.5,2,12.3,81.5
2026-08-29 05:00,15.6,27,12.5,81.9
2026-08-29 06:00,17.3,196,13.5,78.2
2026-08-29 07:00,18.8,407,13.5,71.6
2026-08-29 08:00,19.6,570,13.6,68.3
2026-08-29 09:00,20.4,703,13.1,62.9
2026-08-29 10:00,21.5,789,13.2,59.2
2026-08-29 11:00,23,696,11.1,47.4
2026-08-29 12:00,23.2,567,11.2,46.6
2026-08-29 13:00,24.2,706,11.7,45.5
2026-08-29 14:00,24,459,11.6,45.6
2026-08-29 15:00,24.2,345,11.7,45.4
2026-08-29 16:00,24,184,11.7,46.1
2026-08-29 17:00,23.4,77,12.6,50.6
2026-08-29 18:00,22.2,6,12.7,54.9
2026-08-29 19:00,20.9,1,13.7,63.2
2026-08-29 20:00,20.9,1,13.2,61.4
2026-08-29 21:00,20.3,1,13.1,63.1
2026-08-29 22:00,20.4,1,13.1,63.1
2026-08-29 23:00,19.8,1,13.5,67
2026-08-30 00:00,19.3,1,14.1,71.8
2026-08-30 01:00,18.6,1,13.6,72.9
2026-08-30 02:00,17.7,1,13.4,76.2
2026-08-30 03:00,17.4,1,13.6,78.3
2026-08-30 04:00,17.1,2,12.8,75.8
2026-08-30 05:00,17.4,46,12.1,71.1
2026-08-30 06:00,19.5,220,12.2,62.8
2026-08-30 07:00,20.6,394,12.5,59.9
2026-08-30 08:00,21.6,553,14.3,63.1
2026-08-30 09:00,22.1,686,14.6,62.5
2026-08-30 10:00,22.7,779,14.5,59.9
2026-08-30 11:00,23.7,800,13.1,51.2
2026-08-30 12:00,24.6,530,12.9,47.9
2026-08-30 13:00,25.9,631,13.4,45.9
2026-08-30 14:00,26.3,530,13.5,45.3
2026-08-30 15:00,25.7,203,13.9,48.1
2026-08-30 16:00,25,110,15.2,54.5
2026-08-30 17:00,24.6,56,15.4,56.6
2026-08-30 18:00,23.3,3,14.9,59.1
2026-08-30 19:00,22.6,1,14.2,59.4
2026-08-30 20:00,22.3,1,13.6,57.6
2026-08-30 21:00,21.8,1,13.5,59.2
2026-08-30 22:00,20,2,15.1,73.6
2026-08-30 23:00,19.6,0,15.4,76.7
2026-08-31 00:00,19,1,15.9,82.4
2026-08-31 01:00,19.4,1,16.7,84.3
2026-08-31 02:00,20.8,0,15.9,73.5
2026-08-31 03:00,20.7,1,15.3,71.4
2026-08-31 04:00,20.2,2,15,72
2026-08-31 05:00,19.4,43,12.8,66
2026-08-31 06:00,19.2,71,11.8,62.4
2026-08-31 07:00,20.2,231,12.2,60
2026-08-31 08:00,21.6,570,13,58.3
2026-08-31 09:00,22.6,706,12.7,53.5
2026-08-31 10:00,23.6,790,12.4,49.6
2026-08-31 11:00,24.3,811,11.7,45.3
2026-08-31 12:00,24.6,788,10.6,41.4
2026-08-31 13:00,25.1,717,10,38.6
2026-08-31 14:00,25.5,601,9.4,36.1
2026-08-31 15:00,25.4,441,9.1,35.7
2026-08-31 16:00,24.9,256,9.3,37.2
2026-08-31 17:00,23.7,74,8.4,37.5
2026-08-31 18:00,22.1,4,8.9,42.8
2026-08-31 19:00,19.7,2,9.5,51.7
2026-08-31 20:00,18.7,1,9.8,56.5
2026-08-31 21:00,18.4,1,10,58
2026-08-31 22:00,17.9,1,9.8,58.8
2026-08-31 23:00,17.8,1,9.4,57.9
2026-09-01 00:00,16.8,1,9.6,62.3
2026-09-01 01:00,16.8,1,9.4,61.6
2026-09-01 02:00,16.4,1,9.4,63.4
2026-09-01 03:00,15.7,1,9.6,66.8
2026-09-01 04:00,15.4,2,9.5,68
2026-09-01 05:00,15.5,46,9.6,67.8
2026-09-01 06:00,17.9,215,10.3,61.2
2026-09-01 07:00,19.8,397,10.9,56.5
2026-09-01 08:00,20.2,561,11.5,57.3
2026-09-01 09:00,21.1,696,11.8,55.4
2026-09-01 10:00,21.6,762,12.2,55.1
2026-09-01 11:00,22.2,795,12.9,55.5
2026-09-01 12:00,23.1,769,11.6,48.3
2026-09-01 13:00,23.9,698,9.7,40.8
2026-09-01 14:00,24.1,515,10.9,43.4
2026-09-01 15:00,24.4,366,10.5,41.6
2026-09-01 16:00,24.3,200,10,40.2
2026-09-01 17:00,22.8,44,11,47.5
2026-09-01 18:00,21.3,3,11.8,54.7
2026-09-01 19:00,20.6,1,11,54.1
2026-09-01 20:00,20.2,1,10.6,54.3
2026-09-01 21:00,19.2,1,10.6,57.4
2026-09-01 22:00,18.5,1,10.6,60.1
2026-09-01 23:00,17.7,1,10.7,63.6
2026-09-02 00:00,17.1,1,11.8,70.8
2026-09-02 01:00,16.9,1,12,72.9
2026-09-02 02:00,16.3,1,12.1,76.4
2026-09-02 03:00,15.9,1,12.1,78.1
2026-09-02 04:00,15.7,2,11.7,76.9
2026-09-02 05:00,15.9,43,11.3,74.1
2026-09-02 06:00,17.9,211,11.6,66.6
2026-09-02 07:00,19.5,326,11.6,60.1
2026-09-02 08:00,20.5,502,10.3,51.9
2026-09-02 09:00,20.8,624,11,53.3
2026-09-02 10:00,22,742,12.1,53.6
2026-09-02 11:00,23,786,12.4,51.4
2026-09-02 12:00,23.3,754,12.2,49.7
2026-09-02 13:00,24.9,637,10.4,40.1
2026-09-02 14:00,25.3,505,10.4,39.4
2026-09-02 15:00,24.6,399,14.6,53.8
2026-09-02 16:00,24.7,208,12.4,46.5
2026-09-02 17:00,24,67,12.8,49.8
2026-09-02 18:00,23.2,3,12.7,51.8
2026-09-02 19:00,23.3,1,11.3,46.9
2026-09-02 20:00,22.9,1,11.3,48.1
2026-09-02 21:00,22.1,1,11.5,51
2026-09-02 22:00,21.1,2,11.3,53.6
2026-09-02 23:00,19.7,1,11.3,58.3
2026-09-03 00:00,19.1,1,11.1,59.7
2026-09-03 01:00,18.3,1,11.5,64.4
2026-09-03 02:00,17.8,1,11.9,68.5
2026-09-03 03:00,17.4,1,12.4,72.8
2026-09-03 04:00,17.2,2,12.7,75.1
2026-09-03 05:00,17.1,41,12.7,75.3
2026-09-03 06:00,19.2,207,13.4,69.1
2026-09-03 07:00,21,389,13.3,61.6
2026-09-03 08:00,22,551,13.6,59.2
2026-09-03 09:00,22.4,689,14.1,59.7
2026-09-03 10:00,23.2,784,14.3,57.4
2026-09-03 11:00,23.9,778,12.8,49.9
2026-09-03 12:00,24.9,744,8.5,35.5
2026-09-03 13:00,25.2,610,8.3,34.3
2026-09-03 14:00,26.2,519,6.8,28.9
2026-09-03 15:00,26.3,358,6.9,29.2
2026-09-03 16:00,25.9,191,8.1,32.3
2026-09-03 17:00,25.2,70,9.9,38.1
2026-09-03 18:00,22.8,3,10.6,46.4
2026-09-03 19:00,21.8,1,10.6,48.9
2026-09-03 20:00,21.4,1,10.9,51.2
2026-09-03 21:00,20.8,1,10.6,52.1
2026-09-03 22:00,20.2,1,10.4,53.3
2026-09-03 23:00,19.7,1,10.3,54.6
2026-09-04 00:00,18.8,1,10.2,57.2
2026-09-04 01:00,18.3,1,10.1,58.7
2026-09-04 02:00,17.8,1,10.3,61.4
2026-09-04 03:00,17.7,1,9.5,58.8
2026-09-04 04:00,17.5,2,9.1,57.8
2026-09-04 05:00,17.7,39,9.7,59.6
2026-09-04 06:00,20.1,207,10.4,53.7
2026-09-04 07:00,21.3,386,11,51.9
2026-09-04 08:00,21.9,543,12.5,55.2
2026-09-04 09:00,22.3,674,13.9,58.7
2026-09-04 10:00,23.3,761,13.6,54.7
2026-09-04 11:00,24.7,785,12.1,45.7
2026-09-04 12:00,26.6,755,11.5,39
2026-09-04 13:00,26.6,674,13.2,43.7
2026-09-04 14:00,27.6,558,14.2,44
2026-09-04 15:00,28,403,12.9,39.4
2026-09-04 16:00,28.3,222,13.3,39.9
2026-09-04 17:00,27.5,57,14,43.5
2026-09-04 18:00,26.4,2,12.7,42.7
2026-09-04 19:00,24.8,1,12.3,45.7
2026-09-04 20:00,24.3,1,12.1,46.7
2026-09-04 21:00,23.6,1,12.1,48.7
2026-09-04 22:00,23,1,12.3,50.7
2026-09-04 23:00,22.4,1,12.3,52.7
2026-09-05 00:00,22.7,1,11,47.7
2026-09-05 01:00,22.7,1,9.5,43
2026-09-05 02:00,21.3,1,9.8,47.9
2026-09-05 03:00,20.9,1,10,49.8
2026-09-05 04:00,20.6,1,10.6,52.6
2026-09-05 05:00,20.7,45,10.7,53
2026-09-05 06:00,22.1,171,12.4,54.1
2026-09-05 07:00,23.8,266,13.2,51.3
2026-09-05 08:00,24.7,399,11.6,43.9
2026-09-05 09:00,25.4,621,12.3,44.4
2026-09-05 10:00,25,753,14.5,51.9
2026-09-05 11:00,26,777,13.8,46.8
2026-09-05 12:00,26.8,757,12.9,42.2
2026-09-05 13:00,27.6,588,13.4,41.7
2026-09-05 14:00,27.6,244,13.5,42.3
2026-09-05 15:00,27,258,15,48.1
2026-09-05 16:00,27,130,13.4,43.1
2026-09-05 17:00,25.8,38,13.7,47.2
2026-09-05 18:00,24.4,3,14.1,52.8
2026-09-05 19:00,23.4,1,14,55.6
2026-09-05 20:00,23,1,13.8,56.1
2026-09-05 21:00,22.4,1,13.5,57
2026-09-05 22:00,22.1,1,13.5,58.1
2026-09-05 23:00,21.9,1,13.6,59.3
2026-09-06 00:00,21,1,13.4,62
2026-09-06 01:00,20.2,1,13.7,66.6
2026-09-06 02:00,18.9,1,14,73.3
2026-09-06 03:00,18.6,1,14.2,75.5
2026-09-06 04:00,18.4,1,14.2,76.8
2026-09-06 05:00,18.4,36,14.3,77
2026-09-06 06:00,20.1,194,14.8,71.5
2026-09-06 07:00,21.1,372,15.8,71.9
2026-09-06 08:00,21.5,525,16.2,72.3
2026-09-06 09:00,22.4,654,16.3,68.7
2026-09-06 10:00,23.1,736,16.1,64.9
2026-09-06 11:00,24,757,16.4,62.4
2026-09-06 12:00,24.8,729,16.5,59.8
2026-09-06 13:00,25.6,653,16.2,56.1
2026-09-06 14:00,26.5,541,14.7,48.4
2026-09-06 15:00,27,381,12.9,41.5
2026-09-06 16:00,26.7,197,13.4,43.9
2026-09-06 17:00,25.7,48,14.2,49.5
2026-09-06 18:00,24.4,2,12,45.9
2026-09-06 19:00,23.7,1,14,54.6
2026-09-06 20:00,22.9,1,13.6,55.5
2026-09-06 21:00,22.5,1,13.5,56.5
2026-09-06 22:00,22,1,13.6,59
2026-09-06 23:00,21.4,1,13.8,62.2
2026-09-07 00:00,20.6,1,13.6,64.3
2026-09-07 01:00,20.1,1,13.4,65.4
2026-09-07 02:00,20,2,14.6,71.5
2026-09-07 03:00,19.6,1,16.7,83.3
2026-09-07 04:00,19.8,1,16.3,79.9
2026-09-07 05:00,20.7,16,15.7,73.1
2026-09-07 06:00,21.1,71,16,73
2026-09-07 07:00,21.4,136,17,76.2
2026-09-07 08:00,23.6,440,17.7,69.6
2026-09-07 09:00,24.2,573,17.9,68
2026-09-07 10:00,25.1,660,18.9,68.9
2026-09-07 11:00,26.2,591,16.8,56.6
2026-09-07 12:00,27.3,735,16.3,51.1
2026-09-07 13:00,28.6,642,15.9,46
2026-09-07 14:00,29.5,455,15.6,42.8
2026-09-07 15:00,29.9,292,15.4,41.4
2026-09-07 16:00,28.1,190,15.5,46.3
2026-09-07 17:00,27.3,41,15.8,49.5
2026-09-07 18:00,26.2,2,14.5,48.5
2026-09-07 19:00,25.4,1,13.7,48.3
2026-09-07 20:00,25,1,13,47.5
2026-09-07 21:00,24.3,1,13.1,49.7
2026-09-07 22:00,23.4,1,13,52
2026-09-07 23:00,22.6,1,13,54.5
2026-09-08 00:00,21.8,1,13,57.3
2026-09-08 01:00,21.3,1,12.7,58
2026-09-08 02:00,21.2,1,12.9,59.2
2026-09-08 03:00,20.8,1,12.9,60.5
2026-09-08 04:00,20.6,1,12.7,60.3
2026-09-08 05:00,20.4,31,12.9,62.3
2026-09-08 06:00,22,178,14,60.8
2026-09-08 07:00,23.4,358,16.4,64.7
2026-09-08 08:00,24.2,507,15.5,58.3
2026-09-08 09:00,24.9,646,16,57.9
2026-09-08 10:00,26.9,731,14,45.2
2026-09-08 11:00,28.3,754,13.3,39.6
2026-09-08 12:00,29.3,728,14.5,40.6
2026-09-08 13:00,29.5,644,14.6,40.3
2026-09-08 14:00,30.3,520,15,39.3
2026-09-08 15:00,30.8,356,14.2,36.4
2026-09-08 16:00,30.6,203,15.4,39.8
2026-09-08 17:00,29.4,15,15.3,42.5
2026-09-08 18:00,28.3,2,13.5,40.3
2026-09-08 19:00,26.3,1,13,43.8
2026-09-08 20:00,25,1,14.3,51.5
2026-09-08 21:00,24.7,1,14.1,52
2026-09-08 22:00,23.5,1,11.2,45.9
2026-09-08 23:00,22.5,1,12.1,51.8
2026-09-09 00:00,22.3,1,12.9,55.3
2026-09-09 01:00,21.7,1,13.4,59.4
2026-09-09 02:00,20.8,1,14.4,66.8
2026-09-09 03:00,20.3,1,14.3,68.5
2026-09-09 04:00,18.2,2,15,82.1
2026-09-09 05:00,16.8,3,15.5,92.2
2026-09-09 06:00,16.2,20,15.3,94
2026-09-09 07:00,15.7,32,14.1,90
2026-09-09 08:00,14.5,39,12.6,88.4
2026-09-09 09:00,14.8,58,13.2,89.7
2026-09-09 10:00,15.5,139,13.2,86.5
2026-09-09 11:00,15.6,137,11.8,78.5
2026-09-09 12:00,16.3,273,11.1,71.4
2026-09-09 13:00,17,238,10,63.1
2026-09-09 14:00,17.1,123,10.4,64.6
2026-09-09 15:00,17,81,10.7,66.4
2026-09-09 16:00,16.6,31,9.7,63.7
2026-09-09 17:00,16.1,6,10.4,68.9
2026-09-09 18:00,15.8,1,10.1,69
2026-09-09 19:00,15.5,1,9.6,67.8
2026-09-09 20:00,15.2,1,9.2,67.4
2026-09-09 21:00,14.9,1,8.8,66.8
2026-09-09 22:00,15.1,1,7.2,59.1
2026-09-09 23:00,14.6,1,7.5,62.2
2026-09-10 00:00,13.9,1,8,67.7
2026-09-10 01:00,13.5,1,8.1,70.2
2026-09-10 02:00,12.9,1,8.1,72.2
2026-09-10 03:00,12.6,1,8,74
2026-09-10 04:00,12.3,1,8,74.8
2026-09-10 05:00,12.3,12,8,75.1
2026-09-10 06:00,13.1,180,8,71.5
2026-09-10 07:00,14.9,381,8.2,64.3
2026-09-10 08:00,16.3,534,8.4,59.6
2026-09-10 09:00,17.1,687,8.1,55.7
2026-09-10 10:00,18.1,691,7.9,51.5
2026-09-10 11:00,17.9,374,7.7,51.3
2026-09-10 12:00,18,378,7.7,51.1
2026-09-10 13:00,18.8,579,7.9,49
2026-09-10 14:00,18.4,348,7.8,50.1
2026-09-10 15:00,17.7,139,7.8,52.2
2026-09-10 16:00,17.3,41,7.9,53.8
2026-09-10 17:00,16.9,15,8.3,57
2026-09-10 18:00,16.6,1,8.5,58.7
2026-09-10 19:00,16.4,1,8.6,59.9
2026-09-10 20:00,16,1,8.6,61.3
2026-09-10 21:00,15.3,1,8.7,64.7
2026-09-10 22:00,15,0,8.2,63.7
2026-09-10 23:00,14.7,1,8.4,65.9
2026-09-11 00:00,13.9,1,8.7,71.3
2026-09-11 01:00,13.6,1,8.6,72.2
2026-09-11 02:00,12.9,1,8.4,74
2026-09-11 03:00,13.2,1,8.4,72.4
2026-09-11 04:00,12.8,2,8.6,75.8
2026-09-11 05:00,13.1,36,8.6,74.1
2026-09-11 06:00,13.9,90,9.4,74.5
2026-09-11 07:00,15.5,288,10.1,70.2
2026-09-11 08:00,16.9,493,10.1,64.1
2026-09-11 09:00,17.4,675,11,66
2026-09-11 10:00,18.1,756,10.9,62.8
2026-09-11 11:00,19,754,11.2,60.6
2026-09-11 12:00,19.4,737,10.8,57.6
2026-09-11 13:00,20.5,654,9.9,50.5
2026-09-11 14:00,21.1,532,9.1,46.2
2026-09-11 15:00,21.2,374,9.4,46.8
2026-09-11 16:00,21.8,186,8.1,41.6
2026-09-11 17:00,20.4,36,7.5,43.3
2026-09-11 18:00,18.3,2,8.1,51.5
2026-09-11 19:00,17.6,1,8.2,54.2
2026-09-11 20:00,17.2,1,8.3,55.7
2026-09-11 21:00,17.1,1,7.6,53.2
2026-09-11 22:00,16.8,1,7.8,55.5
2026-09-11 23:00,16.5,1,7.7,56.1
2026-09-12 00:00,15.6,1,7.8,59.7
2026-09-12 01:00,15.3,1,7.3,58.7
2026-09-12 02:00,14.6,1,7.4,61.7
2026-09-12 03:00,14.4,1,7.4,62.6
2026-09-12 04:00,14.2,1,7.6,64.5
2026-09-12 05:00,14.1,29,7.7,65.4
2026-09-12 06:00,15.5,173,8.6,63.4
2026-09-12 07:00,16.9,369,9.5,61.7
2026-09-12 08:00,17.9,524,10.2,60.7
2026-09-12 09:00,18.2,658,10.9,62.4
2026-09-12 10:00,18.7,743,11.3,62.2
2026-09-12 11:00,19.5,768,11.3,59.1
2026-09-12 12:00,20.7,739,11.2,54.6
2026-09-12 13:00,21.7,657,11.1,50.9
2026-09-12 14:00,22.2,536,10.4,47
2026-09-12 15:00,22.9,372,8.8,40.7
2026-09-12 16:00,22.7,175,8.7,40.8
2026-09-12 17:00,21.2,38,9.4,46.9
2026-09-12 18:00,19.7,2,8.9,49.8
2026-09-12 19:00,18.6,1,8.5,51.5
2026-09-12 20:00,17.6,1,8.7,55.8
2026-09-12 21:00,16.8,1,8.3,57.2
2026-09-12 22:00,16.4,1,8.5,59.3
2026-09-12 23:00,16.2,1,8,58.4
2026-09-13 00:00,15.4,1,7.7,60.2
2026-09-13 01:00,15.2,1,7.6,60.5
2026-09-13 02:00,14.9,1,7.6,61.6
2026-09-13 03:00,14.5,1,7.6,63.3
2026-09-13 04:00,14,1,7.6,65.5
2026-09-13 05:00,13.9,24,7.8,66.3
2026-09-13 06:00,15.7,176,8.6,62.9
2026-09-13 07:00,17.8,364,10.5,62.4
2026-09-13 08:00,18.4,508,11.2,63.1
2026-09-13 09:00,19.1,642,11.7,62
2026-09-13 10:00,19.8,729,11.4,58.7
2026-09-13 11:00,20.6,713,11.5,55.9
2026-09-13 12:00,21.7,669,11.4,51.8
2026-09-13 13:00,22.7,591,11.2,48.2
2026-09-13 14:00,23.5,380,9.9,42.1
2026-09-13 15:00,23.3,238,10.7,45.6
2026-09-13 16:00,21.9,126,14.5,63
2026-09-13 17:00,21.3,32,14,63.1
2026-09-13 18:00,20.6,1,11.9,57.4
2026-09-13 19:00,21.2,0,10.5,50.2
2026-09-13 20:00,20.7,1,10.8,53.1
2026-09-13 21:00,20.5,0,10.9,54.3
2026-09-13 22:00,19.4,1,11.4,60
2026-09-13 23:00,19.1,1,11.6,61.7
2026-09-14 00:00,18.9,1,12.1,65
2026-09-14 01:00,18.8,1,12.4,66.5
2026-09-14 02:00,17.8,1,12.2,70
2026-09-14 03:00,17.2,1,12.2,72.6
2026-09-14 04:00,16.9,1,12.2,73.7
2026-09-14 05:00,16.7,16,12.1,74.2
2026-09-14 06:00,18.6,174,12.8,69
2026-09-14 07:00,19.6,303,13.9,69.7
2026-09-14 08:00,20,398,14.4,70.2
2026-09-14 09:00,20.5,565,15.1,71.1
2026-09-14 10:00,21.5,703,15.1,66.8
2026-09-14 11:00,22.6,723,14.8,61.6
2026-09-14 12:00,24.1,697,15.1,57.2
2026-09-14 13:00,25.3,625,14.5,51.2
2026-09-14 14:00,25.8,413,13.5,46.7
2026-09-14 15:00,26.8,348,13,42.6
2026-09-14 16:00,26,164,12.5,43
2026-09-14 17:00,24.5,28,12.6,47.5
2026-09-14 18:00,23.1,1,12.8,52.4
2026-09-14 19:00,22.4,1,13.2,55.9
2026-09-14 20:00,21.6,1,13.1,58.1
2026-09-14 21:00,20.9,1,13.2,61.3
2026-09-14 22:00,19.5,1,13.3,67.3
2026-09-14 23:00,18.9,1,13.3,69.9
2026-09-15 00:00,18.3,1,13.1,71.6
2026-09-15 01:00,17.9,1,12.9,72.2
2026-09-15 02:00,17.3,1,12.6,73.6
2026-09-15 03:00,17.1,1,12.5,74.6
2026-09-15 04:00,16.6,1,12.5,76.4
2026-09-15 05:00,16.5,20,12.9,79.2
2026-09-15 06:00,18.1,162,13.4,73.8
2026-09-15 07:00,19.7,345,14.4,71
2026-09-15 08:00,20.1,492,15.1,73
2026-09-15 09:00,20.8,622,15.4,71.3
2026-09-15 10:00,21.9,701,15,64.9
2026-09-15 11:00,22.6,723,13.8,57.4
2026-09-15 12:00,23.8,693,13.8,53.5
2026-09-15 13:00,24.7,614,13.8,50.7
2026-09-15 14:00,25.6,497,13.6,47.4
2026-09-15 15:00,25.7,343,15.2,52.2
2026-09-15 16:00,25.5,157,15.6,54.2
2026-09-15 17:00,24,25,14.5,55.6
2026-09-15 18:00,23.1,1,12.3,50.5
2026-09-15 19:00,22.1,1,12.1,53.1
2026-09-15 20:00,21.8,1,12.2,54.3
2026-09-15 21:00,21.1,1,12.2,56.7
2026-09-15 22:00,21.1,1,12.2,56.8
2026-09-15 23:00,20.5,1,12.1,58.4
2026-09-16 00:00,20,1,12.1,60.6
2026-09-16 01:00,19.7,1,12.2,62
2026-09-16 02:00,19.8,1,12.1,61.2
2026-09-16 03:00,19.7,1,12.3,62.3
2026-09-16 04:00,19.3,1,12.6,65.1
2026-09-16 05:00,19.2,9,13.1,67.6
2026-09-16 06:00,20,136,13.7,67.2
2026-09-16 07:00,21.4,308,14.5,65.1
2026-09-16 08:00,22.3,345,14.5,61.4
2026-09-16 09:00,22,384,13,56.7
2026-09-16 10:00,21.3,332,12.2,56.1
2026-09-16 11:00,21.1,183,12.4,57.6
2026-09-16 12:00,20.4,153,12.3,59.7
2026-09-16 13:00,20.2,158,12.1,59.9
2026-09-16 14:00,19.4,52,11.1,58.7
2026-09-16 15:00,18.1,9,10.2,59.8
2026-09-16 16:00,17.6,8,8,53.7
2026-09-16 17:00,17.3,2,6.9,50.6
2026-09-16 18:00,16.5,1,8.5,59.2
2026-09-16 19:00,16.4,1,8.7,60.3
2026-09-16 20:00,16.3,1,8.6,59.9
2026-09-16 21:00,15.8,1,8.6,62
2026-09-16 22:00,15.1,1,8.2,63.2
2026-09-16 23:00,14.4,1,7.8,64.5
2026-09-17 00:00,14,1,7.7,65.6
2026-09-17 01:00,13.7,1,7.7,67
2026-09-17 02:00,13.3,1,7.7,68.6
2026-09-17 03:00,13,1,7.8,70.8
2026-09-17 04:00,13,1,8.3,72.8
2026-09-17 05:00,13,18,8.5,73.8
2026-09-17 06:00,14.4,160,8.8,69.2
2026-09-17 07:00,16.1,353,9.4,64.7
2026-09-17 08:00,16.6,497,10.2,65.8
2026-09-17 09:00,17.5,627,10.7,64.3
2026-09-17 10:00,18.9,660,8.7,52.3
2026-09-17 11:00,19.8,685,8.1,47
2026-09-17 12:00,19.7,649,8.9,49.6
2026-09-17 13:00,19.8,476,8.4,47.9
2026-09-17 14:00,19.6,309,7.9,46.6
2026-09-17 15:00,19.5,175,7.9,46.8
2026-09-17 16:00,19.2,85,7.6,46.9
2026-09-17 17:00,18,11,8.6,54.2
2026-09-17 18:00,17.1,1,7.7,54.2
2026-09-17 19:00,17.3,1,6.3,48.3
2026-09-17 20:00,17.2,1,5.3,45.4
2026-09-17 21:00,17.1,1,5.2,45.6
2026-09-17 22:00,16.3,1,5.6,49.2
2026-09-17 23:00,15.7,1,5.7,51.3
2026-09-18 00:00,15.6,1,6,52.8
2026-09-18 01:00,15.4,1,7.2,58.1
2026-09-18 02:00,15.1,1,7.2,58.9
2026-09-18 03:00,14.6,1,7.3,61.7
2026-09-18 04:00,14.2,1,7.8,65.6
2026-09-18 05:00,13.9,17,8.1,68.3
2026-09-18 06:00,14.9,80,9.1,68.2
2026-09-18 07:00,15.9,181,9.9,67.2
2026-09-18 08:00,17.8,493,10.4,61.8
2026-09-18 09:00,18.5,624,10.7,60.6
2026-09-18 10:00,19.1,704,10.6,57.6
2026-09-18 11:00,19.8,737,8.6,48.3
2026-09-18 12:00,21,704,8.1,43.5
2026-09-18 13:00,21.1,631,8.5,44.1
2026-09-18 14:00,21.3,505,8.7,44.6
2026-09-18 15:00,21.3,334,8.9,45.2
2026-09-18 16:00,21,147,9.3,47.2
2026-09-18 17:00,19.6,16,9.1,50.7
2026-09-18 18:00,19.2,1,8.1,48.9
2026-09-18 19:00,18.3,1,8.1,51.6
2026-09-18 20:00,17.1,1,8.2,55.8
2026-09-18 21:00,16.6,1,8.3,58.3
2026-09-18 22:00,16,1,8.8,62.1
2026-09-18 23:00,15.6,1,8.9,64.2
2026-09-19 00:00,15.5,1,8.8,64.6
2026-09-19 01:00,14.7,1,8.9,68
2026-09-19 02:00,14.3,1,9.1,71
2026-09-19 03:00,13.6,1,8.9,73.1
2026-09-19 04:00,13.3,1,8.6,73.1
2026-09-19 05:00,13.1,14,8.4,73.3
2026-09-19 06:00,14.6,144,9,69.4
2026-09-19 07:00,16.7,339,9.8,63.7
2026-09-19 08:00,17.5,486,9.4,59.2
2026-09-19 09:00,18.2,614,9.7,57.6
2026-09-19 10:00,18.8,687,10.4,57.9
2026-09-19 11:00,20,711,10.6,54.8
2026-09-19 12:00,20.4,682,10.7,53.6
2026-09-19 13:00,21.4,617,10.6,50
2026-09-19 14:00,22.5,440,8.8,41.5
2026-09-19 15:00,22.2,270,9,42.8
2026-09-19 16:00,21.6,101,9.5,46.2
2026-09-19 17:00,20.3,25,10.5,53.6
2026-09-19 18:00,18.6,1,9.8,56.5
2026-09-19 19:00,17.7,1,9.5,58.5
2026-09-19 20:00,17.4,1,8.8,57
2026-09-19 21:00,17,1,8.2,56
2026-09-19 22:00,16.7,1,7.9,55.8
2026-09-19 23:00,16.1,1,8.2,59.5
2026-09-20 00:00,15.7,1,8.4,62.1
2026-09-20 01:00,15.5,1,8.4,62.8
2026-09-20 02:00,15.3,1,8.2,62.5
2026-09-20 03:00,14.9,1,8.1,63.7
2026-09-20 04:00,14.6,1,8.2,65.1
2026-09-20 05:00,14.5,14,8.8,69
2026-09-20 06:00,16.1,145,10,67.5
2026-09-20 07:00,18.2,325,10.8,62
2026-09-20 08:00,18.9,479,9.4,53.8
2026-09-20 09:00,19.6,611,10,53.7
2026-09-20 10:00,20.4,658,10.8,54
2026-09-20 11:00,21.1,703,10.6,51
2026-09-20 12:00,22.5,632,9.1,42.3
2026-09-20 13:00,22.9,502,9.1,41.4
2026-09-20 14:00,23.2,233,9.9,42.8
2026-09-20 15:00,23.2,276,10.2,43.9
2026-09-20 16:00,22.6,117,12.7,53.8
2026-09-20 17:00,20.1,13,10.7,54.6
2026-09-20 18:00,21.3,0,5.4,35.5
2026-09-20 19:00,20.3,1,5.2,37.1
2026-09-20 20:00,18.7,1,5.5,42
2026-09-20 21:00,18.8,1,6.4,44.5
2026-09-20 22:00,18.3,1,6.7,46.8
2026-09-20 23:00,18.2,1,6.4,46.2
2026-09-21 00:00,17.2,1,7.4,52.6
2026-09-21 01:00,17.2,1,8.7,57.5
2026-09-21 02:00,16.7,1,9.4,61.8
2026-09-21 03:00,17.3,1,9.8,61.2
2026-09-21 04:00,16.6,1,9.8,63.7
2026-09-21 05:00,16.1,15,9.2,63.4
2026-09-21 06:00,16.8,136,9.6,62.3
2026-09-21 07:00,18.7,289,9.8,56.4
2026-09-21 08:00,19.7,421,10.3,54.9
2026-09-21 09:00,20.9,569,10.9,52.7
2026-09-21 10:00,21.5,619,11.7,53.5
2026-09-21 11:00,22.9,689,11.1,47.2
2026-09-21 12:00,22.5,659,12.3,52.7
2026-09-21 13:00,23.8,568,10.2,42.6
2026-09-21 14:00,24.6,493,6.9,32.2
2026-09-21 15:00,23.6,229,7.5,35.7
2026-09-21 16:00,22.3,95,8,39.8
2026-09-21 17:00,20.6,15,9.4,49
2026-09-21 18:00,18.9,1,9.9,55.7
2026-09-21 19:00,18,1,7.9,51.5
2026-09-21 20:00,17,1,7.7,54.3
2026-09-21 21:00,16.5,1,7.9,56.8
2026-09-21 22:00,15.9,1,7.8,58.6
2026-09-21 23:00,15.3,1,7.6,60.2
2026-09-22 00:00,14.7,1,7.3,61.1
2026-09-22 01:00,14,1,7.3,63.8
2026-09-22 02:00,13.4,1,7.1,65.6
2026-09-22 03:00,12.8,1,6.8,67.3
2026-09-22 04:00,12.2,1,6.5,68.1
2026-09-22 05:00,11.8,9,6.3,68.9
2026-09-22 06:00,12.6,137,6.7,67.1
2026-09-22 07:00,14.5,326,7,60.9
2026-09-22 08:00,16.6,478,7.9,56.3
2026-09-22 09:00,18,613,8.5,53.8
2026-09-22 10:00,18.7,687,10.1,57.4
2026-09-22 11:00,19.5,717,10.3,55.4
2026-09-22 12:00,21.8,687,7.4,40.8
2026-09-22 13:00,23.7,614,2.7,25.5
2026-09-22 14:00,24.1,490,-0.1,20.4
2026-09-22 15:00,23.3,327,-2.3,18.1
2026-09-22 16:00,21.9,133,-1.9,20.3
2026-09-22 17:00,20.2,13,-0.6,24.7
2026-09-22 18:00,19.4,1,-1.1,25.1
2026-09-22 19:00,19.1,1,-2.1,23.8
2026-09-22 20:00,18.2,1,-0.3,28.6
2026-09-22 21:00,17.5,1,1,32.8
2026-09-22 22:00,17,1,1,33.9
2026-09-22 23:00,15.4,1,1.4,38.8
2026-09-23 00:00,14.7,1,1.9,41.9
2026-09-23 01:00,13.8,1,2.5,46.2
2026-09-23 02:00,13.1,1,2.8,49.6
2026-09-23 03:00,12.7,1,3.1,51.7
2026-09-23 04:00,12.1,1,3.4,55.3
2026-09-23 05:00,11.7,8,4.2,60.1
2026-09-23 06:00,13.3,132,5.8,60.6
2026-09-23 07:00,15.4,322,7,57.5
2026-09-23 08:00,16,471,7.7,57.8
2026-09-23 09:00,16.7,602,6.9,52.5
2026-09-23 10:00,17.9,672,7,49.1
2026-09-23 11:00,18.9,704,6.8,45.2
2026-09-23 12:00,19.6,669,7.2,44.6
2026-09-23 13:00,20.7,586,7.1,41.2
2026-09-23 14:00,21.7,461,7.1,39
2026-09-23 15:00,21.5,299,8.4,43
2026-09-23 16:00,20.4,109,9.4,49.2
2026-09-23 17:00,19.2,18,9.7,53.8
2026-09-23 18:00,18.8,1,7.3,47.2
2026-09-23 19:00,18.2,1,6.8,47.2
2026-09-23 20:00,17.9,1,7,49.2
2026-09-23 21:00,17.8,1,6.6,47.8
2026-09-23 22:00,16.7,1,6.5,50.8
2026-09-23 23:00,15.9,1,7.1,56.1
2026-09-24 00:00,15.6,1,6.6,54.8
2026-09-24 01:00,15.1,1,7,58.6
2026-09-24 02:00,14.4,1,7.5,62.9
2026-09-24 03:00,14.2,1,7.4,64
2026-09-24 04:00,13.9,1,7.8,66.6
2026-09-24 05:00,13.7,14,8.2,69.1
2026-09-24 06:00,15.2,133,9.3,67.6
2026-09-24 07:00,17.3,285,10,62
2026-09-24 08:00,17.8,352,10.8,63.7
2026-09-24 09:00,18.4,433,11.8,65.7
2026-09-24 10:00,19.2,550,11.9,62.6
2026-09-24 11:00,20.2,582,11.3,56.5
2026-09-24 12:00,21,491,10.2,50.1
2026-09-24 13:00,22,309,8.6,42.3
2026-09-24 14:00,21.1,117,10.3,50.1
2026-09-24 15:00,20.1,64,11.2,56.3
2026-09-24 16:00,19.7,26,11.8,60.6
2026-09-24 17:00,19.9,4,10.3,54.2
2026-09-24 18:00,20.3,1,8.3,46.1
2026-09-24 19:00,20.1,1,7.3,43.5
2026-09-24 20:00,19.4,1,6.6,43.4
2026-09-24 21:00,18.3,1,6.6,46.3
2026-09-24 22:00,18.4,1,6.5,45.7
2026-09-24 23:00,17.4,2,6.3,48.3
2026-09-25 00:00,15.5,1,7,56.7
2026-09-25 01:00,14.9,1,7.7,61.7
2026-09-25 02:00,14.4,1,8.3,66.4
2026-09-25 03:00,14.1,1,8.3,67.8
2026-09-25 04:00,13.8,1,8.3,69.5
2026-09-25 05:00,13.2,10,8.2,72
2026-09-25 06:00,14.2,116,8.5,68.5
2026-09-25 07:00,16.2,311,10,66.4
2026-09-25 08:00,16.8,455,10.3,65.4
2026-09-25 09:00,17.2,588,11,66.7
2026-09-25 10:00,18.2,656,11.3,64.1
2026-09-25 11:00,19,669,10.6,58.2
2026-09-25 12:00,20,631,10.1,53
2026-09-25 13:00,21,571,10.5,51
2026-09-25 14:00,21.8,447,10.5,48.9
2026-09-25 15:00,22.2,281,10.6,48
2026-09-25 16:00,20.2,101,11.8,58.5
2026-09-25 17:00,18.7,9,11.6,63.6
2026-09-25 18:00,18.3,1,10.9,62.3
2026-09-25 19:00,18,1,9.1,56
2026-09-25 20:00,17.9,1,7.5,50.4
2026-09-25 21:00,17.1,1,8,55.3
2026-09-25 22:00,16.3,1,7,54.3
2026-09-25 23:00,15.6,1,7,56.3
2026-09-26 00:00,15.2,1,7.5,60.1
2026-09-26 01:00,14.7,1,7.3,61.2
2026-09-26 02:00,14.5,1,6.6,59.2
2026-09-26 03:00,14.2,1,6.1,58
2026-09-26 04:00,13.6,1,5.8,59.1
2026-09-26 05:00,13.5,7,6.3,61.7
2026-09-26 06:00,14.8,129,6.7,58.3
2026-09-26 07:00,17.4,320,7.7,53.2
2026-09-26 08:00,18.1,473,8.2,52.4
2026-09-26 09:00,18.9,597,9.1,53.1
2026-09-26 10:00,19.9,672,9.5,51.4
