Date,Temperature_Celsius(℃),Relative_Humidity(%),DPT(℃),VPD(kPa),Abs Humidity(g/m³),Light_Value
28/04/2026 20:52,"24,6",44,"11,5","1,73","9,90",1
28/04/2026 21:07,"24,6",44,"11,5","1,73","9,90",1
28/04/2026 21:22,"24,6",44,"11,5","1,73","9,90",1
28/04/2026 21:37,"24,6",44,"11,5","1,73","9,90",1
28/04/2026 21:52,"24,6",44,"11,5","1,73","9,90",1
28/04/2026 22:07,"24,6",44,"11,5","1,73","9,90",1
28/04/2026 22:22,"24,6",44,"11,5","1,73","9,90",1
28/04/2026 22:37,"24,6",44,"11,5","1,73","9,90",1
28/04/2026 22:52,"24,6",44,"11,5","1,73","9,90",1
28/04/2026 23:07,"24,6",44,"11,5","1,73","9,90",1
28/04/2026 23:22,"24,6",44,"11,5","1,73","9,90",1
28/04/2026 23:37,"24,6",44,"11,5","1,73","9,90",1
28/04/2026 23:52,"24,6",44,"11,5","1,73","9,90",1
29/04/2026 00:07,"24,6",44,"11,5","1,73","9,90",1
29/04/2026 00:22,"24,6",44,"11,5","1,73","9,90",1
29/04/2026 00:37,"24,6",44,"11,5","1,73","9,90",1
29/04/2026 00:52,"24,6",44,"11,5","1,73","9,90",1
29/04/2026 01:07,"24,4",45,"11,7","1,68","10,01",1
29/04/2026 01:22,"24,4",45,"11,7","1,68","10,01",1
29/04/2026 01:37,"24,4",45,"11,7","1,68","10,01",1
29/04/2026 01:52,"24,4",45,"11,7","1,68","10,01",1
29/04/2026 02:07,"24,4",45,"11,7","1,68","10,01",1
29/04/2026 02:22,"24,4",45,"11,7","1,68","10,01",1
29/04/2026 02:37,"24,4",45,"11,7","1,68","10,01",1
29/04/2026 02:52,"24,4",45,"11,7","1,68","10,01",1
29/04/2026 03:07,"24,4",45,"11,7","1,68","10,01",1
29/04/2026 03:22,"24,4",45,"11,7","1,68","10,01",1
29/04/2026 03:37,"24,4",45,"11,7","1,68","10,01",1
29/04/2026 03:52,"24,4",45,"11,7","1,68","10,01",1
29/04/2026 04:07,"24,4",45,"11,7","1,68","10,01",1
29/04/2026 04:22,"24,4",45,"11,7","1,68","10,01",1
29/04/2026 04:37,"24,4",45,"11,7","1,68","10,01",1
29/04/2026 04:52,"24,4",45,"11,7","1,68","10,01",1
29/04/2026 05:07,"24,4",45,"11,7","1,68","10,01",1
29/04/2026 05:22,"24,4",45,"11,7","1,68","10,01",1
29/04/2026 05:37,"24,4",45,"11,7","1,68","10,01",1
29/04/2026 05:52,"24,4",45,"11,7","1,68","10,01",1
29/04/2026 06:07,"24,4",45,"11,7","1,68","10,01",1
29/04/2026 06:22,"24,4",45,"11,7","1,68","10,01",1
29/04/2026 06:37,"24,4",45,"11,7","1,68","10,01",1
29/04/2026 06:52,"24,4",45,"11,7","1,68","10,01",1
29/04/2026 07:07,"24,4",45,"11,7","1,68","10,01",2
29/04/2026 07:22,"24,4",45,"11,7","1,68","10,01",2
29/04/2026 07:37,"24,4",45,"11,7","1,68","10,01",3
29/04/2026 07:52,"24,4",45,"11,7","1,68","10,01",3
29/04/2026 08:07,"24,4",45,"11,7","1,68","10,01",4
29/04/2026 08:22,"24,4",45,"11,7","1,68","10,01",6
29/04/2026 08:37,"24,4",45,"11,7","1,68","10,01",6
29/04/2026 08:52,"24,4",45,"11,7","1,68","10,01",9
29/04/2026 09:07,"24,4",45,"11,7","1,68","10,01",9
29/04/2026 09:22,"24,4",45,"11,7","1,68","10,01",11
29/04/2026 09:37,"24,4",45,"11,7","1,68","10,01",11
29/04/2026 09:52,"24,4",45,"11,7","1,68","10,01",12
29/04/2026 10:07,"24,6",45,"11,9","1,70","10,13",12
29/04/2026 10:22,"24,6",45,"11,9","1,70","10,13",12
29/04/2026 10:37,"24,6",45,"11,9","1,70","10,13",12
29/04/2026 10:52,"24,6",45,"11,9","1,70","10,13",12
29/04/2026 11:07,"24,6",45,"11,9","1,70","10,13",12
29/04/2026 11:22,"24,6",45,"11,9","1,70","10,13",12
29/04/2026 11:37,"24,6",45,"11,9","1,70","10,13",12
29/04/2026 11:52,"24,6",45,"11,9","1,70","10,13",12
29/04/2026 12:07,"24,8",46,"12,4","1,69","10,47",12
29/04/2026 12:22,"24,8",46,"12,4","1,69","10,47",12
29/04/2026 12:37,"24,8",48,"13,0","1,63","10,93",12
29/04/2026 12:52,"24,8",48,"13,0","1,63","10,93",12
29/04/2026 13:07,"24,8",48,"13,0","1,63","10,93",12
29/04/2026 13:22,"24,8",48,"13,0","1,63","10,93",12
29/04/2026 13:37,"24,8",48,"13,0","1,63","10,93",12
29/04/2026 13:52,"24,8",48,"13,0","1,63","10,93",12
29/04/2026 14:07,"24,8",48,"13,0","1,63","10,93",12
29/04/2026 14:22,"24,8",48,"13,0","1,63","10,93",12
29/04/2026 14:37,"24,8",48,"13,0","1,63","10,93",12
29/04/2026 14:52,"25,0",47,"12,9","1,68","10,82",12
29/04/2026 15:07,"25,0",47,"12,9","1,68","10,82",12
29/04/2026 15:22,"25,0",47,"12,9","1,68","10,82",12
29/04/2026 15:37,"25,0",47,"12,9","1,68","10,82",12
29/04/2026 15:52,"25,0",47,"12,9","1,68","10,82",12
29/04/2026 16:07,"25,0",47,"12,9","1,68","10,82",13
29/04/2026 16:22,"25,0",47,"12,9","1,68","10,82",13
29/04/2026 16:37,"25,0",47,"12,9","1,68","10,82",13
29/04/2026 16:52,"24,9",45,"12,1","1,73","10,30",13
29/04/2026 17:07,"24,9",45,"12,1","1,73","10,30",13
29/04/2026 17:22,"24,9",45,"12,1","1,73","10,30",13
29/04/2026 17:37,"24,9",45,"12,1","1,73","10,30",13
29/04/2026 17:52,"24,9",45,"12,1","1,73","10,30",13
29/04/2026 18:07,"25,1",44,"12,0","1,78","10,19",12
29/04/2026 18:22,"25,1",44,"12,0","1,78","10,19",12
29/04/2026 18:37,"25,1",44,"12,0","1,78","10,19",12
29/04/2026 18:52,"25,1",44,"12,0","1,78","10,19",12
29/04/2026 19:07,"25,1",44,"12,0","1,78","10,19",12
29/04/2026 19:22,"25,1",44,"12,0","1,78","10,19",11
29/04/2026 19:37,"25,2",46,"12,8","1,73","10,71",6
29/04/2026 19:52,"25,2",46,"12,8","1,73","10,71",4
29/04/2026 20:07,"25,0",45,"12,2","1,74","10,36",4
29/04/2026 20:22,"25,0",45,"12,2","1,74","10,36",2
29/04/2026 20:37,"25,0",45,"12,2","1,74","10,36",1
29/04/2026 20:52,"25,0",45,"12,2","1,74","10,36",1
29/04/2026 21:07,"24,8",45,"12,1","1,72","10,24",1
29/04/2026 21:22,"24,8",45,"12,1","1,72","10,24",1
29/04/2026 21:37,"24,8",45,"12,1","1,72","10,24",1
29/04/2026 21:52,"24,8",45,"12,1","1,72","10,24",1
29/04/2026 22:07,"24,8",45,"12,1","1,72","10,24",1
29/04/2026 22:22,"24,6",45,"11,9","1,70","10,13",1
29/04/2026 22:37,"24,6",45,"11,9","1,70","10,13",1
29/04/2026 22:52,"24,6",45,"11,9","1,70","10,13",1
29/04/2026 23:07,"24,6",45,"11,9","1,70","10,13",1
29/04/2026 23:22,"24,4",45,"11,7","1,68","10,01",1
29/04/2026 23:37,"24,6",45,"11,9","1,70","10,13",1
29/04/2026 23:52,"24,6",45,"11,9","1,70","10,13",1
30/04/2026 00:07,"24,6",45,"11,9","1,70","10,13",1
30/04/2026 00:22,"24,6",45,"11,9","1,70","10,13",1
30/04/2026 00:37,"24,6",45,"11,9","1,70","10,13",1
30/04/2026 00:52,"24,6",45,"11,9","1,70","10,13",1
30/04/2026 01:07,"24,6",45,"11,9","1,70","10,13",1
30/04/2026 01:22,"24,6",45,"11,9","1,70","10,13",1
30/04/2026 01:37,"24,6",45,"11,9","1,70","10,13",1
30/04/2026 01:52,"24,6",45,"11,9","1,70","10,13",1
30/04/2026 02:07,"24,6",45,"11,9","1,70","10,13",1
30/04/2026 02:22,"24,6",45,"11,9","1,70","10,13",1
30/04/2026 02:37,"24,6",45,"11,9","1,70","10,13",1
30/04/2026 02:52,"24,6",43,"11,2","1,76","9,68",1
30/04/2026 03:07,"24,6",43,"11,2","1,76","9,68",1
30/04/2026 03:22,"24,6",43,"11,2","1,76","9,68",1
30/04/2026 03:37,"24,6",43,"11,2","1,76","9,68",1
30/04/2026 03:52,"24,6",43,"11,2","1,76","9,68",1
30/04/2026 04:07,"24,6",43,"11,2","1,76","9,68",1
30/04/2026 04:22,"24,6",43,"11,2","1,76","9,68",1
30/04/2026 04:37,"24,6",43,"11,2","1,76","9,68",1
30/04/2026 04:52,"24,6",43,"11,2","1,76","9,68",1
30/04/2026 05:07,"24,6",43,"11,2","1,76","9,68",1
30/04/2026 05:22,"24,6",43,"11,2","1,76","9,68",1
30/04/2026 05:37,"24,6",43,"11,2","1,76","9,68",1
30/04/2026 05:52,"24,6",43,"11,2","1,76","9,68",1
30/04/2026 06:07,"24,6",43,"11,2","1,76","9,68",1
30/04/2026 06:22,"24,6",43,"11,2","1,76","9,68",1
30/04/2026 06:37,"24,6",43,"11,2","1,76","9,68",1
30/04/2026 06:52,"24,6",43,"11,2","1,76","9,68",1
30/04/2026 07:07,"24,6",43,"11,2","1,76","9,68",1
30/04/2026 07:22,"24,6",43,"11,2","1,76","9,68",1
30/04/2026 07:37,"24,6",43,"11,2","1,76","9,68",1
30/04/2026 07:52,"24,6",43,"11,2","1,76","9,68",1
30/04/2026 08:07,"24,6",43,"11,2","1,76","9,68",1
30/04/2026 08:22,"24,6",43,"11,2","1,76","9,68",1
30/04/2026 08:37,"24,7",45,"12,0","1,71","10,19",1
30/04/2026 08:52,"24,7",45,"12,0","1,71","10,19",1
30/04/2026 09:07,"24,9",44,"11,8","1,76","10,07",1
30/04/2026 09:22,"24,9",44,"11,8","1,76","10,07",1
30/04/2026 09:37,"24,9",44,"11,8","1,76","10,07",1
30/04/2026 09:52,"24,9",44,"11,8","1,76","10,07",1
30/04/2026 10:07,"24,9",44,"11,8","1,76","10,07",2
30/04/2026 10:22,"24,9",44,"11,8","1,76","10,07",2
30/04/2026 10:37,"24,9",44,"11,8","1,76","10,07",1
30/04/2026 10:52,"24,9",44,"11,8","1,76","10,07",1
30/04/2026 11:07,"24,9",44,"11,8","1,76","10,07",1
30/04/2026 11:22,"25,0",42,"11,2","1,84","9,67",1
30/04/2026 11:37,"25,0",42,"11,2","1,84","9,67",1
30/04/2026 11:52,"25,0",42,"11,2","1,84","9,67",1
30/04/2026 12:07,"25,0",42,"11,2","1,84","9,67",1
30/04/2026 12:22,"25,0",42,"11,2","1,84","9,67",1
30/04/2026 12:37,"25,0",42,"11,2","1,84","9,67",1
30/04/2026 12:52,"25,0",42,"11,2","1,84","9,67",1
30/04/2026 13:07,"25,0",42,"11,2","1,84","9,67",1
30/04/2026 13:22,"25,0",42,"11,2","1,84","9,67",11
30/04/2026 13:37,"24,8",43,"11,4","1,78","9,79",11
30/04/2026 13:52,"24,8",43,"11,4","1,78","9,79",11
30/04/2026 14:07,"24,6",42,"10,8","1,79","9,45",11
30/04/2026 14:22,"24,4",41,"10,3","1,80","9,12",11
30/04/2026 14:37,"24,3",39,"9,5","1,85","8,63",11
30/04/2026 14:52,"24,3",39,"9,5","1,85","8,63",11
30/04/2026 15:07,"24,3",39,"9,5","1,85","8,63",12
30/04/2026 15:22,"24,3",39,"9,5","1,85","8,63",12
30/04/2026 15:37,"24,3",39,"9,5","1,85","8,63",12
30/04/2026 15:52,"24,3",39,"9,5","1,85","8,63",12
30/04/2026 16:07,"24,3",39,"9,5","1,85","8,63",12
30/04/2026 16:22,"24,5",40,"10,0","1,84","8,95",12
30/04/2026 16:37,"24,5",40,"10,0","1,84","8,95",12
30/04/2026 16:52,"24,5",40,"10,0","1,84","8,95",12
30/04/2026 17:07,"24,5",40,"10,0","1,84","8,95",12
30/04/2026 17:22,"24,7",41,"10,6","1,84","9,28",12
30/04/2026 17:37,"24,7",41,"10,6","1,84","9,28",12
30/04/2026 17:52,"24,7",41,"10,6","1,84","9,28",12
30/04/2026 18:07,"24,9",41,"10,7","1,86","9,39",12
30/04/2026 18:22,"24,9",41,"10,7","1,86","9,39",12
30/04/2026 18:37,"25,1",42,"11,3","1,85","9,72",12
30/04/2026 18:52,"25,1",42,"11,3","1,85","9,72",12
30/04/2026 19:07,"25,1",42,"11,3","1,85","9,72",8
30/04/2026 19:22,"25,1",42,"11,3","1,85","9,72",6
30/04/2026 19:37,"25,1",42,"11,3","1,85","9,72",9
30/04/2026 19:52,"25,1",42,"11,3","1,85","9,72",12
30/04/2026 20:07,"24,9",42,"11,1","1,83","9,61",11
30/04/2026 20:22,"24,9",42,"11,1","1,83","9,61",3
30/04/2026 20:37,"24,8",40,"10,3","1,88","9,10",1
30/04/2026 20:52,"24,6",39,"9,7","1,89","8,78",1
30/04/2026 21:07,"24,6",39,"9,7","1,89","8,78",1
30/04/2026 21:22,"24,6",39,"9,7","1,89","8,78",1
30/04/2026 21:37,"24,6",39,"9,7","1,89","8,78",1
30/04/2026 21:52,"24,6",39,"9,7","1,89","8,78",1
30/04/2026 22:07,"24,6",39,"9,7","1,89","8,78",1
30/04/2026 22:22,"24,6",39,"9,7","1,89","8,78",1
30/04/2026 22:37,"24,6",39,"9,7","1,89","8,78",1
30/04/2026 22:52,"24,6",39,"9,7","1,89","8,78",1
30/04/2026 23:07,"24,5",41,"10,4","1,81","9,18",1
30/04/2026 23:22,"24,5",41,"10,4","1,81","9,18",1
30/04/2026 23:37,"24,5",41,"10,4","1,81","9,18",1
30/04/2026 23:52,"24,5",41,"10,4","1,81","9,18",1
01/05/2026 00:07,"24,5",41,"10,4","1,81","9,18",1
01/05/2026 00:22,"24,5",41,"10,4","1,81","9,18",1
01/05/2026 00:37,"24,5",41,"10,4","1,81","9,18",1
01/05/2026 00:52,"24,5",41,"10,4","1,81","9,18",1
01/05/2026 01:07,"24,5",41,"10,4","1,81","9,18",1
01/05/2026 01:22,"24,5",41,"10,4","1,81","9,18",1
01/05/2026 01:37,"24,5",41,"10,4","1,81","9,18",1
01/05/2026 01:52,"24,3",41,"10,2","1,79","9,07",1
01/05/2026 02:07,"24,3",41,"10,2","1,79","9,07",1
01/05/2026 02:22,"24,3",41,"10,2","1,79","9,07",1
01/05/2026 02:37,"24,3",41,"10,2","1,79","9,07",1
01/05/2026 02:52,"24,3",41,"10,2","1,79","9,07",1
01/05/2026 03:07,"24,3",41,"10,2","1,79","9,07",1
01/05/2026 03:22,"24,3",41,"10,2","1,79","9,07",1
01/05/2026 03:37,"24,3",41,"10,2","1,79","9,07",1
01/05/2026 03:52,"24,3",41,"10,2","1,79","9,07",1
01/05/2026 04:07,"24,3",41,"10,2","1,79","9,07",1
01/05/2026 04:22,"24,3",41,"10,2","1,79","9,07",1
01/05/2026 04:37,"24,3",41,"10,2","1,79","9,07",1
01/05/2026 04:52,"24,3",41,"10,2","1,79","9,07",1
01/05/2026 05:07,"24,3",41,"10,2","1,79","9,07",1
01/05/2026 05:22,"24,3",41,"10,2","1,79","9,07",1
01/05/2026 05:37,"24,3",41,"10,2","1,79","9,07",1
01/05/2026 05:52,"24,3",41,"10,2","1,79","9,07",1
01/05/2026 06:07,"24,3",41,"10,2","1,79","9,07",1
01/05/2026 06:22,"24,1",40,"9,7","1,80","8,75",1
01/05/2026 06:37,"24,1",40,"9,7","1,80","8,75",1
01/05/2026 06:52,"24,1",40,"9,7","1,80","8,75",10
01/05/2026 07:07,"24,1",40,"9,7","1,80","8,75",11
01/05/2026 07:22,"24,3",40,"9,8","1,82","8,85",11
01/05/2026 07:37,"24,3",40,"9,8","1,82","8,85",11
01/05/2026 07:52,"24,3",40,"9,8","1,82","8,85",11
01/05/2026 08:07,"24,5",40,"10,0","1,84","8,95",11
01/05/2026 08:22,"24,5",40,"10,0","1,84","8,95",11
01/05/2026 08:37,"24,5",40,"10,0","1,84","8,95",11
01/05/2026 08:52,"24,6",42,"10,8","1,79","9,45",11
01/05/2026 09:07,"24,6",42,"10,8","1,79","9,45",11
01/05/2026 09:22,"24,6",42,"10,8","1,79","9,45",11
01/05/2026 09:37,"24,6",42,"10,8","1,79","9,45",11
01/05/2026 09:52,"24,6",42,"10,8","1,79","9,45",11
01/05/2026 10:07,"24,6",42,"10,8","1,79","9,45",11
01/05/2026 10:22,"24,5",40,"10,0","1,84","8,95",11
01/05/2026 10:37,"24,5",40,"10,0","1,84","8,95",11
01/05/2026 10:52,"24,5",40,"10,0","1,84","8,95",11
01/05/2026 11:07,"24,5",40,"10,0","1,84","8,95",11
01/05/2026 11:22,"24,5",40,"10,0","1,84","8,95",11
01/05/2026 11:37,"24,5",40,"10,0","1,84","8,95",11
01/05/2026 11:52,"24,5",40,"10,0","1,84","8,95",11
01/05/2026 12:07,"24,5",40,"10,0","1,84","8,95",11
01/05/2026 12:22,"24,5",40,"10,0","1,84","8,95",11
01/05/2026 12:37,"24,6",42,"10,8","1,79","9,45",11
01/05/2026 12:52,"24,6",42,"10,8","1,79","9,45",11
01/05/2026 13:07,"24,6",42,"10,8","1,79","9,45",11
01/05/2026 13:22,"24,6",42,"10,8","1,79","9,45",11
01/05/2026 13:37,"24,6",42,"10,8","1,79","9,45",11
01/05/2026 13:52,"24,6",42,"10,8","1,79","9,45",11
01/05/2026 14:07,"24,6",42,"10,8","1,79","9,45",11
01/05/2026 14:22,"24,6",42,"10,8","1,79","9,45",11
01/05/2026 14:37,"24,6",42,"10,8","1,79","9,45",11
01/05/2026 14:52,"24,6",42,"10,8","1,79","9,45",11
01/05/2026 15:07,"24,6",42,"10,8","1,79","9,45",12
01/05/2026 15:22,"24,6",42,"10,8","1,79","9,45",12
01/05/2026 15:37,"24,6",42,"10,8","1,79","9,45",12
01/05/2026 15:52,"24,6",42,"10,8","1,79","9,45",12
01/05/2026 16:07,"24,6",42,"10,8","1,79","9,45",12
01/05/2026 16:22,"24,6",42,"10,8","1,79","9,45",12
01/05/2026 16:37,"24,6",42,"10,8","1,79","9,45",12
01/05/2026 16:52,"24,6",42,"10,8","1,79","9,45",12
01/05/2026 17:07,"24,6",42,"10,8","1,79","9,45",12
01/05/2026 17:22,"24,6",42,"10,8","1,79","9,45",12
01/05/2026 17:37,"24,6",42,"10,8","1,79","9,45",12
01/05/2026 17:52,"24,6",42,"10,8","1,79","9,45",12
01/05/2026 18:07,"24,6",42,"10,8","1,79","9,45",12
01/05/2026 18:22,"24,6",42,"10,8","1,79","9,45",12
01/05/2026 18:37,"24,8",41,"10,6","1,85","9,33",12
01/05/2026 18:52,"24,8",41,"10,6","1,85","9,33",12
01/05/2026 19:07,"24,8",41,"10,6","1,85","9,33",12
01/05/2026 19:22,"24,8",41,"10,6","1,85","9,33",12
01/05/2026 19:37,"24,8",41,"10,6","1,85","9,33",8
01/05/2026 19:52,"24,8",41,"10,6","1,85","9,33",5
01/05/2026 20:07,"24,8",41,"10,6","1,85","9,33",3
01/05/2026 20:22,"24,6",41,"10,5","1,82","9,23",2
01/05/2026 20:37,"24,6",41,"10,5","1,82","9,23",1
01/05/2026 20:52,"24,6",41,"10,5","1,82","9,23",1
01/05/2026 21:07,"24,6",41,"10,5","1,82","9,23",1
01/05/2026 21:22,"24,6",41,"10,5","1,82","9,23",1
01/05/2026 21:37,"24,6",41,"10,5","1,82","9,23",1
01/05/2026 21:52,"24,6",41,"10,5","1,82","9,23",1
01/05/2026 22:07,"24,6",41,"10,5","1,82","9,23",1
01/05/2026 22:22,"24,6",41,"10,5","1,82","9,23",1
01/05/2026 22:37,"24,6",41,"10,5","1,82","9,23",1
01/05/2026 22:52,"24,6",41,"10,5","1,82","9,23",1
01/05/2026 23:07,"24,6",41,"10,5","1,82","9,23",1
01/05/2026 23:22,"24,6",41,"10,5","1,82","9,23",1
01/05/2026 23:37,"24,6",41,"10,5","1,82","9,23",1
01/05/2026 23:52,"24,4",41,"10,3","1,80","9,12",1
02/05/2026 00:07,"24,4",41,"10,3","1,80","9,12",1
02/05/2026 00:22,"24,4",41,"10,3","1,80","9,12",1
02/05/2026 00:37,"24,4",41,"10,3","1,80","9,12",1
02/05/2026 00:52,"24,4",41,"10,3","1,80","9,12",1
02/05/2026 01:07,"24,4",41,"10,3","1,80","9,12",1
02/05/2026 01:22,"24,4",41,"10,3","1,80","9,12",1
02/05/2026 01:37,"24,4",41,"10,3","1,80","9,12",1
02/05/2026 01:52,"24,4",41,"10,3","1,80","9,12",1
02/05/2026 02:07,"24,4",41,"10,3","1,80","9,12",1
02/05/2026 02:22,"24,4",41,"10,3","1,80","9,12",1
02/05/2026 02:37,"24,4",41,"10,3","1,80","9,12",1
02/05/2026 02:52,"24,4",41,"10,3","1,80","9,12",1
02/05/2026 03:07,"24,4",41,"10,3","1,80","9,12",1
02/05/2026 03:22,"24,4",41,"10,3","1,80","9,12",1
02/05/2026 03:37,"24,4",41,"10,3","1,80","9,12",1
02/05/2026 03:52,"24,4",41,"10,3","1,80","9,12",1
02/05/2026 04:07,"24,4",41,"10,3","1,80","9,12",1
02/05/2026 04:22,"24,4",41,"10,3","1,80","9,12",1
02/05/2026 04:37,"24,4",41,"10,3","1,80","9,12",1
02/05/2026 04:52,"24,4",41,"10,3","1,80","9,12",1
02/05/2026 05:07,"24,4",41,"10,3","1,80","9,12",1
02/05/2026 05:22,"24,4",41,"10,3","1,80","9,12",1
02/05/2026 05:37,"24,2",41,"10,1","1,78","9,02",1
02/05/2026 05:52,"24,2",41,"10,1","1,78","9,02",1
02/05/2026 06:07,"24,2",41,"10,1","1,78","9,02",1
02/05/2026 06:22,"24,2",41,"10,1","1,78","9,02",1
02/05/2026 06:37,"24,2",41,"10,1","1,78","9,02",1
02/05/2026 06:52,"24,2",41,"10,1","1,78","9,02",2
02/05/2026 07:07,"24,2",41,"10,1","1,78","9,02",11
02/05/2026 07:22,"24,2",41,"10,1","1,78","9,02",11
02/05/2026 07:37,"24,4",42,"10,7","1,77","9,35",11
02/05/2026 07:52,"24,4",42,"10,7","1,77","9,35",12
02/05/2026 08:07,"24,6",42,"10,8","1,79","9,45",12
02/05/2026 08:22,"24,6",42,"10,8","1,79","9,45",12
02/05/2026 08:37,"24,6",42,"10,8","1,79","9,45",12
02/05/2026 08:52,"24,6",42,"10,8","1,79","9,45",12
02/05/2026 09:07,"24,6",42,"10,8","1,79","9,45",12
02/05/2026 09:22,"24,6",42,"10,8","1,79","9,45",12
02/05/2026 09:37,"24,6",42,"10,8","1,79","9,45",12
02/05/2026 09:52,"24,6",42,"10,8","1,79","9,45",12
02/05/2026 10:07,"24,6",42,"10,8","1,79","9,45",12
02/05/2026 10:22,"24,6",42,"10,8","1,79","9,45",12
02/05/2026 10:37,"24,6",42,"10,8","1,79","9,45",12
02/05/2026 10:52,"24,6",42,"10,8","1,79","9,45",12
02/05/2026 11:07,"24,6",42,"10,8","1,79","9,45",12
02/05/2026 11:22,"24,6",42,"10,8","1,79","9,45",12
02/05/2026 11:37,"24,6",42,"10,8","1,79","9,45",12
02/05/2026 11:52,"24,6",42,"10,8","1,79","9,45",12
02/05/2026 12:07,"24,6",42,"10,8","1,79","9,45",12
02/05/2026 12:22,"24,6",42,"10,8","1,79","9,45",12
02/05/2026 12:37,"24,6",42,"10,8","1,79","9,45",12
02/05/2026 12:52,"24,6",42,"10,8","1,79","9,45",12
02/05/2026 13:07,"24,6",42,"10,8","1,79","9,45",12
02/05/2026 13:22,"24,6",42,"10,8","1,79","9,45",12
02/05/2026 13:37,"24,6",42,"10,8","1,79","9,45",12
02/05/2026 13:52,"24,6",42,"10,8","1,79","9,45",12
02/05/2026 14:07,"24,6",42,"10,8","1,79","9,45",12
02/05/2026 14:22,"24,6",42,"10,8","1,79","9,45",12
02/05/2026 14:37,"24,6",42,"10,8","1,79","9,45",12
02/05/2026 14:52,"24,6",42,"10,8","1,79","9,45",12
02/05/2026 15:07,"24,6",42,"10,8","1,79","9,45",12
02/05/2026 15:22,"24,8",43,"11,4","1,78","9,79",12
02/05/2026 15:37,"24,8",43,"11,4","1,78","9,79",12
02/05/2026 15:52,"24,8",43,"11,4","1,78","9,79",12
02/05/2026 16:07,"24,8",43,"11,4","1,78","9,79",12
02/05/2026 16:22,"24,8",43,"11,4","1,78","9,79",12
02/05/2026 16:37,"24,8",43,"11,4","1,78","9,79",12
02/05/2026 16:52,"24,8",43,"11,4","1,78","9,79",12
02/05/2026 17:07,"24,8",43,"11,4","1,78","9,79",12
02/05/2026 17:22,"24,8",43,"11,4","1,78","9,79",12
02/05/2026 17:37,"24,8",43,"11,4","1,78","9,79",12
02/05/2026 17:52,"25,0",42,"11,2","1,84","9,67",12
02/05/2026 18:07,"25,0",42,"11,2","1,84","9,67",12
02/05/2026 18:22,"25,0",42,"11,2","1,84","9,67",12
02/05/2026 18:37,"25,0",42,"11,2","1,84","9,67",12
02/05/2026 18:52,"25,0",42,"11,2","1,84","9,67",12
02/05/2026 19:07,"25,0",42,"11,2","1,84","9,67",12
02/05/2026 19:22,"25,0",42,"11,2","1,84","9,67",12
02/05/2026 19:37,"25,0",42,"11,2","1,84","9,67",11
02/05/2026 19:52,"25,0",42,"11,2","1,84","9,67",11
02/05/2026 20:07,"25,0",42,"11,2","1,84","9,67",7
02/05/2026 20:22,"25,0",42,"11,2","1,84","9,67",3
02/05/2026 20:37,"24,8",42,"11,0","1,82","9,56",1
02/05/2026 20:52,"24,8",42,"11,0","1,82","9,56",1
02/05/2026 21:07,"24,8",42,"11,0","1,82","9,56",1
02/05/2026 21:22,"24,8",42,"11,0","1,82","9,56",1
02/05/2026 21:37,"24,8",42,"11,0","1,82","9,56",1
02/05/2026 21:52,"24,8",42,"11,0","1,82","9,56",1
02/05/2026 22:07,"24,6",42,"10,8","1,79","9,45",1
02/05/2026 22:22,"24,6",42,"10,8","1,79","9,45",1
02/05/2026 22:37,"24,6",42,"10,8","1,79","9,45",1
02/05/2026 22:52,"24,6",42,"10,8","1,79","9,45",1
02/05/2026 23:07,"24,6",42,"10,8","1,79","9,45",1
02/05/2026 23:22,"24,6",42,"10,8","1,79","9,45",1
02/05/2026 23:37,"24,6",42,"10,8","1,79","9,45",1
02/05/2026 23:52,"24,6",42,"10,8","1,79","9,45",1
03/05/2026 00:07,"24,6",42,"10,8","1,79","9,45",1
03/05/2026 00:22,"24,6",42,"10,8","1,79","9,45",1
03/05/2026 00:37,"24,6",42,"10,8","1,79","9,45",1
03/05/2026 00:52,"24,6",42,"10,8","1,79","9,45",1
03/05/2026 01:07,"24,6",42,"10,8","1,79","9,45",1
03/05/2026 01:22,"24,6",42,"10,8","1,79","9,45",1
03/05/2026 01:37,"24,6",42,"10,8","1,79","9,45",1
03/05/2026 01:52,"24,6",42,"10,8","1,79","9,45",1
03/05/2026 02:07,"24,6",42,"10,8","1,79","9,45",1
03/05/2026 02:22,"24,6",42,"10,8","1,79","9,45",1
03/05/2026 02:37,"24,6",42,"10,8","1,79","9,45",1
03/05/2026 02:52,"24,6",42,"10,8","1,79","9,45",1
03/05/2026 03:07,"24,6",42,"10,8","1,79","9,45",1
03/05/2026 03:22,"24,6",42,"10,8","1,79","9,45",1
03/05/2026 03:37,"24,6",42,"10,8","1,79","9,45",1
03/05/2026 03:52,"24,6",42,"10,8","1,79","9,45",1
03/05/2026 04:07,"24,6",42,"10,8","1,79","9,45",1
03/05/2026 04:22,"24,4",41,"10,3","1,80","9,12",1
03/05/2026 04:37,"24,4",41,"10,3","1,80","9,12",1
03/05/2026 04:52,"24,4",41,"10,3","1,80","9,12",1
03/05/2026 05:07,"24,4",41,"10,3","1,80","9,12",1
03/05/2026 05:22,"24,4",41,"10,3","1,80","9,12",1
03/05/2026 05:37,"24,4",41,"10,3","1,80","9,12",1
03/05/2026 05:52,"24,4",41,"10,3","1,80","9,12",1
03/05/2026 06:07,"24,4",41,"10,3","1,80","9,12",1
03/05/2026 06:22,"24,4",41,"10,3","1,80","9,12",1
03/05/2026 06:37,"24,4",41,"10,3","1,80","9,12",1
03/05/2026 06:52,"24,4",41,"10,3","1,80","9,12",1
03/05/2026 07:07,"24,4",41,"10,3","1,80","9,12",1
03/05/2026 07:22,"24,4",41,"10,3","1,80","9,12",2
03/05/2026 07:37,"24,4",41,"10,3","1,80","9,12",2
03/05/2026 07:52,"24,4",41,"10,3","1,80","9,12",4
03/05/2026 08:07,"24,4",41,"10,3","1,80","9,12",9
03/05/2026 08:22,"24,4",41,"10,3","1,80","9,12",9
03/05/2026 08:37,"24,4",41,"10,3","1,80","9,12",11
03/05/2026 08:52,"24,4",41,"10,3","1,80","9,12",11
03/05/2026 09:07,"24,6",41,"10,5","1,82","9,23",11
03/05/2026 09:22,"24,6",41,"10,5","1,82","9,23",11
03/05/2026 09:37,"24,6",41,"10,5","1,82","9,23",11
03/05/2026 09:52,"24,6",41,"10,5","1,82","9,23",11
03/05/2026 10:07,"24,6",41,"10,5","1,82","9,23",11
03/05/2026 10:22,"24,6",41,"10,5","1,82","9,23",11
03/05/2026 10:37,"24,6",41,"10,5","1,82","9,23",12
03/05/2026 10:52,"24,6",41,"10,5","1,82","9,23",12
03/05/2026 11:07,"24,6",41,"10,5","1,82","9,23",12
03/05/2026 11:22,"24,6",41,"10,5","1,82","9,23",12
03/05/2026 11:37,"24,6",41,"10,5","1,82","9,23",12
03/05/2026 11:52,"24,6",41,"10,5","1,82","9,23",12
03/05/2026 12:07,"24,6",41,"10,5","1,82","9,23",12
03/05/2026 12:22,"24,8",42,"11,0","1,82","9,56",12
03/05/2026 12:37,"24,8",42,"11,0","1,82","9,56",12
03/05/2026 12:52,"24,8",42,"11,0","1,82","9,56",12
03/05/2026 13:07,"24,8",42,"11,0","1,82","9,56",12
03/05/2026 13:22,"24,8",42,"11,0","1,82","9,56",12
03/05/2026 13:37,"24,8",42,"11,0","1,82","9,56",12
03/05/2026 13:52,"24,8",42,"11,0","1,82","9,56",12
03/05/2026 14:07,"24,8",42,"11,0","1,82","9,56",12
03/05/2026 14:22,"24,8",42,"11,0","1,82","9,56",12
03/05/2026 14:37,"24,8",42,"11,0","1,82","9,56",12
03/05/2026 14:52,"24,8",42,"11,0","1,82","9,56",12
03/05/2026 15:07,"24,8",42,"11,0","1,82","9,56",12
03/05/2026 15:22,"24,8",42,"11,0","1,82","9,56",12
03/05/2026 15:37,"24,8",42,"11,0","1,82","9,56",12
03/05/2026 15:52,"24,8",42,"11,0","1,82","9,56",12
03/05/2026 16:07,"24,8",42,"11,0","1,82","9,56",12
03/05/2026 16:22,"24,8",42,"11,0","1,82","9,56",12
03/05/2026 16:37,"24,8",42,"11,0","1,82","9,56",12
03/05/2026 16:52,"24,8",42,"11,0","1,82","9,56",12
03/05/2026 17:07,"24,8",42,"11,0","1,82","9,56",12
03/05/2026 17:22,"24,8",42,"11,0","1,82","9,56",12
03/05/2026 17:37,"24,8",42,"11,0","1,82","9,56",11
03/05/2026 17:52,"24,8",42,"11,0","1,82","9,56",8
03/05/2026 18:07,"24,8",42,"11,0","1,82","9,56",6
03/05/2026 18:22,"24,8",42,"11,0","1,82","9,56",5
03/05/2026 18:37,"24,8",42,"11,0","1,82","9,56",4
03/05/2026 18:52,"24,8",42,"11,0","1,82","9,56",4
03/05/2026 19:07,"24,6",41,"10,5","1,82","9,23",4
03/05/2026 19:22,"24,6",41,"10,5","1,82","9,23",6
03/05/2026 19:37,"24,6",41,"10,5","1,82","9,23",4
03/05/2026 19:52,"24,6",41,"10,5","1,82","9,23",3
03/05/2026 20:07,"24,6",41,"10,5","1,82","9,23",2
03/05/2026 20:22,"24,6",41,"10,5","1,82","9,23",12
03/05/2026 20:37,"24,6",41,"10,5","1,82","9,23",1
03/05/2026 20:52,"24,6",41,"10,5","1,82","9,23",1
03/05/2026 21:07,"24,6",41,"10,5","1,82","9,23",1
03/05/2026 21:22,"24,6",41,"10,5","1,82","9,23",1
03/05/2026 21:37,"24,6",41,"10,5","1,82","9,23",1
03/05/2026 21:52,"24,6",41,"10,5","1,82","9,23",1
03/05/2026 22:07,"24,6",41,"10,5","1,82","9,23",1
03/05/2026 22:22,"24,6",41,"10,5","1,82","9,23",1
03/05/2026 22:37,"24,6",41,"10,5","1,82","9,23",1
03/05/2026 22:52,"24,6",41,"10,5","1,82","9,23",1
03/05/2026 23:07,"24,6",41,"10,5","1,82","9,23",1
03/05/2026 23:22,"24,6",41,"10,5","1,82","9,23",1
03/05/2026 23:37,"24,4",42,"10,7","1,77","9,35",1
03/05/2026 23:52,"24,4",42,"10,7","1,77","9,35",1
04/05/2026 00:07,"24,4",42,"10,7","1,77","9,35",1
04/05/2026 00:22,"24,4",42,"10,7","1,77","9,35",1
04/05/2026 00:37,"24,4",42,"10,7","1,77","9,35",1
04/05/2026 00:52,"24,4",42,"10,7","1,77","9,35",1
04/05/2026 01:07,"24,4",42,"10,7","1,77","9,35",1
04/05/2026 01:22,"24,4",42,"10,7","1,77","9,35",1
04/05/2026 01:37,"24,4",42,"10,7","1,77","9,35",1
04/05/2026 01:52,"24,4",42,"10,7","1,77","9,35",1
04/05/2026 02:07,"24,4",42,"10,7","1,77","9,35",1
04/05/2026 02:22,"24,4",42,"10,7","1,77","9,35",1
04/05/2026 02:37,"24,4",42,"10,7","1,77","9,35",1
04/05/2026 02:52,"24,4",42,"10,7","1,77","9,35",1
04/05/2026 03:07,"24,4",42,"10,7","1,77","9,35",1
04/05/2026 03:22,"24,4",42,"10,7","1,77","9,35",1
04/05/2026 03:37,"24,4",42,"10,7","1,77","9,35",1
04/05/2026 03:52,"24,4",42,"10,7","1,77","9,35",1
04/05/2026 04:07,"24,4",42,"10,7","1,77","9,35",1
04/05/2026 04:22,"24,4",42,"10,7","1,77","9,35",1
04/05/2026 04:37,"24,4",42,"10,7","1,77","9,35",1
04/05/2026 04:52,"24,4",42,"10,7","1,77","9,35",1
04/05/2026 05:07,"24,4",42,"10,7","1,77","9,35",1
04/05/2026 05:22,"24,4",42,"10,7","1,77","9,35",1
04/05/2026 05:37,"24,4",42,"10,7","1,77","9,35",1
04/05/2026 05:52,"24,4",42,"10,7","1,77","9,35",1
04/05/2026 06:07,"24,2",42,"10,5","1,75","9,24",1
04/05/2026 06:22,"24,2",42,"10,5","1,75","9,24",1
04/05/2026 06:37,"24,2",42,"10,5","1,75","9,24",1
04/05/2026 06:52,"24,2",42,"10,5","1,75","9,24",1
04/05/2026 07:07,"24,2",42,"10,5","1,75","9,24",1
04/05/2026 07:22,"24,2",42,"10,5","1,75","9,24",1
04/05/2026 07:37,"24,2",42,"10,5","1,75","9,24",1
04/05/2026 07:52,"24,2",42,"10,5","1,75","9,24",2
04/05/2026 08:07,"24,2",42,"10,5","1,75","9,24",4
04/05/2026 08:22,"24,2",42,"10,5","1,75","9,24",8
04/05/2026 08:37,"24,2",42,"10,5","1,75","9,24",9
04/05/2026 08:52,"24,4",42,"10,7","1,77","9,35",10
04/05/2026 09:07,"24,4",42,"10,7","1,77","9,35",11
04/05/2026 09:22,"24,4",42,"10,7","1,77","9,35",11
04/05/2026 09:37,"24,4",42,"10,7","1,77","9,35",11
04/05/2026 09:52,"24,4",42,"10,7","1,77","9,35",11
04/05/2026 10:07,"24,4",42,"10,7","1,77","9,35",11
04/05/2026 10:22,"24,6",43,"11,2","1,76","9,68",11
04/05/2026 10:37,"24,6",43,"11,2","1,76","9,68",11
04/05/2026 10:52,"24,6",43,"11,2","1,76","9,68",11
04/05/2026 11:07,"24,6",43,"11,2","1,76","9,68",11
04/05/2026 11:22,"24,6",43,"11,2","1,76","9,68",11
04/05/2026 11:37,"24,6",43,"11,2","1,76","9,68",11
04/05/2026 11:52,"24,6",43,"11,2","1,76","9,68",11
04/05/2026 12:07,"24,6",43,"11,2","1,76","9,68",11
04/05/2026 12:22,"24,6",43,"11,2","1,76","9,68",11
04/05/2026 12:37,"24,6",43,"11,2","1,76","9,68",11
04/05/2026 12:52,"24,6",43,"11,2","1,76","9,68",11
04/05/2026 13:07,"24,6",43,"11,2","1,76","9,68",11
04/05/2026 13:22,"24,6",43,"11,2","1,76","9,68",11
04/05/2026 13:37,"24,6",43,"11,2","1,76","9,68",10
04/05/2026 13:52,"24,6",43,"11,2","1,76","9,68",10
04/05/2026 14:07,"24,6",43,"11,2","1,76","9,68",11
04/05/2026 14:22,"24,6",43,"11,2","1,76","9,68",11
04/05/2026 14:37,"24,6",43,"11,2","1,76","9,68",8
04/05/2026 14:52,"24,6",45,"11,9","1,70","10,13",7
04/05/2026 15:07,"24,6",45,"11,9","1,70","10,13",5
04/05/2026 15:22,"24,6",45,"11,9","1,70","10,13",2
04/05/2026 15:37,"24,6",45,"11,9","1,70","10,13",2
04/05/2026 15:52,"24,6",45,"11,9","1,70","10,13",3
04/05/2026 16:07,"24,4",46,"12,0","1,65","10,24",4
04/05/2026 16:22,"24,4",46,"12,0","1,65","10,24",7
04/05/2026 16:37,"24,4",46,"12,0","1,65","10,24",5
04/05/2026 16:52,"24,4",46,"12,0","1,65","10,24",5
04/05/2026 17:07,"24,4",46,"12,0","1,65","10,24",8
04/05/2026 17:22,"24,4",46,"12,0","1,65","10,24",8
04/05/2026 17:37,"24,4",46,"12,0","1,65","10,24",6
04/05/2026 17:52,"24,4",46,"12,0","1,65","10,24",8
04/05/2026 18:07,"24,4",46,"12,0","1,65","10,24",6
04/05/2026 18:22,"24,4",46,"12,0","1,65","10,24",5
04/05/2026 18:37,"24,4",46,"12,0","1,65","10,24",5
04/05/2026 18:52,"24,4",46,"12,0","1,65","10,24",4
04/05/2026 19:07,"24,4",46,"12,0","1,65","10,24",3
04/05/2026 19:22,"24,4",44,"11,4","1,71","9,79",3
04/05/2026 19:37,"24,4",44,"11,4","1,71","9,79",3
04/05/2026 19:52,"24,4",44,"11,4","1,71","9,79",3
04/05/2026 20:07,"24,4",44,"11,4","1,71","9,79",2
04/05/2026 20:22,"24,4",44,"11,4","1,71","9,79",1
04/05/2026 20:37,"24,4",44,"11,4","1,71","9,79",1
04/05/2026 20:52,"24,4",44,"11,4","1,71","9,79",1
04/05/2026 21:07,"24,2",44,"11,2","1,69","9,68",9
04/05/2026 21:22,"24,4",44,"11,4","1,71","9,79",8
04/05/2026 21:37,"24,4",44,"11,4","1,71","9,79",8
04/05/2026 21:52,"24,4",44,"11,4","1,71","9,79",7
04/05/2026 22:07,"24,4",44,"11,4","1,71","9,79",1
04/05/2026 22:22,"24,4",44,"11,4","1,71","9,79",1
04/05/2026 22:37,"24,4",44,"11,4","1,71","9,79",1
04/05/2026 22:52,"24,4",44,"11,4","1,71","9,79",1
04/05/2026 23:07,"24,2",45,"11,5","1,66","9,90",1
04/05/2026 23:22,"24,2",45,"11,5","1,66","9,90",1
04/05/2026 23:37,"24,2",45,"11,5","1,66","9,90",1
04/05/2026 23:52,"24,2",45,"11,5","1,66","9,90",1
05/05/2026 00:07,"24,2",45,"11,5","1,66","9,90",1
05/05/2026 00:22,"24,2",45,"11,5","1,66","9,90",1
05/05/2026 00:37,"24,2",45,"11,5","1,66","9,90",1
05/05/2026 00:52,"24,2",45,"11,5","1,66","9,90",1
05/05/2026 01:07,"24,2",45,"11,5","1,66","9,90",1
05/05/2026 01:22,"24,2",45,"11,5","1,66","9,90",1
05/05/2026 01:37,"24,2",45,"11,5","1,66","9,90",1
05/05/2026 01:52,"24,2",45,"11,5","1,66","9,90",1
05/05/2026 02:07,"24,2",45,"11,5","1,66","9,90",1
05/05/2026 02:22,"24,2",45,"11,5","1,66","9,90",1
05/05/2026 02:37,"24,2",45,"11,5","1,66","9,90",1
05/05/2026 02:52,"24,2",45,"11,5","1,66","9,90",1
05/05/2026 03:07,"24,2",45,"11,5","1,66","9,90",1
05/05/2026 03:22,"24,2",45,"11,5","1,66","9,90",1
05/05/2026 03:37,"24,2",45,"11,5","1,66","9,90",1
05/05/2026 03:52,"24,2",45,"11,5","1,66","9,90",1
05/05/2026 04:07,"24,2",45,"11,5","1,66","9,90",1
05/05/2026 04:22,"24,2",45,"11,5","1,66","9,90",1
05/05/2026 04:37,"24,2",45,"11,5","1,66","9,90",1
05/05/2026 04:52,"24,0",46,"11,7","1,61","10,01",1
05/05/2026 05:07,"24,0",46,"11,7","1,61","10,01",1
05/05/2026 05:22,"24,0",46,"11,7","1,61","10,01",1
05/05/2026 05:37,"24,0",46,"11,7","1,61","10,01",1
05/05/2026 05:52,"24,0",46,"11,7","1,61","10,01",1
05/05/2026 06:07,"24,0",46,"11,7","1,61","10,01",1
05/05/2026 06:22,"24,0",46,"11,7","1,61","10,01",1
05/05/2026 06:37,"24,0",46,"11,7","1,61","10,01",1
05/05/2026 06:52,"24,0",46,"11,7","1,61","10,01",8
05/05/2026 07:07,"24,0",46,"11,7","1,61","10,01",8
05/05/2026 07:22,"24,2",47,"12,2","1,60","10,34",1
05/05/2026 07:37,"24,2",47,"12,2","1,60","10,34",1
05/05/2026 07:52,"24,2",47,"12,2","1,60","10,34",1
05/05/2026 08:07,"24,2",47,"12,2","1,60","10,34",1
05/05/2026 08:22,"24,0",47,"12,0","1,58","10,23",1
05/05/2026 08:37,"24,0",47,"12,0","1,58","10,23",1
05/05/2026 08:52,"24,0",47,"12,0","1,58","10,23",2
05/05/2026 09:07,"24,0",47,"12,0","1,58","10,23",5
05/05/2026 09:22,"24,0",47,"12,0","1,58","10,23",2
05/05/2026 09:37,"24,0",47,"12,0","1,58","10,23",2
05/05/2026 09:52,"24,0",47,"12,0","1,58","10,23",3
05/05/2026 10:07,"24,0",47,"12,0","1,58","10,23",5
05/05/2026 10:22,"24,0",47,"12,0","1,58","10,23",6
05/05/2026 10:37,"24,0",47,"12,0","1,58","10,23",9
05/05/2026 10:52,"24,0",47,"12,0","1,58","10,23",7
05/05/2026 11:07,"24,2",47,"12,2","1,60","10,34",8
05/05/2026 11:22,"24,2",47,"12,2","1,60","10,34",9
05/05/2026 11:37,"24,2",47,"12,2","1,60","10,34",11
05/05/2026 11:52,"24,2",47,"12,2","1,60","10,34",11
05/05/2026 12:07,"24,2",47,"12,2","1,60","10,34",11
05/05/2026 12:22,"24,2",47,"12,2","1,60","10,34",11
05/05/2026 12:37,"24,2",47,"12,2","1,60","10,34",10
05/05/2026 12:52,"24,2",47,"12,2","1,60","10,34",5
05/05/2026 13:07,"24,2",47,"12,2","1,60","10,34",5
05/05/2026 13:22,"24,2",47,"12,2","1,60","10,34",4
05/05/2026 13:37,"24,2",47,"12,2","1,60","10,34",2
05/05/2026 13:52,"24,2",47,"12,2","1,60","10,34",2
05/05/2026 14:07,"24,2",47,"12,2","1,60","10,34",8
05/05/2026 14:22,"24,2",47,"12,2","1,60","10,34",10
05/05/2026 14:37,"24,2",47,"12,2","1,60","10,34",8
05/05/2026 14:52,"24,2",47,"12,2","1,60","10,34",8
05/05/2026 15:07,"24,2",47,"12,2","1,60","10,34",7
05/05/2026 15:22,"24,2",47,"12,2","1,60","10,34",10
05/05/2026 15:37,"24,2",47,"12,2","1,60","10,34",9
05/05/2026 15:52,"24,2",47,"12,2","1,60","10,34",8
05/05/2026 16:07,"24,2",47,"12,2","1,60","10,34",9
05/05/2026 16:22,"24,2",47,"12,2","1,60","10,34",11
05/05/2026 16:37,"24,2",47,"12,2","1,60","10,34",9
05/05/2026 16:52,"24,2",47,"12,2","1,60","10,34",11
05/05/2026 17:07,"24,2",47,"12,2","1,60","10,34",11
05/05/2026 17:22,"24,2",47,"12,2","1,60","10,34",11
05/05/2026 17:37,"24,2",47,"12,2","1,60","10,34",11
05/05/2026 17:52,"24,2",47,"12,2","1,60","10,34",4
05/05/2026 18:07,"24,2",47,"12,2","1,60","10,34",3
05/05/2026 18:22,"24,2",47,"12,2","1,60","10,34",4
05/05/2026 18:37,"24,2",47,"12,2","1,60","10,34",7
05/05/2026 18:52,"24,2",47,"12,2","1,60","10,34",4
05/05/2026 19:07,"24,2",47,"12,2","1,60","10,34",7
05/05/2026 19:22,"24,2",47,"12,2","1,60","10,34",4
05/05/2026 19:37,"24,4",46,"12,0","1,65","10,24",3
05/05/2026 19:52,"24,4",46,"12,0","1,65","10,24",2
05/05/2026 20:07,"24,4",46,"12,0","1,65","10,24",1
05/05/2026 20:22,"24,4",46,"12,0","1,65","10,24",1
05/05/2026 20:37,"24,5",48,"12,8","1,60","10,74",1
05/05/2026 20:52,"24,5",48,"12,8","1,60","10,74",1
05/05/2026 21:07,"24,5",48,"12,8","1,60","10,74",1
05/05/2026 21:22,"24,5",48,"12,8","1,60","10,74",1
05/05/2026 21:37,"24,5",48,"12,8","1,60","10,74",1
05/05/2026 21:52,"24,5",48,"12,8","1,60","10,74",1
05/05/2026 22:07,"24,5",48,"12,8","1,60","10,74",1
05/05/2026 22:22,"24,5",48,"12,8","1,60","10,74",1
05/05/2026 22:37,"24,4",46,"12,0","1,65","10,24",1
05/05/2026 22:52,"24,4",46,"12,0","1,65","10,24",7
05/05/2026 23:07,"24,4",46,"12,0","1,65","10,24",7
05/05/2026 23:22,"24,4",46,"12,0","1,65","10,24",7
05/05/2026 23:37,"24,4",46,"12,0","1,65","10,24",7
05/05/2026 23:52,"24,4",46,"12,0","1,65","10,24",1
06/05/2026 00:07,"24,4",46,"12,0","1,65","10,24",1
06/05/2026 00:22,"24,4",46,"12,0","1,65","10,24",1
06/05/2026 00:37,"24,4",46,"12,0","1,65","10,24",1
06/05/2026 00:52,"24,4",46,"12,0","1,65","10,24",1
06/05/2026 01:07,"24,4",46,"12,0","1,65","10,24",1
06/05/2026 01:22,"24,4",46,"12,0","1,65","10,24",1
06/05/2026 01:37,"24,2",47,"12,2","1,60","10,34",1
06/05/2026 01:52,"24,2",47,"12,2","1,60","10,34",1
06/05/2026 02:07,"24,2",47,"12,2","1,60","10,34",1
06/05/2026 02:22,"24,2",47,"12,2","1,60","10,34",1
06/05/2026 02:37,"24,2",47,"12,2","1,60","10,34",1
06/05/2026 02:52,"24,2",47,"12,2","1,60","10,34",1
06/05/2026 03:07,"24,2",47,"12,2","1,60","10,34",1
06/05/2026 03:22,"24,2",47,"12,2","1,60","10,34",1
06/05/2026 03:37,"24,2",47,"12,2","1,60","10,34",1
06/05/2026 03:52,"24,2",47,"12,2","1,60","10,34",1
06/05/2026 04:07,"24,2",47,"12,2","1,60","10,34",1
06/05/2026 04:22,"24,2",47,"12,2","1,60","10,34",1
06/05/2026 04:37,"24,2",47,"12,2","1,60","10,34",1
06/05/2026 04:52,"24,2",47,"12,2","1,60","10,34",1
06/05/2026 05:07,"24,2",47,"12,2","1,60","10,34",1
06/05/2026 05:22,"24,2",47,"12,2","1,60","10,34",1
06/05/2026 05:37,"24,0",47,"12,0","1,58","10,23",1
06/05/2026 05:52,"24,0",47,"12,0","1,58","10,23",1
06/05/2026 06:07,"24,0",47,"12,0","1,58","10,23",1
06/05/2026 06:22,"24,0",47,"12,0","1,58","10,23",1
06/05/2026 06:37,"24,0",47,"12,0","1,58","10,23",1
06/05/2026 06:52,"24,0",47,"12,0","1,58","10,23",1
06/05/2026 07:07,"24,0",47,"12,0","1,58","10,23",1
06/05/2026 07:22,"24,0",47,"12,0","1,58","10,23",1
06/05/2026 07:37,"24,0",47,"12,0","1,58","10,23",1
06/05/2026 07:52,"24,0",47,"12,0","1,58","10,23",1
06/05/2026 08:07,"24,0",47,"12,0","1,58","10,23",1
06/05/2026 08:22,"24,0",47,"12,0","1,58","10,23",1
06/05/2026 08:37,"24,0",47,"12,0","1,58","10,23",1
06/05/2026 08:52,"24,0",47,"12,0","1,58","10,23",1
06/05/2026 09:07,"23,8",48,"12,1","1,53","10,33",1
06/05/2026 09:22,"23,8",48,"12,1","1,53","10,33",1
06/05/2026 09:37,"23,8",48,"12,1","1,53","10,33",1
06/05/2026 09:52,"23,8",48,"12,1","1,53","10,33",1
06/05/2026 10:07,"23,8",48,"12,1","1,53","10,33",1
06/05/2026 10:22,"23,8",48,"12,1","1,53","10,33",1
06/05/2026 10:37,"23,8",48,"12,1","1,53","10,33",1
06/05/2026 10:52,"23,8",48,"12,1","1,53","10,33",1
06/05/2026 11:07,"23,8",48,"12,1","1,53","10,33",1
06/05/2026 11:22,"23,8",48,"12,1","1,53","10,33",1
06/05/2026 11:37,"23,8",48,"12,1","1,53","10,33",1
06/05/2026 11:52,"23,8",48,"12,1","1,53","10,33",1
06/05/2026 12:07,"23,8",48,"12,1","1,53","10,33",1
06/05/2026 12:22,"23,8",48,"12,1","1,53","10,33",1
06/05/2026 12:37,"23,8",48,"12,1","1,53","10,33",2
06/05/2026 12:52,"23,8",48,"12,1","1,53","10,33",2
06/05/2026 13:07,"23,8",48,"12,1","1,53","10,33",2
06/05/2026 13:22,"23,8",48,"12,1","1,53","10,33",2
06/05/2026 13:37,"23,8",48,"12,1","1,53","10,33",1
06/05/2026 13:52,"23,8",48,"12,1","1,53","10,33",1
06/05/2026 14:07,"23,8",48,"12,1","1,53","10,33",2
06/05/2026 14:22,"23,8",48,"12,1","1,53","10,33",2
06/05/2026 14:37,"23,6",47,"11,6","1,54","10,00",2
06/05/2026 14:52,"23,6",47,"11,6","1,54","10,00",2
06/05/2026 15:07,"23,6",47,"11,6","1,54","10,00",2
06/05/2026 15:22,"23,6",47,"11,6","1,54","10,00",2
06/05/2026 15:37,"23,6",47,"11,6","1,54","10,00",4
06/05/2026 15:52,"23,6",47,"11,6","1,54","10,00",4
06/05/2026 16:07,"23,6",47,"11,6","1,54","10,00",3
06/05/2026 16:22,"23,6",47,"11,6","1,54","10,00",3
06/05/2026 16:37,"23,6",47,"11,6","1,54","10,00",2
06/05/2026 16:52,"23,6",47,"11,6","1,54","10,00",11
06/05/2026 17:07,"23,8",46,"11,5","1,59","9,90",11
06/05/2026 17:22,"23,8",46,"11,5","1,59","9,90",12
06/05/2026 17:37,"24,0",46,"11,7","1,61","10,01",11
06/05/2026 17:52,"24,0",46,"11,7","1,61","10,01",9
06/05/2026 18:07,"24,0",46,"11,7","1,61","10,01",12
06/05/2026 18:22,"24,0",46,"11,7","1,61","10,01",11
06/05/2026 18:37,"24,0",46,"11,7","1,61","10,01",13
06/05/2026 18:52,"24,2",46,"11,8","1,63","10,12",12
06/05/2026 19:07,"24,2",46,"11,8","1,63","10,12",12
06/05/2026 19:22,"24,2",46,"11,8","1,63","10,12",4
06/05/2026 19:37,"24,2",46,"11,8","1,63","10,12",2
06/05/2026 19:52,"24,2",46,"11,8","1,63","10,12",1
06/05/2026 20:07,"24,0",46,"11,7","1,61","10,01",1
06/05/2026 20:22,"24,0",46,"11,7","1,61","10,01",1
06/05/2026 20:37,"24,0",46,"11,7","1,61","10,01",1
06/05/2026 20:52,"24,0",46,"11,7","1,61","10,01",1
06/05/2026 21:07,"24,0",46,"11,7","1,61","10,01",1
06/05/2026 21:22,"24,0",46,"11,7","1,61","10,01",1
06/05/2026 21:37,"24,0",46,"11,7","1,61","10,01",1
06/05/2026 21:52,"24,0",46,"11,7","1,61","10,01",1
06/05/2026 22:07,"24,0",46,"11,7","1,61","10,01",1
06/05/2026 22:22,"23,8",45,"11,1","1,62","9,68",1
06/05/2026 22:37,"23,6",44,"10,6","1,63","9,36",1
06/05/2026 22:52,"23,4",43,"10,1","1,64","9,04",5
06/05/2026 23:07,"23,6",42,"9,9","1,69","8,93",5
06/05/2026 23:22,"23,8",42,"10,1","1,71","9,03",1
06/05/2026 23:37,"23,8",42,"10,1","1,71","9,03",1
06/05/2026 23:52,"23,8",42,"10,1","1,71","9,03",1
07/05/2026 00:07,"23,8",42,"10,1","1,71","9,03",1
07/05/2026 00:22,"24,0",43,"10,6","1,70","9,36",1
07/05/2026 00:37,"24,0",43,"10,6","1,70","9,36",1
07/05/2026 00:52,"24,0",43,"10,6","1,70","9,36",1
07/05/2026 01:07,"24,0",43,"10,6","1,70","9,36",1
07/05/2026 01:22,"24,0",43,"10,6","1,70","9,36",1
07/05/2026 01:37,"24,0",43,"10,6","1,70","9,36",1
07/05/2026 01:52,"24,1",45,"11,4","1,65","9,85",1
07/05/2026 02:07,"24,1",45,"11,4","1,65","9,85",1
07/05/2026 02:22,"24,1",45,"11,4","1,65","9,85",1
07/05/2026 02:37,"24,1",45,"11,4","1,65","9,85",1
07/05/2026 02:52,"24,1",45,"11,4","1,65","9,85",1
07/05/2026 03:07,"24,1",45,"11,4","1,65","9,85",1
07/05/2026 03:22,"24,1",45,"11,4","1,65","9,85",1
07/05/2026 03:37,"24,1",45,"11,4","1,65","9,85",1
07/05/2026 03:52,"24,1",45,"11,4","1,65","9,85",1
07/05/2026 04:07,"24,1",45,"11,4","1,65","9,85",1
07/05/2026 04:22,"24,1",45,"11,4","1,65","9,85",1
07/05/2026 04:37,"23,9",45,"11,2","1,63","9,74",1
07/05/2026 04:52,"23,9",45,"11,2","1,63","9,74",1
07/05/2026 05:07,"23,9",45,"11,2","1,63","9,74",1
07/05/2026 05:22,"23,9",45,"11,2","1,63","9,74",1
07/05/2026 05:37,"23,9",45,"11,2","1,63","9,74",1
07/05/2026 05:52,"23,9",45,"11,2","1,63","9,74",1
07/05/2026 06:07,"23,9",45,"11,2","1,63","9,74",1
07/05/2026 06:22,"23,9",45,"11,2","1,63","9,74",1
07/05/2026 06:37,"23,9",45,"11,2","1,63","9,74",1
07/05/2026 06:52,"23,9",45,"11,2","1,63","9,74",1
07/05/2026 07:07,"23,9",45,"11,2","1,63","9,74",1
07/05/2026 07:22,"23,9",45,"11,2","1,63","9,74",1
07/05/2026 07:37,"23,9",45,"11,2","1,63","9,74",1
07/05/2026 07:52,"23,9",45,"11,2","1,63","9,74",1
07/05/2026 08:07,"23,9",45,"11,2","1,63","9,74",1
07/05/2026 08:22,"23,9",45,"11,2","1,63","9,74",1
07/05/2026 08:37,"23,9",45,"11,2","1,63","9,74",3
07/05/2026 08:52,"23,9",45,"11,2","1,63","9,74",3
07/05/2026 09:07,"23,9",45,"11,2","1,63","9,74",3
07/05/2026 09:22,"23,9",45,"11,2","1,63","9,74",3
07/05/2026 09:37,"23,9",45,"11,2","1,63","9,74",3
07/05/2026 09:52,"23,9",45,"11,2","1,63","9,74",3
07/05/2026 10:07,"24,1",46,"11,8","1,62","10,06",3
07/05/2026 10:22,"24,1",46,"11,8","1,62","10,06",6
07/05/2026 10:37,"24,1",46,"11,8","1,62","10,06",7
07/05/2026 10:52,"24,1",46,"11,8","1,62","10,06",7
07/05/2026 11:07,"24,1",46,"11,8","1,62","10,06",7
07/05/2026 11:22,"24,1",46,"11,8","1,62","10,06",7
07/05/2026 11:37,"24,3",46,"11,9","1,64","10,18",9
07/05/2026 11:52,"24,3",46,"11,9","1,64","10,18",9
07/05/2026 12:07,"24,3",46,"11,9","1,64","10,18",10
07/05/2026 12:22,"24,3",46,"11,9","1,64","10,18",10
07/05/2026 12:37,"24,3",46,"11,9","1,64","10,18",10
07/05/2026 12:52,"24,3",46,"11,9","1,64","10,18",10
07/05/2026 13:07,"24,3",46,"11,9","1,64","10,18",10
07/05/2026 13:22,"24,3",46,"11,9","1,64","10,18",10
07/05/2026 13:37,"24,3",46,"11,9","1,64","10,18",10
07/05/2026 13:52,"24,5",45,"11,8","1,69","10,07",10
07/05/2026 14:07,"24,5",45,"11,8","1,69","10,07",10
07/05/2026 14:22,"24,5",45,"11,8","1,69","10,07",10
07/05/2026 14:37,"24,5",45,"11,8","1,69","10,07",10
07/05/2026 14:52,"24,5",45,"11,8","1,69","10,07",11
07/05/2026 15:07,"24,5",45,"11,8","1,69","10,07",11
07/05/2026 15:22,"24,5",45,"11,8","1,69","10,07",11
07/05/2026 15:37,"24,5",45,"11,8","1,69","10,07",11
07/05/2026 15:52,"24,5",45,"11,8","1,69","10,07",10
07/05/2026 16:07,"24,5",45,"11,8","1,69","10,07",10
07/05/2026 16:22,"24,5",45,"11,8","1,69","10,07",10
07/05/2026 16:37,"24,5",45,"11,8","1,69","10,07",10
07/05/2026 16:52,"24,5",45,"11,8","1,69","10,07",10
07/05/2026 17:07,"24,5",45,"11,8","1,69","10,07",10
07/05/2026 17:22,"24,5",45,"11,8","1,69","10,07",5
07/05/2026 17:37,"24,5",45,"11,8","1,69","10,07",10
07/05/2026 17:52,"24,5",45,"11,8","1,69","10,07",10
07/05/2026 18:07,"24,5",45,"11,8","1,69","10,07",11
07/05/2026 18:22,"24,5",45,"11,8","1,69","10,07",11
07/05/2026 18:37,"24,5",45,"11,8","1,69","10,07",11
07/05/2026 18:52,"24,7",44,"11,6","1,74","9,96",11
07/05/2026 19:07,"24,7",44,"11,6","1,74","9,96",11
07/05/2026 19:22,"24,7",44,"11,6","1,74","9,96",11
07/05/2026 19:37,"24,7",44,"11,6","1,74","9,96",11
07/05/2026 19:52,"24,7",44,"11,6","1,74","9,96",11
07/05/2026 20:07,"24,9",45,"12,1","1,73","10,30",11
07/05/2026 20:22,"24,9",45,"12,1","1,73","10,30",12
07/05/2026 20:37,"24,9",45,"12,1","1,73","10,30",1
07/05/2026 20:52,"24,9",45,"12,1","1,73","10,30",1
07/05/2026 21:07,"24,9",45,"12,1","1,73","10,30",1
07/05/2026 21:22,"24,9",45,"12,1","1,73","10,30",1
07/05/2026 21:37,"24,8",47,"12,7","1,66","10,70",1
07/05/2026 21:52,"24,8",47,"12,7","1,66","10,70",1
07/05/2026 22:07,"24,6",46,"12,2","1,67","10,35",1
07/05/2026 22:22,"24,6",46,"12,2","1,67","10,35",1
07/05/2026 22:37,"24,6",46,"12,2","1,67","10,35",1
07/05/2026 22:52,"24,6",46,"12,2","1,67","10,35",1
07/05/2026 23:07,"24,6",46,"12,2","1,67","10,35",1
07/05/2026 23:22,"24,6",46,"12,2","1,67","10,35",1
07/05/2026 23:37,"24,6",46,"12,2","1,67","10,35",1
07/05/2026 23:52,"24,6",46,"12,2","1,67","10,35",1
08/05/2026 00:07,"24,6",46,"12,2","1,67","10,35",1
08/05/2026 00:22,"24,6",46,"12,2","1,67","10,35",1
08/05/2026 00:37,"24,4",45,"11,7","1,68","10,01",1
08/05/2026 00:52,"24,4",45,"11,7","1,68","10,01",1
08/05/2026 01:07,"24,4",45,"11,7","1,68","10,01",1
08/05/2026 01:22,"24,4",45,"11,7","1,68","10,01",1
08/05/2026 01:37,"24,4",45,"11,7","1,68","10,01",1
08/05/2026 01:52,"24,4",45,"11,7","1,68","10,01",1
08/05/2026 02:07,"24,4",45,"11,7","1,68","10,01",1
08/05/2026 02:22,"24,4",45,"11,7","1,68","10,01",1
08/05/2026 02:37,"24,4",45,"11,7","1,68","10,01",1
08/05/2026 02:52,"24,4",45,"11,7","1,68","10,01",1
08/05/2026 03:07,"24,2",45,"11,5","1,66","9,90",1
08/05/2026 03:22,"24,2",45,"11,5","1,66","9,90",1
08/05/2026 03:37,"24,2",45,"11,5","1,66","9,90",1
08/05/2026 03:52,"24,2",45,"11,5","1,66","9,90",1
08/05/2026 04:07,"24,2",45,"11,5","1,66","9,90",1
08/05/2026 04:22,"24,2",45,"11,5","1,66","9,90",1
08/05/2026 04:37,"24,2",45,"11,5","1,66","9,90",1
08/05/2026 04:52,"24,2",45,"11,5","1,66","9,90",1
08/05/2026 05:07,"24,2",45,"11,5","1,66","9,90",1
08/05/2026 05:22,"24,2",45,"11,5","1,66","9,90",1
08/05/2026 05:37,"24,2",45,"11,5","1,66","9,90",1
08/05/2026 05:52,"24,2",45,"11,5","1,66","9,90",1
08/05/2026 06:07,"24,2",45,"11,5","1,66","9,90",1
08/05/2026 06:22,"24,2",45,"11,5","1,66","9,90",1
08/05/2026 06:37,"24,2",45,"11,5","1,66","9,90",1
08/05/2026 06:52,"24,0",45,"11,3","1,64","9,79",1
08/05/2026 07:07,"24,0",45,"11,3","1,64","9,79",1
08/05/2026 07:22,"24,0",45,"11,3","1,64","9,79",1
08/05/2026 07:37,"24,0",45,"11,3","1,64","9,79",4
08/05/2026 07:52,"24,0",45,"11,3","1,64","9,79",6
08/05/2026 08:07,"24,2",45,"11,5","1,66","9,90",5
08/05/2026 08:22,"24,2",45,"11,5","1,66","9,90",5
08/05/2026 08:37,"24,2",45,"11,5","1,66","9,90",2
08/05/2026 08:52,"24,2",45,"11,5","1,66","9,90",1
08/05/2026 09:07,"24,2",45,"11,5","1,66","9,90",2
08/05/2026 09:22,"24,2",45,"11,5","1,66","9,90",2
08/05/2026 09:37,"24,2",45,"11,5","1,66","9,90",3
08/05/2026 09:52,"24,2",45,"11,5","1,66","9,90",3
08/05/2026 10:07,"24,2",45,"11,5","1,66","9,90",4
08/05/2026 10:22,"24,2",45,"11,5","1,66","9,90",4
08/05/2026 10:37,"24,2",45,"11,5","1,66","9,90",3
08/05/2026 10:52,"24,2",45,"11,5","1,66","9,90",3
08/05/2026 11:07,"24,2",45,"11,5","1,66","9,90",3
08/05/2026 11:22,"24,2",45,"11,5","1,66","9,90",3
08/05/2026 11:37,"24,4",45,"11,7","1,68","10,01",3
08/05/2026 11:52,"24,4",45,"11,7","1,68","10,01",4
08/05/2026 12:07,"24,4",45,"11,7","1,68","10,01",4
08/05/2026 12:22,"24,4",45,"11,7","1,68","10,01",4
08/05/2026 12:37,"24,2",44,"11,2","1,69","9,68",4
08/05/2026 12:52,"24,2",44,"11,2","1,69","9,68",4
08/05/2026 13:07,"24,2",44,"11,2","1,69","9,68",4
08/05/2026 13:22,"24,4",45,"11,7","1,68","10,01",4
08/05/2026 13:37,"24,4",45,"11,7","1,68","10,01",4
08/05/2026 13:52,"24,4",45,"11,7","1,68","10,01",4
08/05/2026 14:07,"24,4",45,"11,7","1,68","10,01",4
08/05/2026 14:22,"24,4",45,"11,7","1,68","10,01",4
08/05/2026 14:37,"24,4",45,"11,7","1,68","10,01",4
08/05/2026 14:52,"24,4",45,"11,7","1,68","10,01",5
08/05/2026 15:07,"24,4",45,"11,7","1,68","10,01",6
08/05/2026 15:22,"24,4",45,"11,7","1,68","10,01",6
08/05/2026 15:37,"24,4",45,"11,7","1,68","10,01",6
08/05/2026 15:52,"24,4",45,"11,7","1,68","10,01",6
08/05/2026 16:07,"24,4",45,"11,7","1,68","10,01",6
08/05/2026 16:22,"24,4",45,"11,7","1,68","10,01",5
08/05/2026 16:37,"24,4",45,"11,7","1,68","10,01",5
08/05/2026 16:52,"24,4",45,"11,7","1,68","10,01",5
08/05/2026 17:07,"24,4",45,"11,7","1,68","10,01",6
08/05/2026 17:22,"24,4",45,"11,7","1,68","10,01",6
08/05/2026 17:37,"24,4",45,"11,7","1,68","10,01",4
08/05/2026 17:52,"24,4",45,"11,7","1,68","10,01",2
08/05/2026 18:07,"24,4",45,"11,7","1,68","10,01",2
08/05/2026 18:22,"24,4",45,"11,7","1,68","10,01",1
08/05/2026 18:37,"24,4",45,"11,7","1,68","10,01",1
08/05/2026 18:52,"24,4",45,"11,7","1,68","10,01",1
08/05/2026 19:07,"24,4",45,"11,7","1,68","10,01",1
08/05/2026 19:22,"24,4",45,"11,7","1,68","10,01",5
08/05/2026 19:37,"24,4",45,"11,7","1,68","10,01",1
08/05/2026 19:52,"24,6",45,"11,9","1,70","10,13",1
08/05/2026 20:07,"24,6",45,"11,9","1,70","10,13",1
08/05/2026 20:22,"24,6",45,"11,9","1,70","10,13",8
08/05/2026 20:37,"24,6",45,"11,9","1,70","10,13",1
08/05/2026 20:52,"24,6",45,"11,9","1,70","10,13",1
08/05/2026 21:07,"24,6",45,"11,9","1,70","10,13",1
08/05/2026 21:22,"24,6",45,"11,9","1,70","10,13",1
08/05/2026 21:37,"24,6",45,"11,9","1,70","10,13",1
08/05/2026 21:52,"24,6",45,"11,9","1,70","10,13",1
08/05/2026 22:07,"24,6",45,"11,9","1,70","10,13",1
08/05/2026 22:22,"24,6",45,"11,9","1,70","10,13",1
08/05/2026 22:37,"24,6",45,"11,9","1,70","10,13",1
08/05/2026 22:52,"24,6",45,"11,9","1,70","10,13",1
08/05/2026 23:07,"24,4",46,"12,0","1,65","10,24",1
08/05/2026 23:22,"24,4",46,"12,0","1,65","10,24",1
08/05/2026 23:37,"24,4",46,"12,0","1,65","10,24",1
08/05/2026 23:52,"24,4",46,"12,0","1,65","10,24",1
09/05/2026 00:07,"24,4",46,"12,0","1,65","10,24",1
09/05/2026 00:22,"24,4",46,"12,0","1,65","10,24",1
09/05/2026 00:37,"24,4",46,"12,0","1,65","10,24",1
09/05/2026 00:52,"24,4",46,"12,0","1,65","10,24",1
09/05/2026 01:07,"24,4",46,"12,0","1,65","10,24",1
09/05/2026 01:22,"24,4",46,"12,0","1,65","10,24",1
09/05/2026 01:37,"24,4",46,"12,0","1,65","10,24",1
09/05/2026 01:52,"24,4",46,"12,0","1,65","10,24",1
09/05/2026 02:07,"24,4",46,"12,0","1,65","10,24",1
09/05/2026 02:22,"24,4",46,"12,0","1,65","10,24",1
09/05/2026 02:37,"24,4",46,"12,0","1,65","10,24",1
09/05/2026 02:52,"24,4",46,"12,0","1,65","10,24",1
09/05/2026 03:07,"24,2",47,"12,2","1,60","10,34",1
09/05/2026 03:22,"24,2",47,"12,2","1,60","10,34",1
09/05/2026 03:37,"24,2",47,"12,2","1,60","10,34",1
09/05/2026 03:52,"24,2",47,"12,2","1,60","10,34",1
09/05/2026 04:07,"24,2",47,"12,2","1,60","10,34",1
09/05/2026 04:22,"24,2",47,"12,2","1,60","10,34",1
09/05/2026 04:37,"24,2",47,"12,2","1,60","10,34",1
09/05/2026 04:52,"24,2",47,"12,2","1,60","10,34",1
09/05/2026 05:07,"24,2",47,"12,2","1,60","10,34",1
09/05/2026 05:22,"24,2",47,"12,2","1,60","10,34",1
09/05/2026 05:37,"24,2",47,"12,2","1,60","10,34",1
09/05/2026 05:52,"24,2",47,"12,2","1,60","10,34",1
09/05/2026 06:07,"24,2",47,"12,2","1,60","10,34",1
09/05/2026 06:22,"24,2",47,"12,2","1,60","10,34",1
09/05/2026 06:37,"24,2",47,"12,2","1,60","10,34",1
09/05/2026 06:52,"24,2",47,"12,2","1,60","10,34",1
09/05/2026 07:07,"24,2",47,"12,2","1,60","10,34",2
09/05/2026 07:22,"24,2",47,"12,2","1,60","10,34",3
09/05/2026 07:37,"24,2",47,"12,2","1,60","10,34",3
09/05/2026 07:52,"24,2",47,"12,2","1,60","10,34",2
09/05/2026 08:07,"24,2",47,"12,2","1,60","10,34",2
09/05/2026 08:22,"24,4",46,"12,0","1,65","10,24",2
09/05/2026 08:37,"24,4",46,"12,0","1,65","10,24",1
09/05/2026 08:52,"24,4",46,"12,0","1,65","10,24",1
09/05/2026 09:07,"24,4",46,"12,0","1,65","10,24",2
09/05/2026 09:22,"24,4",46,"12,0","1,65","10,24",2
09/05/2026 09:37,"24,4",46,"12,0","1,65","10,24",2
09/05/2026 09:52,"24,4",46,"12,0","1,65","10,24",2
09/05/2026 10:07,"24,4",46,"12,0","1,65","10,24",2
09/05/2026 10:22,"24,4",46,"12,0","1,65","10,24",2
09/05/2026 10:37,"24,4",46,"12,0","1,65","10,24",2
09/05/2026 10:52,"24,4",46,"12,0","1,65","10,24",2
09/05/2026 11:07,"24,4",46,"12,0","1,65","10,24",2
09/05/2026 11:22,"24,4",46,"12,0","1,65","10,24",2
09/05/2026 11:37,"24,4",46,"12,0","1,65","10,24",2
09/05/2026 11:52,"24,4",46,"12,0","1,65","10,24",2
09/05/2026 12:07,"24,4",46,"12,0","1,65","10,24",2
09/05/2026 12:22,"24,4",46,"12,0","1,65","10,24",2
09/05/2026 12:37,"24,4",46,"12,0","1,65","10,24",2
09/05/2026 12:52,"24,4",46,"12,0","1,65","10,24",2
09/05/2026 13:07,"24,4",46,"12,0","1,65","10,24",2
09/05/2026 13:22,"24,4",46,"12,0","1,65","10,24",2
09/05/2026 13:37,"24,6",47,"12,5","1,64","10,58",2
09/05/2026 13:52,"24,4",49,"13,0","1,56","10,90",11
09/05/2026 14:07,"24,4",49,"13,0","1,56","10,90",11
09/05/2026 14:22,"24,4",49,"13,0","1,56","10,90",11
09/05/2026 14:37,"24,4",49,"13,0","1,56","10,90",11
09/05/2026 14:52,"24,4",49,"13,0","1,56","10,90",11
09/05/2026 15:07,"24,4",49,"13,0","1,56","10,90",11
09/05/2026 15:22,"24,4",49,"13,0","1,56","10,90",11
09/05/2026 15:37,"24,4",49,"13,0","1,56","10,90",11
09/05/2026 15:52,"24,4",49,"13,0","1,56","10,90",11
09/05/2026 16:07,"24,4",49,"13,0","1,56","10,90",11
09/05/2026 16:22,"24,4",49,"13,0","1,56","10,90",11
09/05/2026 16:37,"24,4",49,"13,0","1,56","10,90",11
09/05/2026 16:52,"24,4",49,"13,0","1,56","10,90",11
09/05/2026 17:07,"24,4",49,"13,0","1,56","10,90",11
09/05/2026 17:22,"24,4",49,"13,0","1,56","10,90",11
09/05/2026 17:37,"24,4",49,"13,0","1,56","10,90",11
09/05/2026 17:52,"24,4",49,"13,0","1,56","10,90",11
09/05/2026 18:07,"24,4",49,"13,0","1,56","10,90",12
09/05/2026 18:22,"24,3",47,"12,3","1,61","10,40",12
09/05/2026 18:37,"24,3",47,"12,3","1,61","10,40",12
09/05/2026 18:52,"24,5",47,"12,4","1,63","10,52",12
09/05/2026 19:07,"24,5",47,"12,4","1,63","10,52",12
09/05/2026 19:22,"24,5",47,"12,4","1,63","10,52",12
09/05/2026 19:37,"24,5",47,"12,4","1,63","10,52",12
09/05/2026 19:52,"24,5",47,"12,4","1,63","10,52",6
09/05/2026 20:07,"24,5",47,"12,4","1,63","10,52",8
09/05/2026 20:22,"24,5",47,"12,4","1,63","10,52",3
09/05/2026 20:37,"24,5",47,"12,4","1,63","10,52",2
09/05/2026 20:52,"24,5",47,"12,4","1,63","10,52",1
09/05/2026 21:07,"24,5",47,"12,4","1,63","10,52",1
09/05/2026 21:22,"24,3",46,"11,9","1,64","10,18",1
09/05/2026 21:37,"24,3",46,"11,9","1,64","10,18",1
09/05/2026 21:52,"24,3",46,"11,9","1,64","10,18",1
09/05/2026 22:07,"24,3",46,"11,9","1,64","10,18",1
09/05/2026 22:22,"24,3",46,"11,9","1,64","10,18",1
09/05/2026 22:37,"24,3",46,"11,9","1,64","10,18",1
09/05/2026 22:52,"24,3",46,"11,9","1,64","10,18",1
09/05/2026 23:07,"24,3",46,"11,9","1,64","10,18",1
09/05/2026 23:22,"24,3",46,"11,9","1,64","10,18",1
09/05/2026 23:37,"24,3",46,"11,9","1,64","10,18",1
09/05/2026 23:52,"24,3",46,"11,9","1,64","10,18",1
10/05/2026 00:07,"24,3",46,"11,9","1,64","10,18",1
10/05/2026 00:22,"24,3",46,"11,9","1,64","10,18",1
10/05/2026 00:37,"24,3",46,"11,9","1,64","10,18",1
10/05/2026 00:52,"24,3",46,"11,9","1,64","10,18",1
10/05/2026 01:07,"24,3",46,"11,9","1,64","10,18",1
10/05/2026 01:22,"24,3",46,"11,9","1,64","10,18",1
10/05/2026 01:37,"24,3",46,"11,9","1,64","10,18",1
10/05/2026 01:52,"24,3",46,"11,9","1,64","10,18",1
10/05/2026 02:07,"24,3",46,"11,9","1,64","10,18",1
10/05/2026 02:22,"24,3",46,"11,9","1,64","10,18",1
10/05/2026 02:37,"24,3",46,"11,9","1,64","10,18",1
10/05/2026 02:52,"24,3",46,"11,9","1,64","10,18",1
10/05/2026 03:07,"24,1",46,"11,8","1,62","10,06",1
10/05/2026 03:22,"24,1",46,"11,8","1,62","10,06",1
10/05/2026 03:37,"24,1",46,"11,8","1,62","10,06",1
10/05/2026 03:52,"24,1",46,"11,8","1,62","10,06",1
10/05/2026 04:07,"24,1",46,"11,8","1,62","10,06",1
10/05/2026 04:22,"24,1",46,"11,8","1,62","10,06",1
10/05/2026 04:37,"24,1",46,"11,8","1,62","10,06",1
10/05/2026 04:52,"24,1",46,"11,8","1,62","10,06",1
10/05/2026 05:07,"24,1",46,"11,8","1,62","10,06",1
10/05/2026 05:22,"24,1",46,"11,8","1,62","10,06",1
10/05/2026 05:37,"24,1",46,"11,8","1,62","10,06",1
10/05/2026 05:52,"24,1",46,"11,8","1,62","10,06",1
10/05/2026 06:07,"24,1",46,"11,8","1,62","10,06",1
10/05/2026 06:22,"24,1",46,"11,8","1,62","10,06",1
10/05/2026 06:37,"24,1",46,"11,8","1,62","10,06",1
10/05/2026 06:52,"24,1",46,"11,8","1,62","10,06",1
10/05/2026 07:07,"24,1",46,"11,8","1,62","10,06",1
10/05/2026 07:22,"24,1",46,"11,8","1,62","10,06",2
10/05/2026 07:37,"24,1",46,"11,8","1,62","10,06",3
10/05/2026 07:52,"24,1",46,"11,8","1,62","10,06",4
10/05/2026 08:07,"24,1",46,"11,8","1,62","10,06",4
10/05/2026 08:22,"24,1",46,"11,8","1,62","10,06",4
10/05/2026 08:37,"24,1",46,"11,8","1,62","10,06",4
10/05/2026 08:52,"24,1",48,"12,4","1,56","10,50",5
10/05/2026 09:07,"24,1",48,"12,4","1,56","10,50",5
10/05/2026 09:22,"24,1",48,"12,4","1,56","10,50",5
10/05/2026 09:37,"24,1",48,"12,4","1,56","10,50",5
10/05/2026 09:52,"24,1",48,"12,4","1,56","10,50",6
10/05/2026 10:07,"24,1",48,"12,4","1,56","10,50",9
10/05/2026 10:22,"24,1",48,"12,4","1,56","10,50",11
10/05/2026 10:37,"24,1",48,"12,4","1,56","10,50",11
10/05/2026 10:52,"24,3",47,"12,3","1,61","10,40",11
10/05/2026 11:07,"24,3",47,"12,3","1,61","10,40",11
10/05/2026 11:22,"24,3",47,"12,3","1,61","10,40",10
10/05/2026 11:37,"24,3",47,"12,3","1,61","10,40",10
10/05/2026 11:52,"24,3",49,"12,9","1,55","10,84",10
10/05/2026 12:07,"24,3",49,"12,9","1,55","10,84",11
10/05/2026 12:22,"24,4",51,"13,6","1,50","11,35",11
10/05/2026 12:37,"24,4",51,"13,6","1,50","11,35",11
10/05/2026 12:52,"24,4",51,"13,6","1,50","11,35",11
10/05/2026 13:07,"24,4",51,"13,6","1,50","11,35",11
10/05/2026 13:22,"24,4",49,"13,0","1,56","10,90",11
10/05/2026 13:37,"24,4",49,"13,0","1,56","10,90",11
10/05/2026 13:52,"24,4",49,"13,0","1,56","10,90",7
10/05/2026 14:07,"24,4",49,"13,0","1,56","10,90",5
10/05/2026 14:22,"24,4",49,"13,0","1,56","10,90",5
10/05/2026 14:37,"24,4",49,"13,0","1,56","10,90",4
10/05/2026 14:52,"24,4",49,"13,0","1,56","10,90",7
10/05/2026 15:07,"24,4",49,"13,0","1,56","10,90",7
10/05/2026 15:22,"24,4",49,"13,0","1,56","10,90",9
10/05/2026 15:37,"24,4",49,"13,0","1,56","10,90",10
10/05/2026 15:52,"24,4",49,"13,0","1,56","10,90",7
10/05/2026 16:07,"24,4",49,"13,0","1,56","10,90",8
10/05/2026 16:22,"24,4",49,"13,0","1,56","10,90",5
10/05/2026 16:37,"24,4",49,"13,0","1,56","10,90",4
10/05/2026 16:52,"24,4",49,"13,0","1,56","10,90",6
10/05/2026 17:07,"24,3",51,"13,5","1,49","11,29",9
10/05/2026 17:22,"24,3",51,"13,5","1,49","11,29",3
10/05/2026 17:37,"24,3",51,"13,5","1,49","11,29",3
10/05/2026 17:52,"24,3",51,"13,5","1,49","11,29",5
10/05/2026 18:07,"24,3",51,"13,5","1,49","11,29",6
10/05/2026 18:22,"24,3",51,"13,5","1,49","11,29",6
10/05/2026 18:37,"24,3",51,"13,5","1,49","11,29",11
10/05/2026 18:52,"24,3",51,"13,5","1,49","11,29",12
10/05/2026 19:07,"24,5",51,"13,7","1,51","11,41",13
10/05/2026 19:22,"24,5",51,"13,7","1,51","11,41",3
10/05/2026 19:37,"24,5",51,"13,7","1,51","11,41",1
10/05/2026 19:52,"24,5",51,"13,7","1,51","11,41",2
10/05/2026 20:07,"24,5",51,"13,7","1,51","11,41",2
10/05/2026 20:22,"24,3",51,"13,5","1,49","11,29",1
10/05/2026 20:37,"24,3",51,"13,5","1,49","11,29",1
10/05/2026 20:52,"24,3",51,"13,5","1,49","11,29",1
10/05/2026 21:07,"24,3",51,"13,5","1,49","11,29",1
10/05/2026 21:22,"24,3",51,"13,5","1,49","11,29",1
10/05/2026 21:37,"24,3",51,"13,5","1,49","11,29",1
10/05/2026 21:52,"24,3",51,"13,5","1,49","11,29",1
10/05/2026 22:07,"24,3",51,"13,5","1,49","11,29",1
10/05/2026 22:22,"24,3",51,"13,5","1,49","11,29",1
10/05/2026 22:37,"24,3",51,"13,5","1,49","11,29",1
10/05/2026 22:52,"24,3",51,"13,5","1,49","11,29",1
10/05/2026 23:07,"24,3",51,"13,5","1,49","11,29",1
10/05/2026 23:22,"24,3",51,"13,5","1,49","11,29",1
10/05/2026 23:37,"24,3",51,"13,5","1,49","11,29",1
10/05/2026 23:52,"24,3",51,"13,5","1,49","11,29",1
11/05/2026 00:07,"24,3",51,"13,5","1,49","11,29",1
11/05/2026 00:22,"24,3",51,"13,5","1,49","11,29",1
11/05/2026 00:37,"24,3",51,"13,5","1,49","11,29",1
11/05/2026 00:52,"24,3",51,"13,5","1,49","11,29",1
11/05/2026 01:07,"24,3",51,"13,5","1,49","11,29",1
11/05/2026 01:22,"24,1",50,"13,0","1,50","10,94",1
11/05/2026 01:37,"24,1",50,"13,0","1,50","10,94",1
11/05/2026 01:52,"24,1",50,"13,0","1,50","10,94",1
11/05/2026 02:07,"24,1",50,"13,0","1,50","10,94",1
11/05/2026 02:22,"24,1",50,"13,0","1,50","10,94",1
11/05/2026 02:37,"24,1",50,"13,0","1,50","10,94",1
11/05/2026 02:52,"24,1",50,"13,0","1,50","10,94",1
11/05/2026 03:07,"24,1",50,"13,0","1,50","10,94",1
11/05/2026 03:22,"24,1",50,"13,0","1,50","10,94",1
11/05/2026 03:37,"24,1",50,"13,0","1,50","10,94",1
11/05/2026 03:52,"24,1",50,"13,0","1,50","10,94",1
11/05/2026 04:07,"24,1",50,"13,0","1,50","10,94",1
11/05/2026 04:22,"24,1",50,"13,0","1,50","10,94",1
11/05/2026 04:37,"24,1",50,"13,0","1,50","10,94",1
11/05/2026 04:52,"24,1",50,"13,0","1,50","10,94",1
11/05/2026 05:07,"24,1",50,"13,0","1,50","10,94",1
11/05/2026 05:22,"24,1",50,"13,0","1,50","10,94",1
11/05/2026 05:37,"24,1",50,"13,0","1,50","10,94",1
11/05/2026 05:52,"24,1",50,"13,0","1,50","10,94",1
11/05/2026 06:07,"24,1",50,"13,0","1,50","10,94",1
11/05/2026 06:22,"24,1",50,"13,0","1,50","10,94",1
11/05/2026 06:37,"24,1",50,"13,0","1,50","10,94",1
11/05/2026 06:52,"24,1",50,"13,0","1,50","10,94",1
11/05/2026 07:07,"24,1",50,"13,0","1,50","10,94",1
11/05/2026 07:22,"24,1",50,"13,0","1,50","10,94",1
11/05/2026 07:37,"24,1",50,"13,0","1,50","10,94",1
11/05/2026 07:52,"24,1",50,"13,0","1,50","10,94",1
11/05/2026 08:07,"24,1",50,"13,0","1,50","10,94",1
11/05/2026 08:22,"24,1",50,"13,0","1,50","10,94",1
11/05/2026 08:37,"24,1",50,"13,0","1,50","10,94",1
11/05/2026 08:52,"24,1",50,"13,0","1,50","10,94",1
11/05/2026 09:07,"24,1",50,"13,0","1,50","10,94",1
11/05/2026 09:22,"23,9",50,"12,8","1,48","10,82",1
11/05/2026 09:37,"23,9",50,"12,8","1,48","10,82",1
11/05/2026 09:52,"23,9",50,"12,8","1,48","10,82",2
11/05/2026 10:07,"23,9",50,"12,8","1,48","10,82",2
11/05/2026 10:22,"23,9",50,"12,8","1,48","10,82",2
11/05/2026 10:37,"23,9",50,"12,8","1,48","10,82",4
11/05/2026 10:52,"24,1",50,"13,0","1,50","10,94",5
11/05/2026 11:07,"24,1",50,"13,0","1,50","10,94",5
11/05/2026 11:22,"24,1",50,"13,0","1,50","10,94",4
11/05/2026 11:37,"24,1",50,"13,0","1,50","10,94",6
11/05/2026 11:52,"24,1",50,"13,0","1,50","10,94",8
11/05/2026 12:07,"24,1",50,"13,0","1,50","10,94",7
11/05/2026 12:22,"24,3",50,"13,2","1,52","11,06",7
11/05/2026 12:37,"24,3",50,"13,2","1,52","11,06",7
11/05/2026 12:52,"24,3",50,"13,2","1,52","11,06",7
11/05/2026 13:07,"24,3",50,"13,2","1,52","11,06",7
11/05/2026 13:22,"24,3",50,"13,2","1,52","11,06",7
11/05/2026 13:37,"24,3",50,"13,2","1,52","11,06",7
11/05/2026 13:52,"24,3",50,"13,2","1,52","11,06",7
11/05/2026 14:07,"24,3",50,"13,2","1,52","11,06",11
11/05/2026 14:22,"24,3",50,"13,2","1,52","11,06",11
11/05/2026 14:37,"24,3",50,"13,2","1,52","11,06",5
11/05/2026 14:52,"24,3",50,"13,2","1,52","11,06",6
11/05/2026 15:07,"24,3",50,"13,2","1,52","11,06",8
11/05/2026 15:22,"24,3",50,"13,2","1,52","11,06",5
11/05/2026 15:37,"24,3",50,"13,2","1,52","11,06",5
11/05/2026 15:52,"24,3",50,"13,2","1,52","11,06",8
11/05/2026 16:07,"24,3",50,"13,2","1,52","11,06",7
11/05/2026 16:22,"24,3",50,"13,2","1,52","11,06",11
11/05/2026 16:37,"24,3",50,"13,2","1,52","11,06",10
11/05/2026 16:52,"24,3",50,"13,2","1,52","11,06",4
11/05/2026 17:07,"24,3",50,"13,2","1,52","11,06",3
11/05/2026 17:22,"24,3",50,"13,2","1,52","11,06",1
11/05/2026 17:37,"24,3",50,"13,2","1,52","11,06",1
11/05/2026 17:52,"24,3",50,"13,2","1,52","11,06",1
11/05/2026 18:07,"24,3",50,"13,2","1,52","11,06",1
11/05/2026 18:22,"24,3",50,"13,2","1,52","11,06",9
11/05/2026 18:37,"24,3",50,"13,2","1,52","11,06",8
11/05/2026 18:52,"24,3",50,"13,2","1,52","11,06",8
11/05/2026 19:07,"24,3",50,"13,2","1,52","11,06",8
11/05/2026 19:22,"24,3",50,"13,2","1,52","11,06",8
11/05/2026 19:37,"24,3",50,"13,2","1,52","11,06",9
11/05/2026 19:52,"24,3",50,"13,2","1,52","11,06",6
11/05/2026 20:07,"24,3",50,"13,2","1,52","11,06",1
11/05/2026 20:22,"24,3",50,"13,2","1,52","11,06",1
11/05/2026 20:37,"24,1",49,"12,7","1,53","10,72",1
11/05/2026 20:52,"24,1",49,"12,7","1,53","10,72",1
11/05/2026 21:07,"24,1",49,"12,7","1,53","10,72",1
11/05/2026 21:22,"24,1",49,"12,7","1,53","10,72",1
11/05/2026 21:37,"24,1",49,"12,7","1,53","10,72",1
11/05/2026 21:52,"24,1",49,"12,7","1,53","10,72",1
11/05/2026 22:07,"24,1",49,"12,7","1,53","10,72",1
11/05/2026 22:22,"24,1",49,"12,7","1,53","10,72",1
11/05/2026 22:37,"24,1",49,"12,7","1,53","10,72",1
11/05/2026 22:52,"24,1",49,"12,7","1,53","10,72",1
11/05/2026 23:07,"24,1",49,"12,7","1,53","10,72",1
11/05/2026 23:22,"24,1",49,"12,7","1,53","10,72",1
11/05/2026 23:37,"24,1",49,"12,7","1,53","10,72",1
11/05/2026 23:52,"24,1",49,"12,7","1,53","10,72",1
12/05/2026 00:07,"24,1",49,"12,7","1,53","10,72",1
12/05/2026 00:22,"24,1",49,"12,7","1,53","10,72",1
12/05/2026 00:37,"24,1",49,"12,7","1,53","10,72",1
12/05/2026 00:52,"24,0",47,"12,0","1,58","10,23",1
12/05/2026 01:07,"24,0",47,"12,0","1,58","10,23",1
12/05/2026 01:22,"24,0",47,"12,0","1,58","10,23",1
12/05/2026 01:37,"24,0",47,"12,0","1,58","10,23",1
12/05/2026 01:52,"24,0",47,"12,0","1,58","10,23",1
12/05/2026 02:07,"23,8",48,"12,1","1,53","10,33",1
12/05/2026 02:22,"23,8",48,"12,1","1,53","10,33",1
12/05/2026 02:37,"23,8",48,"12,1","1,53","10,33",1
12/05/2026 02:52,"23,8",48,"12,1","1,53","10,33",1
12/05/2026 03:07,"23,8",48,"12,1","1,53","10,33",1
12/05/2026 03:22,"23,8",48,"12,1","1,53","10,33",1
12/05/2026 03:37,"23,8",48,"12,1","1,53","10,33",1
12/05/2026 03:52,"23,8",48,"12,1","1,53","10,33",1
12/05/2026 04:07,"23,8",48,"12,1","1,53","10,33",1
12/05/2026 04:22,"23,8",48,"12,1","1,53","10,33",1
12/05/2026 04:37,"23,8",48,"12,1","1,53","10,33",1
12/05/2026 04:52,"23,6",48,"11,9","1,51","10,21",1
12/05/2026 05:07,"23,6",48,"11,9","1,51","10,21",1
12/05/2026 05:22,"23,6",48,"11,9","1,51","10,21",1
12/05/2026 05:37,"23,6",48,"11,9","1,51","10,21",1
12/05/2026 05:52,"23,6",48,"11,9","1,51","10,21",1
12/05/2026 06:07,"23,6",48,"11,9","1,51","10,21",1
12/05/2026 06:22,"23,6",48,"11,9","1,51","10,21",1
12/05/2026 06:37,"23,6",48,"11,9","1,51","10,21",1
12/05/2026 06:52,"23,6",48,"11,9","1,51","10,21",1
12/05/2026 07:07,"23,6",48,"11,9","1,51","10,21",1
12/05/2026 07:22,"23,6",48,"11,9","1,51","10,21",1
12/05/2026 07:37,"23,6",48,"11,9","1,51","10,21",1
12/05/2026 07:52,"23,6",48,"11,9","1,51","10,21",1
12/05/2026 08:07,"23,6",48,"11,9","1,51","10,21",2
12/05/2026 08:22,"23,6",48,"11,9","1,51","10,21",3
12/05/2026 08:37,"23,6",48,"11,9","1,51","10,21",3
12/05/2026 08:52,"23,6",48,"11,9","1,51","10,21",5
12/05/2026 09:07,"23,6",48,"11,9","1,51","10,21",8
12/05/2026 09:22,"23,6",48,"11,9","1,51","10,21",5
12/05/2026 09:37,"23,8",47,"11,8","1,56","10,11",3
12/05/2026 09:52,"23,8",47,"11,8","1,56","10,11",2
12/05/2026 10:07,"23,8",47,"11,8","1,56","10,11",4
12/05/2026 10:22,"23,7",45,"11,1","1,61","9,63",6
12/05/2026 10:37,"23,7",45,"11,1","1,61","9,63",5
12/05/2026 10:52,"23,7",45,"11,1","1,61","9,63",9
12/05/2026 11:07,"23,7",45,"11,1","1,61","9,63",4
12/05/2026 11:22,"23,7",45,"11,1","1,61","9,63",7
12/05/2026 11:37,"23,7",45,"11,1","1,61","9,63",9
12/05/2026 11:52,"23,7",45,"11,1","1,61","9,63",9
12/05/2026 12:07,"23,7",45,"11,1","1,61","9,63",9
12/05/2026 12:22,"23,7",45,"11,1","1,61","9,63",9
12/05/2026 12:37,"23,7",45,"11,1","1,61","9,63",9
12/05/2026 12:52,"23,7",45,"11,1","1,61","9,63",9
12/05/2026 13:07,"23,7",45,"11,1","1,61","9,63",9
12/05/2026 13:22,"23,7",45,"11,1","1,61","9,63",9
12/05/2026 13:37,"23,8",43,"10,5","1,68","9,25",9
12/05/2026 13:52,"23,8",43,"10,5","1,68","9,25",9
12/05/2026 14:07,"23,8",43,"10,5","1,68","9,25",9
12/05/2026 14:22,"23,8",43,"10,5","1,68","9,25",9
12/05/2026 14:37,"23,8",43,"10,5","1,68","9,25",9
12/05/2026 14:52,"23,8",43,"10,5","1,68","9,25",9
12/05/2026 15:07,"23,8",43,"10,5","1,68","9,25",10
12/05/2026 15:22,"23,8",43,"10,5","1,68","9,25",10
12/05/2026 15:37,"23,8",43,"10,5","1,68","9,25",10
12/05/2026 15:52,"23,8",43,"10,5","1,68","9,25",10
12/05/2026 16:07,"23,8",43,"10,5","1,68","9,25",10
12/05/2026 16:22,"23,8",43,"10,5","1,68","9,25",10
12/05/2026 16:37,"23,8",41,"9,8","1,74","8,82",10
12/05/2026 16:52,"23,8",41,"9,8","1,74","8,82",10
12/05/2026 17:07,"23,8",41,"9,8","1,74","8,82",10
12/05/2026 17:22,"23,8",41,"9,8","1,74","8,82",10
12/05/2026 17:37,"23,8",41,"9,8","1,74","8,82",10
12/05/2026 17:52,"23,8",41,"9,8","1,74","8,82",10
12/05/2026 18:07,"23,8",41,"9,8","1,74","8,82",11
12/05/2026 18:22,"23,8",41,"9,8","1,74","8,82",11
12/05/2026 18:37,"24,0",42,"10,3","1,73","9,14",11
12/05/2026 18:52,"24,0",42,"10,3","1,73","9,14",11
12/05/2026 19:07,"24,0",42,"10,3","1,73","9,14",12
12/05/2026 19:22,"24,0",40,"9,6","1,79","8,70",12
12/05/2026 19:37,"23,9",38,"8,7","1,84","8,22",12
12/05/2026 19:52,"23,9",38,"8,7","1,84","8,22",12
12/05/2026 20:07,"24,1",39,"9,3","1,83","8,53",13
12/05/2026 20:22,"24,1",39,"9,3","1,83","8,53",13
12/05/2026 20:37,"24,1",39,"9,3","1,83","8,53",3
12/05/2026 20:52,"24,1",39,"9,3","1,83","8,53",1
12/05/2026 21:07,"24,1",41,"10,0","1,77","8,97",1
12/05/2026 21:22,"24,1",41,"10,0","1,77","8,97",1
12/05/2026 21:37,"24,1",41,"10,0","1,77","8,97",1
12/05/2026 21:52,"24,1",41,"10,0","1,77","8,97",1
12/05/2026 22:07,"24,1",41,"10,0","1,77","8,97",1
12/05/2026 22:22,"24,1",41,"10,0","1,77","8,97",1
12/05/2026 22:37,"23,9",42,"10,2","1,72","9,09",1
12/05/2026 22:52,"23,9",42,"10,2","1,72","9,09",1
12/05/2026 23:07,"23,9",42,"10,2","1,72","9,09",1
12/05/2026 23:22,"23,9",42,"10,2","1,72","9,09",1
12/05/2026 23:37,"23,9",42,"10,2","1,72","9,09",1
12/05/2026 23:52,"23,9",42,"10,2","1,72","9,09",1
13/05/2026 00:07,"23,9",42,"10,2","1,72","9,09",1
13/05/2026 00:22,"23,9",42,"10,2","1,72","9,09",1
13/05/2026 00:37,"23,9",42,"10,2","1,72","9,09",1
13/05/2026 00:52,"23,9",42,"10,2","1,72","9,09",1
13/05/2026 01:07,"23,7",41,"9,7","1,73","8,77",1
13/05/2026 01:22,"23,7",41,"9,7","1,73","8,77",1
13/05/2026 01:37,"23,7",41,"9,7","1,73","8,77",1
13/05/2026 01:52,"23,7",41,"9,7","1,73","8,77",1
13/05/2026 02:07,"23,7",41,"9,7","1,73","8,77",1
13/05/2026 02:22,"23,7",41,"9,7","1,73","8,77",1
13/05/2026 02:37,"23,7",41,"9,7","1,73","8,77",1
13/05/2026 02:52,"23,7",41,"9,7","1,73","8,77",1
13/05/2026 03:07,"23,7",41,"9,7","1,73","8,77",1
13/05/2026 03:22,"23,7",41,"9,7","1,73","8,77",1
13/05/2026 03:37,"23,7",41,"9,7","1,73","8,77",1
13/05/2026 03:52,"23,7",41,"9,7","1,73","8,77",1
13/05/2026 04:07,"23,7",41,"9,7","1,73","8,77",1
13/05/2026 04:22,"23,7",41,"9,7","1,73","8,77",1
13/05/2026 04:37,"23,7",41,"9,7","1,73","8,77",1
13/05/2026 04:52,"23,7",41,"9,7","1,73","8,77",1
13/05/2026 05:07,"23,5",41,"9,5","1,71","8,67",1
13/05/2026 05:22,"23,5",41,"9,5","1,71","8,67",1
13/05/2026 05:37,"23,5",41,"9,5","1,71","8,67",1
13/05/2026 05:52,"23,5",41,"9,5","1,71","8,67",1
13/05/2026 06:07,"23,5",41,"9,5","1,71","8,67",1
13/05/2026 06:22,"23,5",41,"9,5","1,71","8,67",1
13/05/2026 06:37,"23,5",41,"9,5","1,71","8,67",1
13/05/2026 06:52,"23,5",41,"9,5","1,71","8,67",11
13/05/2026 07:07,"23,5",41,"9,5","1,71","8,67",11
13/05/2026 07:22,"23,7",40,"9,3","1,76","8,56",11
13/05/2026 07:37,"23,7",40,"9,3","1,76","8,56",11
13/05/2026 07:52,"23,7",40,"9,3","1,76","8,56",11
13/05/2026 08:07,"23,7",40,"9,3","1,76","8,56",11
13/05/2026 08:22,"23,7",40,"9,3","1,76","8,56",11
13/05/2026 08:37,"23,9",41,"9,8","1,75","8,87",11
13/05/2026 08:52,"23,9",41,"9,8","1,75","8,87",11
13/05/2026 09:07,"23,9",41,"9,8","1,75","8,87",11
13/05/2026 09:22,"23,9",41,"9,8","1,75","8,87",9
13/05/2026 09:37,"23,9",41,"9,8","1,75","8,87",9
13/05/2026 09:52,"23,9",41,"9,8","1,75","8,87",9
13/05/2026 10:07,"23,9",41,"9,8","1,75","8,87",10
13/05/2026 10:22,"23,9",41,"9,8","1,75","8,87",10
13/05/2026 10:37,"23,9",41,"9,8","1,75","8,87",10
13/05/2026 10:52,"23,9",41,"9,8","1,75","8,87",10
13/05/2026 11:07,"23,9",41,"9,8","1,75","8,87",11
13/05/2026 11:22,"23,9",41,"9,8","1,75","8,87",11
13/05/2026 11:37,"23,9",41,"9,8","1,75","8,87",11
13/05/2026 11:52,"23,9",41,"9,8","1,75","8,87",11
13/05/2026 12:07,"23,9",41,"9,8","1,75","8,87",11
13/05/2026 12:22,"23,9",41,"9,8","1,75","8,87",11
13/05/2026 12:37,"23,9",41,"9,8","1,75","8,87",11
13/05/2026 12:52,"23,9",41,"9,8","1,75","8,87",11
13/05/2026 13:07,"23,9",41,"9,8","1,75","8,87",11
13/05/2026 13:22,"23,9",41,"9,8","1,75","8,87",11
13/05/2026 13:37,"23,9",41,"9,8","1,75","8,87",11
13/05/2026 13:52,"23,9",41,"9,8","1,75","8,87",11
13/05/2026 14:07,"23,9",41,"9,8","1,75","8,87",11
13/05/2026 14:22,"23,9",41,"9,8","1,75","8,87",11
13/05/2026 14:37,"23,9",41,"9,8","1,75","8,87",11
13/05/2026 14:52,"23,9",41,"9,8","1,75","8,87",11
13/05/2026 15:07,"23,9",41,"9,8","1,75","8,87",11
13/05/2026 15:22,"23,9",41,"9,8","1,75","8,87",11
13/05/2026 15:37,"23,9",41,"9,8","1,75","8,87",11
13/05/2026 15:52,"23,9",41,"9,8","1,75","8,87",9
13/05/2026 16:07,"23,9",41,"9,8","1,75","8,87",10
13/05/2026 16:22,"23,9",41,"9,8","1,75","8,87",10
13/05/2026 16:37,"23,9",41,"9,8","1,75","8,87",11
13/05/2026 16:52,"23,9",41,"9,8","1,75","8,87",10
13/05/2026 17:07,"23,9",41,"9,8","1,75","8,87",10
13/05/2026 17:22,"23,9",41,"9,8","1,75","8,87",10
13/05/2026 17:37,"23,9",41,"9,8","1,75","8,87",8
13/05/2026 17:52,"23,9",41,"9,8","1,75","8,87",10
13/05/2026 18:07,"23,9",41,"9,8","1,75","8,87",11
13/05/2026 18:22,"23,9",41,"9,8","1,75","8,87",12
13/05/2026 18:37,"24,1",40,"9,7","1,80","8,75",11
13/05/2026 18:52,"24,1",40,"9,7","1,80","8,75",12
13/05/2026 19:07,"24,1",40,"9,7","1,80","8,75",10
13/05/2026 19:22,"24,1",40,"9,7","1,80","8,75",5
13/05/2026 19:37,"23,9",41,"9,8","1,75","8,87",2
13/05/2026 19:52,"23,9",41,"9,8","1,75","8,87",1
13/05/2026 20:07,"23,9",41,"9,8","1,75","8,87",2
13/05/2026 20:22,"23,9",41,"9,8","1,75","8,87",2
13/05/2026 20:37,"23,9",41,"9,8","1,75","8,87",1
13/05/2026 20:52,"23,9",41,"9,8","1,75","8,87",1
13/05/2026 21:07,"23,9",41,"9,8","1,75","8,87",1
13/05/2026 21:22,"23,9",41,"9,8","1,75","8,87",1
13/05/2026 21:37,"23,9",41,"9,8","1,75","8,87",1
13/05/2026 21:52,"23,7",40,"9,3","1,76","8,56",1
13/05/2026 22:07,"23,7",40,"9,3","1,76","8,56",1
13/05/2026 22:22,"23,7",40,"9,3","1,76","8,56",1
13/05/2026 22:37,"23,7",40,"9,3","1,76","8,56",1
13/05/2026 22:52,"23,7",40,"9,3","1,76","8,56",1
13/05/2026 23:07,"23,7",40,"9,3","1,76","8,56",1
13/05/2026 23:22,"23,7",40,"9,3","1,76","8,56",1
13/05/2026 23:37,"23,7",40,"9,3","1,76","8,56",1
13/05/2026 23:52,"23,7",40,"9,3","1,76","8,56",1
14/05/2026 00:07,"23,7",40,"9,3","1,76","8,56",1
14/05/2026 00:22,"23,7",40,"9,3","1,76","8,56",1
14/05/2026 00:37,"23,7",40,"9,3","1,76","8,56",1
14/05/2026 00:52,"23,6",42,"9,9","1,69","8,93",1
14/05/2026 01:07,"23,8",41,"9,8","1,74","8,82",1
14/05/2026 01:22,"24,0",41,"9,9","1,76","8,92",1
14/05/2026 01:37,"24,0",41,"9,9","1,76","8,92",1
14/05/2026 01:52,"24,0",41,"9,9","1,76","8,92",1
14/05/2026 02:07,"24,0",41,"9,9","1,76","8,92",1
14/05/2026 02:22,"24,0",41,"9,9","1,76","8,92",1
14/05/2026 02:37,"24,0",41,"9,9","1,76","8,92",1
14/05/2026 02:52,"24,0",41,"9,9","1,76","8,92",1
14/05/2026 03:07,"24,0",41,"9,9","1,76","8,92",1
14/05/2026 03:22,"24,0",41,"9,9","1,76","8,92",1
14/05/2026 03:37,"24,0",41,"9,9","1,76","8,92",1
14/05/2026 03:52,"24,0",41,"9,9","1,76","8,92",1
14/05/2026 04:07,"24,0",41,"9,9","1,76","8,92",1
14/05/2026 04:22,"24,0",41,"9,9","1,76","8,92",1
14/05/2026 04:37,"24,0",41,"9,9","1,76","8,92",1
14/05/2026 04:52,"24,0",41,"9,9","1,76","8,92",1
14/05/2026 05:07,"24,0",41,"9,9","1,76","8,92",1
14/05/2026 05:22,"24,0",41,"9,9","1,76","8,92",1
14/05/2026 05:37,"24,0",41,"9,9","1,76","8,92",1
14/05/2026 05:52,"24,0",41,"9,9","1,76","8,92",1
14/05/2026 06:07,"24,0",41,"9,9","1,76","8,92",1
14/05/2026 06:22,"24,0",41,"9,9","1,76","8,92",1
14/05/2026 06:37,"24,0",41,"9,9","1,76","8,92",1
14/05/2026 06:52,"24,0",41,"9,9","1,76","8,92",1
14/05/2026 07:07,"24,0",41,"9,9","1,76","8,92",1
14/05/2026 07:22,"24,0",41,"9,9","1,76","8,92",1
14/05/2026 07:37,"24,0",41,"9,9","1,76","8,92",1
14/05/2026 07:52,"24,0",41,"9,9","1,76","8,92",1
14/05/2026 08:07,"24,0",41,"9,9","1,76","8,92",1
14/05/2026 08:22,"24,0",41,"9,9","1,76","8,92",1
14/05/2026 08:37,"24,0",41,"9,9","1,76","8,92",1
14/05/2026 08:52,"24,0",41,"9,9","1,76","8,92",1
14/05/2026 09:07,"24,0",41,"9,9","1,76","8,92",1
14/05/2026 09:22,"24,0",41,"9,9","1,76","8,92",1
14/05/2026 09:37,"24,0",41,"9,9","1,76","8,92",1
14/05/2026 09:52,"24,0",41,"9,9","1,76","8,92",1
14/05/2026 10:07,"24,0",41,"9,9","1,76","8,92",1
14/05/2026 10:22,"24,0",41,"9,9","1,76","8,92",1
14/05/2026 10:37,"24,0",41,"9,9","1,76","8,92",1
14/05/2026 10:52,"24,0",41,"9,9","1,76","8,92",1
14/05/2026 11:07,"24,0",41,"9,9","1,76","8,92",1
14/05/2026 11:22,"24,0",41,"9,9","1,76","8,92",1
14/05/2026 11:37,"24,0",41,"9,9","1,76","8,92",1
14/05/2026 11:52,"24,0",41,"9,9","1,76","8,92",1
14/05/2026 12:07,"24,0",41,"9,9","1,76","8,92",1
14/05/2026 12:22,"24,0",41,"9,9","1,76","8,92",1
14/05/2026 12:37,"24,0",41,"9,9","1,76","8,92",1
14/05/2026 12:52,"24,0",41,"9,9","1,76","8,92",1
14/05/2026 13:07,"24,0",41,"9,9","1,76","8,92",1
14/05/2026 13:22,"24,0",41,"9,9","1,76","8,92",1
14/05/2026 13:37,"24,0",41,"9,9","1,76","8,92",1
14/05/2026 13:52,"24,0",41,"9,9","1,76","8,92",1
14/05/2026 14:07,"24,0",41,"9,9","1,76","8,92",1
14/05/2026 14:22,"24,2",40,"9,7","1,81","8,80",1
14/05/2026 14:37,"24,2",42,"10,5","1,75","9,24",1
14/05/2026 14:52,"24,2",40,"9,7","1,81","8,80",1
14/05/2026 15:07,"24,2",40,"9,7","1,81","8,80",1
14/05/2026 15:22,"24,2",40,"9,7","1,81","8,80",1
14/05/2026 15:37,"24,2",40,"9,7","1,81","8,80",1
14/05/2026 15:52,"24,2",40,"9,7","1,81","8,80",1
14/05/2026 16:07,"24,2",40,"9,7","1,81","8,80",1
14/05/2026 16:22,"24,2",40,"9,7","1,81","8,80",1
14/05/2026 16:37,"24,2",40,"9,7","1,81","8,80",1
14/05/2026 16:52,"24,2",40,"9,7","1,81","8,80",1
14/05/2026 17:07,"24,2",40,"9,7","1,81","8,80",1
14/05/2026 17:22,"24,2",40,"9,7","1,81","8,80",1
14/05/2026 17:37,"24,2",40,"9,7","1,81","8,80",1
14/05/2026 17:52,"24,2",40,"9,7","1,81","8,80",1
14/05/2026 18:07,"24,2",40,"9,7","1,81","8,80",1
14/05/2026 18:22,"24,2",40,"9,7","1,81","8,80",1
14/05/2026 18:37,"24,2",40,"9,7","1,81","8,80",1
14/05/2026 18:52,"24,2",40,"9,7","1,81","8,80",1
14/05/2026 19:07,"24,2",40,"9,7","1,81","8,80",1
14/05/2026 19:22,"24,2",40,"9,7","1,81","8,80",1
14/05/2026 19:37,"24,2",40,"9,7","1,81","8,80",1
14/05/2026 19:52,"24,2",40,"9,7","1,81","8,80",1
14/05/2026 20:07,"24,2",40,"9,7","1,81","8,80",1
14/05/2026 20:22,"24,2",40,"9,7","1,81","8,80",1
14/05/2026 20:37,"24,2",40,"9,7","1,81","8,80",1
14/05/2026 20:52,"24,2",40,"9,7","1,81","8,80",1
14/05/2026 21:07,"24,2",40,"9,7","1,81","8,80",1
14/05/2026 21:22,"24,2",40,"9,7","1,81","8,80",1
14/05/2026 21:37,"24,2",40,"9,7","1,81","8,80",1
14/05/2026 21:52,"24,2",40,"9,7","1,81","8,80",1
14/05/2026 22:07,"24,2",40,"9,7","1,81","8,80",1
14/05/2026 22:22,"24,2",40,"9,7","1,81","8,80",1
14/05/2026 22:37,"24,2",40,"9,7","1,81","8,80",1
14/05/2026 22:52,"24,2",40,"9,7","1,81","8,80",1
14/05/2026 23:07,"24,2",40,"9,7","1,81","8,80",1
14/05/2026 23:22,"24,2",40,"9,7","1,81","8,80",1
14/05/2026 23:37,"24,2",40,"9,7","1,81","8,80",1
14/05/2026 23:52,"24,0",39,"9,2","1,82","8,49",1
15/05/2026 00:07,"24,0",39,"9,2","1,82","8,49",1
15/05/2026 00:22,"24,0",39,"9,2","1,82","8,49",1
15/05/2026 00:37,"24,0",39,"9,2","1,82","8,49",1
15/05/2026 00:52,"24,0",39,"9,2","1,82","8,49",1
15/05/2026 01:07,"24,0",39,"9,2","1,82","8,49",1
15/05/2026 01:22,"24,0",39,"9,2","1,82","8,49",1
15/05/2026 01:37,"24,0",39,"9,2","1,82","8,49",1
15/05/2026 01:52,"24,0",39,"9,2","1,82","8,49",1
15/05/2026 02:07,"24,0",39,"9,2","1,82","8,49",1
15/05/2026 02:22,"24,0",39,"9,2","1,82","8,49",1
15/05/2026 02:37,"24,0",39,"9,2","1,82","8,49",1
15/05/2026 02:52,"23,8",39,"9,0","1,80","8,39",1
15/05/2026 03:07,"23,8",39,"9,0","1,80","8,39",1
15/05/2026 03:22,"23,8",39,"9,0","1,80","8,39",1
15/05/2026 03:37,"23,8",39,"9,0","1,80","8,39",1
15/05/2026 03:52,"23,8",39,"9,0","1,80","8,39",1
15/05/2026 04:07,"23,8",39,"9,0","1,80","8,39",1
15/05/2026 04:22,"23,8",39,"9,0","1,80","8,39",1
15/05/2026 04:37,"23,8",39,"9,0","1,80","8,39",1
15/05/2026 04:52,"23,8",39,"9,0","1,80","8,39",1
15/05/2026 05:07,"23,8",39,"9,0","1,80","8,39",1
15/05/2026 05:22,"23,8",39,"9,0","1,80","8,39",1
15/05/2026 05:37,"23,8",39,"9,0","1,80","8,39",1
15/05/2026 05:52,"23,8",39,"9,0","1,80","8,39",1
15/05/2026 06:07,"23,8",39,"9,0","1,80","8,39",1
15/05/2026 06:22,"23,8",39,"9,0","1,80","8,39",1
15/05/2026 06:37,"23,8",39,"9,0","1,80","8,39",1
15/05/2026 06:52,"23,8",39,"9,0","1,80","8,39",1
15/05/2026 07:07,"23,8",39,"9,0","1,80","8,39",1
15/05/2026 07:22,"23,8",39,"9,0","1,80","8,39",1
15/05/2026 07:37,"23,8",39,"9,0","1,80","8,39",1
15/05/2026 07:52,"23,8",39,"9,0","1,80","8,39",1
15/05/2026 08:07,"23,8",39,"9,0","1,80","8,39",1
15/05/2026 08:22,"23,8",39,"9,0","1,80","8,39",1
15/05/2026 08:37,"23,8",39,"9,0","1,80","8,39",1
15/05/2026 08:52,"23,8",39,"9,0","1,80","8,39",1
15/05/2026 09:07,"23,8",39,"9,0","1,80","8,39",1
15/05/2026 09:22,"23,8",39,"9,0","1,80","8,39",1
15/05/2026 09:37,"23,8",39,"9,0","1,80","8,39",1
15/05/2026 09:52,"23,8",39,"9,0","1,80","8,39",1
15/05/2026 10:07,"23,8",39,"9,0","1,80","8,39",1
15/05/2026 10:22,"23,8",39,"9,0","1,80","8,39",1
15/05/2026 10:37,"23,8",39,"9,0","1,80","8,39",1
15/05/2026 10:52,"23,8",39,"9,0","1,80","8,39",1
15/05/2026 11:07,"23,8",39,"9,0","1,80","8,39",1
15/05/2026 11:22,"23,8",39,"9,0","1,80","8,39",1
15/05/2026 11:37,"23,8",39,"9,0","1,80","8,39",1
15/05/2026 11:52,"23,8",39,"9,0","1,80","8,39",1
15/05/2026 12:07,"23,8",39,"9,0","1,80","8,39",1
15/05/2026 12:22,"23,8",39,"9,0","1,80","8,39",1
15/05/2026 12:37,"23,8",39,"9,0","1,80","8,39",1
15/05/2026 12:52,"23,8",39,"9,0","1,80","8,39",1
15/05/2026 13:07,"23,8",39,"9,0","1,80","8,39",1
15/05/2026 13:22,"23,9",41,"9,8","1,75","8,87",1
15/05/2026 13:37,"23,9",41,"9,8","1,75","8,87",1
15/05/2026 13:52,"23,9",41,"9,8","1,75","8,87",1
15/05/2026 14:07,"23,9",41,"9,8","1,75","8,87",1
15/05/2026 14:22,"23,9",41,"9,8","1,75","8,87",1
15/05/2026 14:37,"23,9",41,"9,8","1,75","8,87",1
15/05/2026 14:52,"23,9",41,"9,8","1,75","8,87",1
15/05/2026 15:07,"23,9",41,"9,8","1,75","8,87",1
15/05/2026 15:22,"23,9",41,"9,8","1,75","8,87",1
15/05/2026 15:37,"23,9",41,"9,8","1,75","8,87",1
15/05/2026 15:52,"23,9",41,"9,8","1,75","8,87",1
15/05/2026 16:07,"23,9",41,"9,8","1,75","8,87",1
15/05/2026 16:22,"23,9",41,"9,8","1,75","8,87",1
15/05/2026 16:37,"23,9",41,"9,8","1,75","8,87",1
15/05/2026 16:52,"23,9",41,"9,8","1,75","8,87",1
15/05/2026 17:07,"23,9",41,"9,8","1,75","8,87",1
15/05/2026 17:22,"23,9",41,"9,8","1,75","8,87",1
15/05/2026 17:37,"23,9",41,"9,8","1,75","8,87",1
15/05/2026 17:52,"23,9",41,"9,8","1,75","8,87",1
15/05/2026 18:07,"23,9",41,"9,8","1,75","8,87",1
15/05/2026 18:22,"23,9",41,"9,8","1,75","8,87",1
15/05/2026 18:37,"23,9",41,"9,8","1,75","8,87",1
15/05/2026 18:52,"24,1",40,"9,7","1,80","8,75",2
15/05/2026 19:07,"24,1",40,"9,7","1,80","8,75",1
15/05/2026 19:22,"24,1",40,"9,7","1,80","8,75",1
15/05/2026 19:37,"24,1",40,"9,7","1,80","8,75",1
15/05/2026 19:52,"24,1",40,"9,7","1,80","8,75",1
15/05/2026 20:07,"24,1",40,"9,7","1,80","8,75",3
15/05/2026 20:22,"24,1",40,"9,7","1,80","8,75",1
15/05/2026 20:37,"24,1",40,"9,7","1,80","8,75",1
15/05/2026 20:52,"24,1",40,"9,7","1,80","8,75",1
15/05/2026 21:07,"24,1",40,"9,7","1,80","8,75",1
15/05/2026 21:22,"24,1",40,"9,7","1,80","8,75",1
15/05/2026 21:37,"24,1",40,"9,7","1,80","8,75",1
15/05/2026 21:52,"24,1",40,"9,7","1,80","8,75",1
15/05/2026 22:07,"24,1",40,"9,7","1,80","8,75",1
15/05/2026 22:22,"24,1",40,"9,7","1,80","8,75",1
15/05/2026 22:37,"24,1",40,"9,7","1,80","8,75",1
15/05/2026 22:52,"24,1",40,"9,7","1,80","8,75",1
15/05/2026 23:07,"24,1",40,"9,7","1,80","8,75",1
15/05/2026 23:22,"24,1",40,"9,7","1,80","8,75",1
15/05/2026 23:37,"24,1",40,"9,7","1,80","8,75",1
15/05/2026 23:52,"24,1",40,"9,7","1,80","8,75",1
16/05/2026 00:07,"24,1",40,"9,7","1,80","8,75",1
16/05/2026 00:22,"23,9",39,"9,1","1,81","8,44",1
16/05/2026 00:37,"23,9",39,"9,1","1,81","8,44",1
16/05/2026 00:52,"23,9",39,"9,1","1,81","8,44",1
16/05/2026 01:07,"23,9",39,"9,1","1,81","8,44",1
16/05/2026 01:22,"23,9",39,"9,1","1,81","8,44",1
16/05/2026 01:37,"23,9",39,"9,1","1,81","8,44",1
16/05/2026 01:52,"23,9",39,"9,1","1,81","8,44",1
16/05/2026 02:07,"23,9",39,"9,1","1,81","8,44",1
16/05/2026 02:22,"23,9",39,"9,1","1,81","8,44",1
16/05/2026 02:37,"23,9",39,"9,1","1,81","8,44",1
16/05/2026 02:52,"23,9",39,"9,1","1,81","8,44",1
16/05/2026 03:07,"23,9",39,"9,1","1,81","8,44",1
16/05/2026 03:22,"23,9",39,"9,1","1,81","8,44",1
16/05/2026 03:37,"23,7",39,"8,9","1,79","8,34",1
16/05/2026 03:52,"23,7",39,"8,9","1,79","8,34",1
16/05/2026 04:07,"23,7",39,"8,9","1,79","8,34",1
16/05/2026 04:22,"23,7",39,"8,9","1,79","8,34",1
16/05/2026 04:37,"23,7",39,"8,9","1,79","8,34",1
16/05/2026 04:52,"23,7",39,"8,9","1,79","8,34",1
16/05/2026 05:07,"23,7",39,"8,9","1,79","8,34",1
16/05/2026 05:22,"23,7",39,"8,9","1,79","8,34",1
16/05/2026 05:37,"23,7",39,"8,9","1,79","8,34",1
16/05/2026 05:52,"23,7",39,"8,9","1,79","8,34",1
16/05/2026 06:07,"23,7",39,"8,9","1,79","8,34",1
16/05/2026 06:22,"23,7",39,"8,9","1,79","8,34",1
16/05/2026 06:37,"23,7",39,"8,9","1,79","8,34",1
16/05/2026 06:52,"23,7",39,"8,9","1,79","8,34",1
16/05/2026 07:07,"23,7",39,"8,9","1,79","8,34",1
16/05/2026 07:22,"23,7",39,"8,9","1,79","8,34",1
16/05/2026 07:37,"23,7",39,"8,9","1,79","8,34",1
16/05/2026 07:52,"23,5",40,"9,1","1,74","8,46",1
16/05/2026 08:07,"23,5",40,"9,1","1,74","8,46",1
16/05/2026 08:22,"23,5",40,"9,1","1,74","8,46",1
16/05/2026 08:37,"23,5",40,"9,1","1,74","8,46",1
16/05/2026 08:52,"23,5",40,"9,1","1,74","8,46",1
16/05/2026 09:07,"23,5",40,"9,1","1,74","8,46",1
16/05/2026 09:22,"23,5",40,"9,1","1,74","8,46",1
16/05/2026 09:37,"23,5",40,"9,1","1,74","8,46",1
16/05/2026 09:52,"23,5",40,"9,1","1,74","8,46",1
16/05/2026 10:07,"23,5",40,"9,1","1,74","8,46",1
16/05/2026 10:22,"23,5",40,"9,1","1,74","8,46",1
16/05/2026 10:37,"23,5",40,"9,1","1,74","8,46",1
16/05/2026 10:52,"23,5",40,"9,1","1,74","8,46",1
16/05/2026 11:07,"23,5",40,"9,1","1,74","8,46",1
16/05/2026 11:22,"23,5",40,"9,1","1,74","8,46",1
16/05/2026 11:37,"23,7",40,"9,3","1,76","8,56",1
16/05/2026 11:52,"23,7",40,"9,3","1,76","8,56",1
16/05/2026 12:07,"23,7",40,"9,3","1,76","8,56",1
16/05/2026 12:22,"23,7",40,"9,3","1,76","8,56",1
16/05/2026 12:37,"23,7",40,"9,3","1,76","8,56",1
16/05/2026 12:52,"23,7",40,"9,3","1,76","8,56",1
16/05/2026 13:07,"23,7",40,"9,3","1,76","8,56",1
16/05/2026 13:22,"23,7",40,"9,3","1,76","8,56",2
16/05/2026 13:37,"23,7",40,"9,3","1,76","8,56",2
16/05/2026 13:52,"23,7",40,"9,3","1,76","8,56",2
16/05/2026 14:07,"23,7",40,"9,3","1,76","8,56",2
16/05/2026 14:22,"23,9",40,"9,5","1,78","8,65",2
16/05/2026 14:37,"23,9",40,"9,5","1,78","8,65",1
16/05/2026 14:52,"23,9",40,"9,5","1,78","8,65",4
16/05/2026 15:07,"23,7",40,"9,3","1,76","8,56",4
16/05/2026 15:22,"23,7",40,"9,3","1,76","8,56",5
16/05/2026 15:37,"23,7",40,"9,3","1,76","8,56",4
16/05/2026 15:52,"23,7",40,"9,3","1,76","8,56",4
16/05/2026 16:07,"23,7",40,"9,3","1,76","8,56",4
16/05/2026 16:22,"23,7",40,"9,3","1,76","8,56",4
16/05/2026 16:37,"23,7",40,"9,3","1,76","8,56",4
16/05/2026 16:52,"23,7",40,"9,3","1,76","8,56",4
16/05/2026 17:07,"23,7",40,"9,3","1,76","8,56",5
16/05/2026 17:22,"23,7",40,"9,3","1,76","8,56",2
16/05/2026 17:37,"23,7",40,"9,3","1,76","8,56",2
16/05/2026 17:52,"23,7",40,"9,3","1,76","8,56",2
16/05/2026 18:07,"23,7",40,"9,3","1,76","8,56",2
16/05/2026 18:22,"23,7",40,"9,3","1,76","8,56",6
16/05/2026 18:37,"23,7",40,"9,3","1,76","8,56",2
16/05/2026 18:52,"23,7",40,"9,3","1,76","8,56",1
16/05/2026 19:07,"23,7",40,"9,3","1,76","8,56",1
16/05/2026 19:22,"23,7",40,"9,3","1,76","8,56",1
16/05/2026 19:37,"23,7",40,"9,3","1,76","8,56",1
16/05/2026 19:52,"23,7",40,"9,3","1,76","8,56",1
16/05/2026 20:07,"23,7",40,"9,3","1,76","8,56",2
16/05/2026 20:22,"23,7",40,"9,3","1,76","8,56",1
16/05/2026 20:37,"23,7",40,"9,3","1,76","8,56",1
16/05/2026 20:52,"23,5",39,"8,7","1,77","8,25",1
16/05/2026 21:07,"23,5",39,"8,7","1,77","8,25",1
16/05/2026 21:22,"23,5",39,"8,7","1,77","8,25",1
16/05/2026 21:37,"23,5",39,"8,7","1,77","8,25",1
16/05/2026 21:52,"23,5",39,"8,7","1,77","8,25",1
16/05/2026 22:07,"23,5",39,"8,7","1,77","8,25",1
16/05/2026 22:22,"23,5",39,"8,7","1,77","8,25",1
16/05/2026 22:37,"23,5",39,"8,7","1,77","8,25",1
16/05/2026 22:52,"23,5",39,"8,7","1,77","8,25",1
16/05/2026 23:07,"23,3",38,"8,2","1,77","7,95",1
16/05/2026 23:22,"23,3",38,"8,2","1,77","7,95",1
16/05/2026 23:37,"23,3",38,"8,2","1,77","7,95",1
16/05/2026 23:52,"23,3",38,"8,2","1,77","7,95",1
17/05/2026 00:07,"23,3",38,"8,2","1,77","7,95",1
17/05/2026 00:22,"23,3",38,"8,2","1,77","7,95",1
17/05/2026 00:37,"23,3",38,"8,2","1,77","7,95",1
17/05/2026 00:52,"23,3",38,"8,2","1,77","7,95",1
17/05/2026 01:07,"23,3",38,"8,2","1,77","7,95",1
17/05/2026 01:22,"23,3",38,"8,2","1,77","7,95",1
17/05/2026 01:37,"23,3",38,"8,2","1,77","7,95",1
17/05/2026 01:52,"23,3",38,"8,2","1,77","7,95",1
17/05/2026 02:07,"23,3",38,"8,2","1,77","7,95",1
17/05/2026 02:22,"23,3",38,"8,2","1,77","7,95",1
17/05/2026 02:37,"23,3",38,"8,2","1,77","7,95",1
17/05/2026 02:52,"23,3",38,"8,2","1,77","7,95",1
17/05/2026 03:07,"23,3",38,"8,2","1,77","7,95",1
17/05/2026 03:22,"23,1",39,"8,4","1,72","8,06",1
17/05/2026 03:37,"23,1",39,"8,4","1,72","8,06",1
17/05/2026 03:52,"23,1",39,"8,4","1,72","8,06",1
17/05/2026 04:07,"23,1",39,"8,4","1,72","8,06",1
17/05/2026 04:22,"23,1",39,"8,4","1,72","8,06",1
17/05/2026 04:37,"23,1",39,"8,4","1,72","8,06",1
17/05/2026 04:52,"23,1",39,"8,4","1,72","8,06",1
17/05/2026 05:07,"23,1",39,"8,4","1,72","8,06",1
17/05/2026 05:22,"23,1",39,"8,4","1,72","8,06",1
17/05/2026 05:37,"23,1",39,"8,4","1,72","8,06",1
17/05/2026 05:52,"23,1",39,"8,4","1,72","8,06",1
17/05/2026 06:07,"23,1",39,"8,4","1,72","8,06",1
17/05/2026 06:22,"22,9",39,"8,2","1,70","7,97",1
17/05/2026 06:37,"22,9",39,"8,2","1,70","7,97",3
17/05/2026 06:52,"23,1",39,"8,4","1,72","8,06",4
17/05/2026 07:07,"23,1",39,"8,4","1,72","8,06",4
17/05/2026 07:22,"23,3",39,"8,6","1,75","8,15",4
17/05/2026 07:37,"23,3",39,"8,6","1,75","8,15",4
17/05/2026 07:52,"23,3",39,"8,6","1,75","8,15",5
17/05/2026 08:07,"23,3",39,"8,6","1,75","8,15",5
17/05/2026 08:22,"23,5",39,"8,7","1,77","8,25",5
17/05/2026 08:37,"23,5",39,"8,7","1,77","8,25",4
17/05/2026 08:52,"23,5",39,"8,7","1,77","8,25",3
17/05/2026 09:07,"23,5",39,"8,7","1,77","8,25",4
17/05/2026 09:22,"23,5",39,"8,7","1,77","8,25",4
17/05/2026 09:37,"23,5",39,"8,7","1,77","8,25",4
17/05/2026 09:52,"23,5",39,"8,7","1,77","8,25",4
17/05/2026 10:07,"23,5",39,"8,7","1,77","8,25",4
17/05/2026 10:22,"23,5",39,"8,7","1,77","8,25",4
17/05/2026 10:37,"23,5",39,"8,7","1,77","8,25",3
17/05/2026 10:52,"23,5",39,"8,7","1,77","8,25",4
17/05/2026 11:07,"23,5",39,"8,7","1,77","8,25",4
17/05/2026 11:22,"23,5",39,"8,7","1,77","8,25",4
17/05/2026 11:37,"23,5",39,"8,7","1,77","8,25",4
17/05/2026 11:52,"23,5",39,"8,7","1,77","8,25",5
17/05/2026 12:07,"23,5",39,"8,7","1,77","8,25",3
17/05/2026 12:22,"23,5",39,"8,7","1,77","8,25",4
17/05/2026 12:37,"23,5",39,"8,7","1,77","8,25",4
17/05/2026 12:52,"23,5",39,"8,7","1,77","8,25",4
17/05/2026 13:07,"23,5",39,"8,7","1,77","8,25",4
17/05/2026 13:22,"23,7",39,"8,9","1,79","8,34",4
17/05/2026 13:37,"23,7",39,"8,9","1,79","8,34",4
17/05/2026 13:52,"23,7",39,"8,9","1,79","8,34",4
17/05/2026 14:07,"23,7",39,"8,9","1,79","8,34",4
17/05/2026 14:22,"23,7",39,"8,9","1,79","8,34",3
17/05/2026 14:37,"23,7",39,"8,9","1,79","8,34",3
17/05/2026 14:52,"23,7",39,"8,9","1,79","8,34",3
17/05/2026 15:07,"23,7",39,"8,9","1,79","8,34",5
17/05/2026 15:22,"23,7",39,"8,9","1,79","8,34",4
17/05/2026 15:37,"23,7",39,"8,9","1,79","8,34",3
17/05/2026 15:52,"23,7",39,"8,9","1,79","8,34",3
17/05/2026 16:07,"23,7",39,"8,9","1,79","8,34",5
17/05/2026 16:22,"23,7",39,"8,9","1,79","8,34",4
17/05/2026 16:37,"23,7",39,"8,9","1,79","8,34",4
17/05/2026 16:52,"23,7",39,"8,9","1,79","8,34",4
17/05/2026 17:07,"23,7",39,"8,9","1,79","8,34",4
17/05/2026 17:22,"23,7",39,"8,9","1,79","8,34",4
17/05/2026 17:37,"23,7",39,"8,9","1,79","8,34",1
17/05/2026 17:52,"23,9",39,"9,1","1,81","8,44",1
17/05/2026 18:07,"23,9",39,"9,1","1,81","8,44",1
17/05/2026 18:22,"24,1",39,"9,3","1,83","8,53",1
17/05/2026 18:37,"24,1",39,"9,3","1,83","8,53",2
17/05/2026 18:52,"24,1",39,"9,3","1,83","8,53",2
17/05/2026 19:07,"24,1",39,"9,3","1,83","8,53",2
17/05/2026 19:22,"24,1",39,"9,3","1,83","8,53",2
17/05/2026 19:37,"24,1",39,"9,3","1,83","8,53",10
17/05/2026 19:52,"24,1",39,"9,3","1,83","8,53",11
17/05/2026 20:07,"24,1",39,"9,3","1,83","8,53",8
17/05/2026 20:22,"24,1",39,"9,3","1,83","8,53",2
17/05/2026 20:37,"24,1",39,"9,3","1,83","8,53",1
17/05/2026 20:52,"24,1",39,"9,3","1,83","8,53",1
17/05/2026 21:07,"24,1",39,"9,3","1,83","8,53",1
17/05/2026 21:22,"24,1",39,"9,3","1,83","8,53",1
17/05/2026 21:37,"24,1",39,"9,3","1,83","8,53",1
17/05/2026 21:52,"24,1",39,"9,3","1,83","8,53",1
17/05/2026 22:07,"24,1",39,"9,3","1,83","8,53",1
17/05/2026 22:22,"23,9",38,"8,7","1,84","8,22",1
17/05/2026 22:37,"23,9",38,"8,7","1,84","8,22",1
17/05/2026 22:52,"23,9",38,"8,7","1,84","8,22",1
17/05/2026 23:07,"23,9",38,"8,7","1,84","8,22",1
17/05/2026 23:22,"23,9",38,"8,7","1,84","8,22",1
17/05/2026 23:37,"23,9",38,"8,7","1,84","8,22",1
17/05/2026 23:52,"23,9",38,"8,7","1,84","8,22",1
18/05/2026 00:07,"23,9",38,"8,7","1,84","8,22",1
18/05/2026 00:22,"23,9",38,"8,7","1,84","8,22",1
18/05/2026 00:37,"23,9",38,"8,7","1,84","8,22",1
18/05/2026 00:52,"23,9",38,"8,7","1,84","8,22",1
18/05/2026 01:07,"23,9",38,"8,7","1,84","8,22",1
18/05/2026 01:22,"23,9",38,"8,7","1,84","8,22",1
18/05/2026 01:37,"23,9",38,"8,7","1,84","8,22",1
18/05/2026 01:52,"23,9",38,"8,7","1,84","8,22",1
18/05/2026 02:07,"23,9",38,"8,7","1,84","8,22",1
18/05/2026 02:22,"23,7",38,"8,5","1,82","8,13",1
18/05/2026 02:37,"23,7",38,"8,5","1,82","8,13",1
18/05/2026 02:52,"23,7",38,"8,5","1,82","8,13",1
18/05/2026 03:07,"23,7",38,"8,5","1,82","8,13",1
18/05/2026 03:22,"23,7",38,"8,5","1,82","8,13",1
18/05/2026 03:37,"23,7",38,"8,5","1,82","8,13",1
18/05/2026 03:52,"23,7",38,"8,5","1,82","8,13",1
18/05/2026 04:07,"23,7",38,"8,5","1,82","8,13",1
18/05/2026 04:22,"23,7",38,"8,5","1,82","8,13",1
18/05/2026 04:37,"23,7",38,"8,5","1,82","8,13",1
18/05/2026 04:52,"23,7",38,"8,5","1,82","8,13",1
18/05/2026 05:07,"23,7",38,"8,5","1,82","8,13",1
18/05/2026 05:22,"23,7",38,"8,5","1,82","8,13",1
18/05/2026 05:37,"23,7",38,"8,5","1,82","8,13",1
18/05/2026 05:52,"23,7",38,"8,5","1,82","8,13",1
18/05/2026 06:07,"23,7",38,"8,5","1,82","8,13",1
18/05/2026 06:22,"23,7",38,"8,5","1,82","8,13",1
18/05/2026 06:37,"23,7",38,"8,5","1,82","8,13",1
18/05/2026 06:52,"23,7",38,"8,5","1,82","8,13",1
18/05/2026 07:07,"23,7",38,"8,5","1,82","8,13",1
18/05/2026 07:22,"23,7",38,"8,5","1,82","8,13",1
18/05/2026 07:37,"23,5",39,"8,7","1,77","8,25",1
18/05/2026 07:52,"23,5",39,"8,7","1,77","8,25",1
18/05/2026 08:07,"23,5",39,"8,7","1,77","8,25",1
18/05/2026 08:22,"23,5",39,"8,7","1,77","8,25",1
18/05/2026 08:37,"23,5",39,"8,7","1,77","8,25",1
18/05/2026 08:52,"23,5",39,"8,7","1,77","8,25",1
18/05/2026 09:07,"23,5",39,"8,7","1,77","8,25",1
18/05/2026 09:22,"23,7",40,"9,3","1,76","8,56",1
18/05/2026 09:37,"23,7",40,"9,3","1,76","8,56",1
18/05/2026 09:52,"23,7",40,"9,3","1,76","8,56",1
18/05/2026 10:07,"23,7",40,"9,3","1,76","8,56",1
18/05/2026 10:22,"23,7",40,"9,3","1,76","8,56",1
18/05/2026 10:37,"23,7",40,"9,3","1,76","8,56",1
18/05/2026 10:52,"23,7",40,"9,3","1,76","8,56",1
18/05/2026 11:07,"23,7",40,"9,3","1,76","8,56",1
18/05/2026 11:22,"23,7",40,"9,3","1,76","8,56",1
18/05/2026 11:37,"23,7",40,"9,3","1,76","8,56",1
18/05/2026 11:52,"23,7",40,"9,3","1,76","8,56",2
18/05/2026 12:07,"23,7",40,"9,3","1,76","8,56",3
18/05/2026 12:22,"23,7",40,"9,3","1,76","8,56",4
18/05/2026 12:37,"23,7",40,"9,3","1,76","8,56",4
18/05/2026 12:52,"23,9",41,"9,8","1,75","8,87",4
18/05/2026 13:07,"23,9",41,"9,8","1,75","8,87",4
18/05/2026 13:22,"23,9",41,"9,8","1,75","8,87",4
18/05/2026 13:37,"23,9",41,"9,8","1,75","8,87",4
18/05/2026 13:52,"23,9",41,"9,8","1,75","8,87",5
18/05/2026 14:07,"23,9",41,"9,8","1,75","8,87",4
18/05/2026 14:22,"23,9",41,"9,8","1,75","8,87",4
18/05/2026 14:37,"23,9",41,"9,8","1,75","8,87",4
18/05/2026 14:52,"23,9",41,"9,8","1,75","8,87",2
18/05/2026 15:07,"23,9",41,"9,8","1,75","8,87",4
18/05/2026 15:22,"23,9",41,"9,8","1,75","8,87",4
18/05/2026 15:37,"23,9",41,"9,8","1,75","8,87",4
18/05/2026 15:52,"23,9",41,"9,8","1,75","8,87",4
18/05/2026 16:07,"23,9",41,"9,8","1,75","8,87",4
18/05/2026 16:22,"23,9",41,"9,8","1,75","8,87",4
18/05/2026 16:37,"24,1",41,"10,0","1,77","8,97",4
18/05/2026 16:52,"24,1",41,"10,0","1,77","8,97",4
18/05/2026 17:07,"24,1",41,"10,0","1,77","8,97",4
18/05/2026 17:22,"24,1",41,"10,0","1,77","8,97",4
18/05/2026 17:37,"24,1",41,"10,0","1,77","8,97",4
18/05/2026 17:52,"24,1",41,"10,0","1,77","8,97",4
18/05/2026 18:07,"24,1",41,"10,0","1,77","8,97",4
18/05/2026 18:22,"24,1",41,"10,0","1,77","8,97",4
18/05/2026 18:37,"24,1",41,"10,0","1,77","8,97",5
18/05/2026 18:52,"24,3",42,"10,6","1,76","9,29",6
18/05/2026 19:07,"24,3",42,"10,6","1,76","9,29",3
18/05/2026 19:22,"24,3",42,"10,6","1,76","9,29",1
18/05/2026 19:37,"24,3",42,"10,6","1,76","9,29",1
18/05/2026 19:52,"24,3",42,"10,6","1,76","9,29",6
18/05/2026 20:07,"24,3",42,"10,6","1,76","9,29",3
18/05/2026 20:22,"24,3",42,"10,6","1,76","9,29",6
18/05/2026 20:37,"24,1",42,"10,4","1,74","9,19",6
18/05/2026 20:52,"24,1",42,"10,4","1,74","9,19",1
18/05/2026 21:07,"24,1",42,"10,4","1,74","9,19",1
18/05/2026 21:22,"23,9",41,"9,8","1,75","8,87",1
18/05/2026 21:37,"23,9",41,"9,8","1,75","8,87",1
18/05/2026 21:52,"23,5",41,"9,5","1,71","8,67",1
18/05/2026 22:07,"23,5",41,"9,5","1,71","8,67",1
18/05/2026 22:22,"23,3",41,"9,3","1,69","8,57",1
18/05/2026 22:37,"23,3",41,"9,3","1,69","8,57",1
18/05/2026 22:52,"23,3",41,"9,3","1,69","8,57",1
18/05/2026 23:07,"23,3",41,"9,3","1,69","8,57",1
18/05/2026 23:22,"23,3",41,"9,3","1,69","8,57",1
18/05/2026 23:37,"23,3",41,"9,3","1,69","8,57",1
18/05/2026 23:52,"23,3",41,"9,3","1,69","8,57",1
19/05/2026 00:07,"23,4",43,"10,1","1,64","9,04",1
19/05/2026 00:22,"23,4",43,"10,1","1,64","9,04",1
19/05/2026 00:37,"23,4",43,"10,1","1,64","9,04",1
19/05/2026 00:52,"23,4",43,"10,1","1,64","9,04",1
19/05/2026 01:07,"23,2",43,"9,9","1,62","8,94",1
19/05/2026 01:22,"23,2",43,"9,9","1,62","8,94",1
19/05/2026 01:37,"23,2",43,"9,9","1,62","8,94",1
19/05/2026 01:52,"23,2",43,"9,9","1,62","8,94",1
19/05/2026 02:07,"23,2",43,"9,9","1,62","8,94",1
19/05/2026 02:22,"23,2",43,"9,9","1,62","8,94",1
19/05/2026 02:37,"23,2",43,"9,9","1,62","8,94",1
19/05/2026 02:52,"23,2",43,"9,9","1,62","8,94",1
19/05/2026 03:07,"23,2",43,"9,9","1,62","8,94",1
19/05/2026 03:22,"23,2",43,"9,9","1,62","8,94",1
19/05/2026 03:37,"23,2",43,"9,9","1,62","8,94",1
19/05/2026 03:52,"23,0",43,"9,7","1,60","8,84",1
19/05/2026 04:07,"23,0",43,"9,7","1,60","8,84",1
19/05/2026 04:22,"23,0",43,"9,7","1,60","8,84",1
19/05/2026 04:37,"23,0",43,"9,7","1,60","8,84",1
19/05/2026 04:52,"23,0",43,"9,7","1,60","8,84",1
19/05/2026 05:07,"23,0",43,"9,7","1,60","8,84",1
19/05/2026 05:22,"23,0",43,"9,7","1,60","8,84",1
19/05/2026 05:37,"23,0",43,"9,7","1,60","8,84",1
19/05/2026 05:52,"23,0",43,"9,7","1,60","8,84",1
19/05/2026 06:07,"23,0",43,"9,7","1,60","8,84",1
19/05/2026 06:22,"23,0",43,"9,7","1,60","8,84",2
19/05/2026 06:37,"23,0",43,"9,7","1,60","8,84",8
19/05/2026 06:52,"23,0",43,"9,7","1,60","8,84",11
19/05/2026 07:07,"23,2",43,"9,9","1,62","8,94",9
19/05/2026 07:22,"23,2",43,"9,9","1,62","8,94",11
19/05/2026 07:37,"23,2",43,"9,9","1,62","8,94",11
19/05/2026 07:52,"23,2",43,"9,9","1,62","8,94",12
19/05/2026 08:07,"23,4",43,"10,1","1,64","9,04",12
19/05/2026 08:22,"23,4",43,"10,1","1,64","9,04",12
19/05/2026 08:37,"23,4",43,"10,1","1,64","9,04",12
19/05/2026 08:52,"23,4",43,"10,1","1,64","9,04",12
19/05/2026 09:07,"23,4",43,"10,1","1,64","9,04",12
19/05/2026 09:22,"23,4",43,"10,1","1,64","9,04",12
19/05/2026 09:37,"23,4",43,"10,1","1,64","9,04",11
19/05/2026 09:52,"23,4",43,"10,1","1,64","9,04",11
19/05/2026 10:07,"23,4",43,"10,1","1,64","9,04",11
19/05/2026 10:22,"23,4",43,"10,1","1,64","9,04",11
19/05/2026 10:37,"23,4",43,"10,1","1,64","9,04",11
19/05/2026 10:52,"23,4",43,"10,1","1,64","9,04",11
19/05/2026 11:07,"23,4",43,"10,1","1,64","9,04",12
19/05/2026 11:22,"23,6",43,"10,3","1,66","9,15",12
19/05/2026 11:37,"23,6",43,"10,3","1,66","9,15",12
19/05/2026 11:52,"23,6",43,"10,3","1,66","9,15",12
19/05/2026 12:07,"23,6",43,"10,3","1,66","9,15",12
19/05/2026 12:22,"23,6",43,"10,3","1,66","9,15",12
19/05/2026 12:37,"23,6",43,"10,3","1,66","9,15",12
19/05/2026 12:52,"23,6",43,"10,3","1,66","9,15",12
19/05/2026 13:07,"23,6",43,"10,3","1,66","9,15",12
19/05/2026 13:22,"23,6",43,"10,3","1,66","9,15",12
19/05/2026 13:37,"23,6",43,"10,3","1,66","9,15",12
19/05/2026 13:52,"23,6",43,"10,3","1,66","9,15",12
19/05/2026 14:07,"23,6",43,"10,3","1,66","9,15",12
19/05/2026 14:22,"23,6",43,"10,3","1,66","9,15",11
19/05/2026 14:37,"23,6",43,"10,3","1,66","9,15",12
19/05/2026 14:52,"23,6",43,"10,3","1,66","9,15",12
19/05/2026 15:07,"23,6",43,"10,3","1,66","9,15",12
19/05/2026 15:22,"23,6",43,"10,3","1,66","9,15",12
19/05/2026 15:37,"23,6",43,"10,3","1,66","9,15",12
19/05/2026 15:52,"23,6",43,"10,3","1,66","9,15",12
19/05/2026 16:07,"23,6",43,"10,3","1,66","9,15",12
19/05/2026 16:22,"23,6",43,"10,3","1,66","9,15",12
19/05/2026 16:37,"23,6",43,"10,3","1,66","9,15",12
19/05/2026 16:52,"23,6",43,"10,3","1,66","9,15",12
19/05/2026 17:07,"23,6",43,"10,3","1,66","9,15",12
19/05/2026 17:22,"23,6",43,"10,3","1,66","9,15",12
19/05/2026 17:37,"23,8",43,"10,5","1,68","9,25",12
19/05/2026 17:52,"23,8",43,"10,5","1,68","9,25",12
19/05/2026 18:07,"23,8",43,"10,5","1,68","9,25",11
19/05/2026 18:22,"23,8",43,"10,5","1,68","9,25",9
19/05/2026 18:37,"23,8",43,"10,5","1,68","9,25",5
19/05/2026 18:52,"23,6",43,"10,3","1,66","9,15",5
19/05/2026 19:07,"23,6",43,"10,3","1,66","9,15",5
19/05/2026 19:22,"23,6",43,"10,3","1,66","9,15",5
19/05/2026 19:37,"23,8",43,"10,5","1,68","9,25",10
19/05/2026 19:52,"23,8",43,"10,5","1,68","9,25",11
19/05/2026 20:07,"23,8",43,"10,5","1,68","9,25",13
19/05/2026 20:22,"24,0",44,"11,0","1,67","9,57",5
19/05/2026 20:37,"24,0",44,"11,0","1,67","9,57",3
19/05/2026 20:52,"24,0",44,"11,0","1,67","9,57",1
19/05/2026 21:07,"24,0",44,"11,0","1,67","9,57",1
19/05/2026 21:22,"24,0",44,"11,0","1,67","9,57",1
19/05/2026 21:37,"24,0",44,"11,0","1,67","9,57",1
19/05/2026 21:52,"24,0",44,"11,0","1,67","9,57",1
19/05/2026 22:07,"24,0",44,"11,0","1,67","9,57",1
19/05/2026 22:22,"24,0",44,"11,0","1,67","9,57",1
19/05/2026 22:37,"24,0",44,"11,0","1,67","9,57",1
20/05/2026 07:22,"23,2",45,"10,6","1,56","9,36",11
20/05/2026 07:37,"23,4",45,"10,8","1,58","9,46",11
20/05/2026 07:52,"23,6",45,"11,0","1,60","9,57",11
20/05/2026 08:07,"23,8",45,"11,1","1,62","9,68",12
20/05/2026 08:22,"23,8",45,"11,1","1,62","9,68",12
20/05/2026 08:37,"23,8",45,"11,1","1,62","9,68",11
20/05/2026 08:52,"24,0",46,"11,7","1,61","10,01",11
20/05/2026 09:07,"24,0",46,"11,7","1,61","10,01",11
20/05/2026 09:22,"24,0",46,"11,7","1,61","10,01",11
20/05/2026 09:37,"24,0",46,"11,7","1,61","10,01",11
20/05/2026 09:52,"24,0",46,"11,7","1,61","10,01",11
20/05/2026 10:07,"24,0",46,"11,7","1,61","10,01",11
20/05/2026 10:22,"24,0",46,"11,7","1,61","10,01",11
20/05/2026 10:37,"24,0",46,"11,7","1,61","10,01",11
20/05/2026 10:52,"24,0",46,"11,7","1,61","10,01",11
20/05/2026 11:07,"24,0",46,"11,7","1,61","10,01",11
20/05/2026 11:22,"24,0",46,"11,7","1,61","10,01",11
20/05/2026 11:37,"24,0",46,"11,7","1,61","10,01",11
20/05/2026 11:52,"24,0",46,"11,7","1,61","10,01",11
20/05/2026 12:07,"24,0",46,"11,7","1,61","10,01",12
20/05/2026 12:22,"24,0",46,"11,7","1,61","10,01",12
20/05/2026 12:37,"24,0",46,"11,7","1,61","10,01",12
20/05/2026 12:52,"24,0",46,"11,7","1,61","10,01",11
20/05/2026 13:07,"24,0",46,"11,7","1,61","10,01",11
20/05/2026 13:22,"24,0",46,"11,7","1,61","10,01",11
20/05/2026 13:37,"24,0",46,"11,7","1,61","10,01",11
20/05/2026 13:52,"24,0",46,"11,7","1,61","10,01",11
20/05/2026 14:07,"24,0",46,"11,7","1,61","10,01",11
20/05/2026 14:22,"24,0",46,"11,7","1,61","10,01",11
20/05/2026 14:37,"24,0",46,"11,7","1,61","10,01",11
20/05/2026 14:52,"24,0",46,"11,7","1,61","10,01",12
20/05/2026 15:07,"24,2",46,"11,8","1,63","10,12",12
20/05/2026 15:22,"24,2",46,"11,8","1,63","10,12",12
20/05/2026 15:37,"24,2",46,"11,8","1,63","10,12",12
20/05/2026 15:52,"24,2",46,"11,8","1,63","10,12",12
20/05/2026 16:07,"24,2",46,"11,8","1,63","10,12",12
20/05/2026 16:22,"24,2",46,"11,8","1,63","10,12",12
20/05/2026 16:37,"24,2",46,"11,8","1,63","10,12",11
20/05/2026 16:52,"24,2",46,"11,8","1,63","10,12",12
20/05/2026 17:07,"24,2",46,"11,8","1,63","10,12",12
20/05/2026 17:22,"24,2",46,"11,8","1,63","10,12",12
20/05/2026 17:37,"24,2",46,"11,8","1,63","10,12",11
20/05/2026 17:52,"24,2",46,"11,8","1,63","10,12",7
20/05/2026 18:07,"24,2",46,"11,8","1,63","10,12",8
20/05/2026 18:22,"24,2",46,"11,8","1,63","10,12",6
20/05/2026 18:37,"24,2",46,"11,8","1,63","10,12",9
20/05/2026 18:52,"24,2",46,"11,8","1,63","10,12",13
20/05/2026 19:07,"24,2",46,"11,8","1,63","10,12",13
20/05/2026 19:22,"24,2",46,"11,8","1,63","10,12",13
20/05/2026 19:37,"24,4",45,"11,7","1,68","10,01",13
20/05/2026 19:52,"24,4",45,"11,7","1,68","10,01",13
20/05/2026 20:07,"24,6",45,"11,9","1,70","10,13",13
20/05/2026 20:22,"24,6",45,"11,9","1,70","10,13",13
20/05/2026 20:37,"24,6",45,"11,9","1,70","10,13",12
20/05/2026 20:52,"24,6",45,"11,9","1,70","10,13",2
20/05/2026 21:07,"24,6",45,"11,9","1,70","10,13",1
20/05/2026 21:22,"24,4",46,"12,0","1,65","10,24",1
20/05/2026 21:37,"24,4",46,"12,0","1,65","10,24",1
20/05/2026 21:52,"24,4",46,"12,0","1,65","10,24",1
20/05/2026 22:07,"24,2",46,"11,8","1,63","10,12",1
20/05/2026 22:22,"24,2",46,"11,8","1,63","10,12",1
20/05/2026 22:37,"24,2",46,"11,8","1,63","10,12",1
20/05/2026 22:52,"24,2",46,"11,8","1,63","10,12",1
20/05/2026 23:07,"24,2",46,"11,8","1,63","10,12",1
20/05/2026 23:22,"24,2",46,"11,8","1,63","10,12",1
20/05/2026 23:37,"24,2",46,"11,8","1,63","10,12",1
20/05/2026 23:52,"24,2",46,"11,8","1,63","10,12",1
21/05/2026 00:07,"24,2",46,"11,8","1,63","10,12",1
21/05/2026 00:22,"24,0",46,"11,7","1,61","10,01",1
21/05/2026 00:37,"24,0",46,"11,7","1,61","10,01",1
21/05/2026 00:52,"24,0",46,"11,7","1,61","10,01",1
21/05/2026 01:07,"24,0",46,"11,7","1,61","10,01",1
21/05/2026 01:22,"24,0",46,"11,7","1,61","10,01",1
21/05/2026 01:37,"24,0",46,"11,7","1,61","10,01",1
21/05/2026 01:52,"24,0",46,"11,7","1,61","10,01",1
21/05/2026 02:07,"24,0",46,"11,7","1,61","10,01",1
21/05/2026 02:22,"24,0",46,"11,7","1,61","10,01",1
21/05/2026 02:37,"24,0",46,"11,7","1,61","10,01",1
21/05/2026 02:52,"24,0",46,"11,7","1,61","10,01",1
21/05/2026 03:07,"24,0",46,"11,7","1,61","10,01",1
21/05/2026 03:22,"24,0",46,"11,7","1,61","10,01",1
21/05/2026 03:37,"24,0",46,"11,7","1,61","10,01",1
21/05/2026 03:52,"24,0",46,"11,7","1,61","10,01",1
21/05/2026 04:07,"24,0",46,"11,7","1,61","10,01",1
21/05/2026 04:22,"24,0",46,"11,7","1,61","10,01",1
21/05/2026 04:37,"24,0",46,"11,7","1,61","10,01",1
21/05/2026 04:52,"24,0",46,"11,7","1,61","10,01",1
21/05/2026 05:07,"24,0",46,"11,7","1,61","10,01",1
21/05/2026 05:22,"24,0",46,"11,7","1,61","10,01",1
21/05/2026 05:37,"24,0",46,"11,7","1,61","10,01",1
21/05/2026 05:52,"24,0",46,"11,7","1,61","10,01",1
21/05/2026 06:07,"24,0",46,"11,7","1,61","10,01",1
21/05/2026 06:22,"24,0",46,"11,7","1,61","10,01",1
21/05/2026 06:37,"24,0",46,"11,7","1,61","10,01",11
21/05/2026 06:52,"24,0",46,"11,7","1,61","10,01",11
21/05/2026 07:07,"24,0",46,"11,7","1,61","10,01",11
21/05/2026 07:22,"24,0",46,"11,7","1,61","10,01",11
21/05/2026 07:37,"24,0",46,"11,7","1,61","10,01",11
21/05/2026 07:52,"24,2",46,"11,8","1,63","10,12",11
21/05/2026 08:07,"24,2",46,"11,8","1,63","10,12",11
21/05/2026 08:22,"24,3",48,"12,6","1,58","10,62",11
21/05/2026 08:37,"24,3",48,"12,6","1,58","10,62",11
21/05/2026 08:52,"24,3",48,"12,6","1,58","10,62",11
21/05/2026 09:07,"24,3",48,"12,6","1,58","10,62",10
21/05/2026 09:22,"24,3",48,"12,6","1,58","10,62",10
21/05/2026 09:37,"24,3",48,"12,6","1,58","10,62",9
21/05/2026 09:52,"24,3",48,"12,6","1,58","10,62",9
21/05/2026 10:07,"24,3",48,"12,6","1,58","10,62",9
21/05/2026 10:22,"24,3",48,"12,6","1,58","10,62",9
21/05/2026 10:37,"24,3",48,"12,6","1,58","10,62",9
21/05/2026 10:52,"24,3",48,"12,6","1,58","10,62",8
21/05/2026 11:07,"24,3",48,"12,6","1,58","10,62",9
21/05/2026 11:22,"24,3",48,"12,6","1,58","10,62",9
21/05/2026 11:37,"24,3",48,"12,6","1,58","10,62",9
21/05/2026 11:52,"24,3",48,"12,6","1,58","10,62",9
21/05/2026 12:07,"24,3",48,"12,6","1,58","10,62",9
21/05/2026 12:22,"24,3",48,"12,6","1,58","10,62",9
21/05/2026 12:37,"24,3",48,"12,6","1,58","10,62",11
21/05/2026 12:52,"24,3",48,"12,6","1,58","10,62",11
21/05/2026 13:07,"24,3",48,"12,6","1,58","10,62",11
21/05/2026 13:22,"24,3",48,"12,6","1,58","10,62",11
21/05/2026 13:37,"24,3",48,"12,6","1,58","10,62",11
21/05/2026 13:52,"24,3",48,"12,6","1,58","10,62",11
21/05/2026 14:07,"24,3",48,"12,6","1,58","10,62",11
21/05/2026 14:22,"24,3",48,"12,6","1,58","10,62",11
21/05/2026 14:37,"24,3",48,"12,6","1,58","10,62",11
21/05/2026 14:52,"24,3",48,"12,6","1,58","10,62",11
21/05/2026 15:07,"24,3",48,"12,6","1,58","10,62",12
21/05/2026 15:22,"24,3",48,"12,6","1,58","10,62",12
21/05/2026 15:37,"24,3",48,"12,6","1,58","10,62",12
21/05/2026 15:52,"24,3",48,"12,6","1,58","10,62",12
21/05/2026 16:07,"24,3",48,"12,6","1,58","10,62",12
21/05/2026 16:22,"24,3",48,"12,6","1,58","10,62",12
21/05/2026 16:37,"24,3",48,"12,6","1,58","10,62",12
21/05/2026 16:52,"24,5",48,"12,8","1,60","10,74",12
21/05/2026 17:07,"24,5",48,"12,8","1,60","10,74",12
21/05/2026 17:22,"24,5",48,"12,8","1,60","10,74",12
21/05/2026 17:37,"24,5",48,"12,8","1,60","10,74",12
21/05/2026 17:52,"24,5",48,"12,8","1,60","10,74",12
21/05/2026 18:07,"24,5",48,"12,8","1,60","10,74",12
21/05/2026 18:22,"24,5",48,"12,8","1,60","10,74",12
21/05/2026 18:37,"24,6",50,"13,5","1,55","11,25",12
21/05/2026 18:52,"24,8",51,"14,0","1,53","11,61",12
21/05/2026 19:07,"24,8",51,"14,0","1,53","11,61",12
21/05/2026 19:22,"24,8",51,"14,0","1,53","11,61",12
21/05/2026 19:37,"24,8",51,"14,0","1,53","11,61",12
21/05/2026 19:52,"24,8",51,"14,0","1,53","11,61",12
21/05/2026 20:07,"24,8",51,"14,0","1,53","11,61",13
21/05/2026 20:22,"24,8",51,"14,0","1,53","11,61",13
21/05/2026 20:37,"24,9",49,"13,4","1,61","11,22",13
21/05/2026 20:52,"24,9",49,"13,4","1,61","11,22",2
21/05/2026 21:07,"24,9",49,"13,4","1,61","11,22",1
21/05/2026 21:22,"24,9",49,"13,4","1,61","11,22",1
21/05/2026 21:37,"24,7",50,"13,6","1,56","11,32",1
21/05/2026 21:52,"24,7",50,"13,6","1,56","11,32",1
21/05/2026 22:07,"24,7",50,"13,6","1,56","11,32",1
21/05/2026 22:22,"24,7",50,"13,6","1,56","11,32",1
21/05/2026 22:37,"24,7",50,"13,6","1,56","11,32",1
21/05/2026 22:52,"24,7",50,"13,6","1,56","11,32",1
21/05/2026 23:07,"24,5",49,"13,1","1,57","10,97",1
21/05/2026 23:22,"24,5",49,"13,1","1,57","10,97",1
21/05/2026 23:37,"24,5",49,"13,1","1,57","10,97",1
21/05/2026 23:52,"24,5",49,"13,1","1,57","10,97",1
22/05/2026 00:07,"24,5",49,"13,1","1,57","10,97",1
22/05/2026 00:22,"24,5",49,"13,1","1,57","10,97",1
22/05/2026 00:37,"24,5",49,"13,1","1,57","10,97",1
22/05/2026 00:52,"24,5",49,"13,1","1,57","10,97",1
22/05/2026 01:07,"24,5",49,"13,1","1,57","10,97",1
22/05/2026 01:22,"24,5",49,"13,1","1,57","10,97",1
22/05/2026 01:37,"24,5",49,"13,1","1,57","10,97",1
22/05/2026 01:52,"24,5",49,"13,1","1,57","10,97",1
22/05/2026 02:07,"24,5",49,"13,1","1,57","10,97",1
22/05/2026 02:22,"24,5",49,"13,1","1,57","10,97",1
22/05/2026 02:37,"24,5",49,"13,1","1,57","10,97",1
22/05/2026 02:52,"24,5",49,"13,1","1,57","10,97",1
22/05/2026 03:07,"24,5",49,"13,1","1,57","10,97",1
22/05/2026 03:22,"24,5",49,"13,1","1,57","10,97",1
22/05/2026 03:37,"24,5",49,"13,1","1,57","10,97",1
22/05/2026 03:52,"24,5",49,"13,1","1,57","10,97",1
22/05/2026 04:07,"24,5",49,"13,1","1,57","10,97",1
22/05/2026 04:22,"24,5",49,"13,1","1,57","10,97",1
22/05/2026 04:37,"24,5",49,"13,1","1,57","10,97",1
22/05/2026 04:52,"24,5",49,"13,1","1,57","10,97",1
22/05/2026 05:07,"24,5",49,"13,1","1,57","10,97",1
22/05/2026 05:22,"24,5",49,"13,1","1,57","10,97",1
22/05/2026 05:37,"24,3",48,"12,6","1,58","10,62",1
22/05/2026 05:52,"24,3",48,"12,6","1,58","10,62",1
22/05/2026 06:07,"24,3",48,"12,6","1,58","10,62",1
22/05/2026 06:22,"24,3",48,"12,6","1,58","10,62",1
22/05/2026 06:37,"24,3",48,"12,6","1,58","10,62",11
22/05/2026 06:52,"24,3",48,"12,6","1,58","10,62",11
22/05/2026 07:07,"24,5",48,"12,8","1,60","10,74",11
22/05/2026 07:22,"24,5",48,"12,8","1,60","10,74",11
22/05/2026 07:37,"24,5",48,"12,8","1,60","10,74",11
22/05/2026 07:52,"24,7",48,"12,9","1,62","10,86",11
22/05/2026 08:07,"24,7",48,"12,9","1,62","10,86",11
22/05/2026 08:22,"24,7",48,"12,9","1,62","10,86",11
22/05/2026 08:37,"24,7",48,"12,9","1,62","10,86",11
22/05/2026 08:52,"24,7",48,"12,9","1,62","10,86",10
22/05/2026 09:07,"24,7",48,"12,9","1,62","10,86",9
22/05/2026 09:22,"24,7",48,"12,9","1,62","10,86",8
22/05/2026 09:37,"24,7",48,"12,9","1,62","10,86",7
22/05/2026 09:52,"24,7",48,"12,9","1,62","10,86",7
22/05/2026 10:07,"24,7",48,"12,9","1,62","10,86",7
22/05/2026 10:22,"24,7",48,"12,9","1,62","10,86",7
22/05/2026 10:37,"24,7",48,"12,9","1,62","10,86",7
22/05/2026 10:52,"24,7",48,"12,9","1,62","10,86",7
22/05/2026 11:07,"24,7",48,"12,9","1,62","10,86",7
22/05/2026 11:22,"24,7",48,"12,9","1,62","10,86",7
22/05/2026 11:37,"24,7",48,"12,9","1,62","10,86",7
22/05/2026 11:52,"24,7",48,"12,9","1,62","10,86",7
22/05/2026 12:07,"24,7",48,"12,9","1,62","10,86",7
22/05/2026 12:22,"24,7",48,"12,9","1,62","10,86",8
22/05/2026 12:37,"24,7",48,"12,9","1,62","10,86",8
22/05/2026 12:52,"24,7",48,"12,9","1,62","10,86",8
22/05/2026 13:07,"24,7",48,"12,9","1,62","10,86",8
22/05/2026 13:22,"24,7",48,"12,9","1,62","10,86",9
22/05/2026 13:37,"24,7",48,"12,9","1,62","10,86",9
22/05/2026 13:52,"24,7",48,"12,9","1,62","10,86",9
22/05/2026 14:07,"24,7",48,"12,9","1,62","10,86",9
22/05/2026 14:22,"24,7",48,"12,9","1,62","10,86",9
22/05/2026 14:37,"24,7",48,"12,9","1,62","10,86",9
22/05/2026 14:52,"24,7",48,"12,9","1,62","10,86",10
22/05/2026 15:07,"24,7",48,"12,9","1,62","10,86",11
22/05/2026 15:22,"24,7",48,"12,9","1,62","10,86",11
22/05/2026 15:37,"24,7",48,"12,9","1,62","10,86",11
22/05/2026 15:52,"24,7",48,"12,9","1,62","10,86",10
22/05/2026 16:07,"24,7",48,"12,9","1,62","10,86",11
22/05/2026 16:22,"24,7",48,"12,9","1,62","10,86",11
22/05/2026 16:37,"24,7",48,"12,9","1,62","10,86",11
22/05/2026 16:52,"24,7",48,"12,9","1,62","10,86",11
22/05/2026 17:07,"24,7",48,"12,9","1,62","10,86",11
22/05/2026 17:22,"24,7",48,"12,9","1,62","10,86",11
22/05/2026 17:37,"24,7",48,"12,9","1,62","10,86",11
22/05/2026 17:52,"24,7",48,"12,9","1,62","10,86",11
22/05/2026 18:07,"24,7",48,"12,9","1,62","10,86",11
22/05/2026 18:22,"24,7",48,"12,9","1,62","10,86",11
22/05/2026 18:37,"24,7",48,"12,9","1,62","10,86",11
22/05/2026 18:52,"24,9",47,"12,8","1,67","10,76",12
22/05/2026 19:07,"24,9",47,"12,8","1,67","10,76",12
22/05/2026 19:22,"24,9",47,"12,8","1,67","10,76",12
22/05/2026 19:37,"24,9",47,"12,8","1,67","10,76",12
22/05/2026 19:52,"24,9",47,"12,8","1,67","10,76",12
22/05/2026 20:07,"24,9",47,"12,8","1,67","10,76",12
22/05/2026 20:22,"24,9",47,"12,8","1,67","10,76",12
22/05/2026 20:37,"24,9",47,"12,8","1,67","10,76",5
22/05/2026 20:52,"24,9",47,"12,8","1,67","10,76",2
22/05/2026 21:07,"24,9",47,"12,8","1,67","10,76",1
22/05/2026 21:22,"24,9",47,"12,8","1,67","10,76",1
22/05/2026 21:37,"24,9",47,"12,8","1,67","10,76",1
22/05/2026 21:52,"24,9",47,"12,8","1,67","10,76",1
22/05/2026 22:07,"24,9",47,"12,8","1,67","10,76",1
22/05/2026 22:22,"24,9",47,"12,8","1,67","10,76",1
22/05/2026 22:37,"24,7",46,"12,3","1,68","10,41",1
22/05/2026 22:52,"24,7",46,"12,3","1,68","10,41",1
22/05/2026 23:07,"24,7",46,"12,3","1,68","10,41",1
22/05/2026 23:22,"24,7",46,"12,3","1,68","10,41",1
22/05/2026 23:37,"24,7",46,"12,3","1,68","10,41",1
22/05/2026 23:52,"24,7",46,"12,3","1,68","10,41",1
23/05/2026 00:07,"24,7",46,"12,3","1,68","10,41",1
23/05/2026 00:22,"24,7",46,"12,3","1,68","10,41",1
23/05/2026 00:37,"24,7",46,"12,3","1,68","10,41",1
23/05/2026 00:52,"24,7",46,"12,3","1,68","10,41",1
23/05/2026 01:07,"24,7",46,"12,3","1,68","10,41",1
23/05/2026 01:22,"24,7",46,"12,3","1,68","10,41",1
23/05/2026 01:37,"24,7",46,"12,3","1,68","10,41",1
23/05/2026 01:52,"24,7",48,"12,9","1,62","10,86",1
23/05/2026 02:07,"24,7",48,"12,9","1,62","10,86",1
23/05/2026 02:22,"24,7",48,"12,9","1,62","10,86",1
23/05/2026 02:37,"24,7",48,"12,9","1,62","10,86",1
23/05/2026 02:52,"24,7",48,"12,9","1,62","10,86",1
23/05/2026 03:07,"24,7",48,"12,9","1,62","10,86",1
23/05/2026 03:22,"24,7",48,"12,9","1,62","10,86",1
23/05/2026 03:37,"24,7",48,"12,9","1,62","10,86",1
23/05/2026 03:52,"24,7",48,"12,9","1,62","10,86",1
23/05/2026 04:07,"24,7",48,"12,9","1,62","10,86",1
23/05/2026 04:22,"24,7",48,"12,9","1,62","10,86",1
23/05/2026 04:37,"24,7",48,"12,9","1,62","10,86",1
23/05/2026 04:52,"24,7",48,"12,9","1,62","10,86",1
23/05/2026 05:07,"24,7",48,"12,9","1,62","10,86",1
23/05/2026 05:22,"24,7",48,"12,9","1,62","10,86",1
23/05/2026 05:37,"24,7",48,"12,9","1,62","10,86",1
23/05/2026 05:52,"24,7",48,"12,9","1,62","10,86",1
23/05/2026 06:07,"24,7",48,"12,9","1,62","10,86",1
23/05/2026 06:22,"24,7",48,"12,9","1,62","10,86",4
23/05/2026 06:37,"24,7",48,"12,9","1,62","10,86",5
23/05/2026 06:52,"24,7",48,"12,9","1,62","10,86",11
23/05/2026 07:07,"24,7",48,"12,9","1,62","10,86",11
23/05/2026 07:22,"24,7",48,"12,9","1,62","10,86",11
23/05/2026 07:37,"24,7",48,"12,9","1,62","10,86",11
23/05/2026 07:52,"24,9",48,"13,1","1,64","10,99",11
23/05/2026 08:07,"24,9",48,"13,1","1,64","10,99",11
23/05/2026 08:22,"24,9",48,"13,1","1,64","10,99",11
23/05/2026 08:37,"24,9",48,"13,1","1,64","10,99",11
23/05/2026 08:52,"24,9",48,"13,1","1,64","10,99",11
23/05/2026 09:07,"24,9",48,"13,1","1,64","10,99",10
23/05/2026 09:22,"24,9",48,"13,1","1,64","10,99",9
23/05/2026 09:37,"24,9",48,"13,1","1,64","10,99",8
23/05/2026 09:52,"24,9",48,"13,1","1,64","10,99",8
23/05/2026 10:07,"24,9",48,"13,1","1,64","10,99",7
23/05/2026 10:22,"24,9",48,"13,1","1,64","10,99",7
23/05/2026 10:37,"24,9",48,"13,1","1,64","10,99",7
23/05/2026 10:52,"24,9",48,"13,1","1,64","10,99",7
23/05/2026 11:07,"24,9",48,"13,1","1,64","10,99",7
23/05/2026 11:22,"24,9",48,"13,1","1,64","10,99",7
23/05/2026 11:37,"24,9",48,"13,1","1,64","10,99",8
23/05/2026 11:52,"24,9",48,"13,1","1,64","10,99",8
23/05/2026 12:07,"24,9",48,"13,1","1,64","10,99",8
23/05/2026 12:22,"24,9",48,"13,1","1,64","10,99",8
23/05/2026 12:37,"24,9",48,"13,1","1,64","10,99",9
23/05/2026 12:52,"24,9",48,"13,1","1,64","10,99",9
23/05/2026 13:07,"25,0",52,"14,5","1,52","11,97",9
23/05/2026 13:22,"25,0",52,"14,5","1,52","11,97",9
23/05/2026 13:37,"25,0",52,"14,5","1,52","11,97",10
23/05/2026 13:52,"25,0",52,"14,5","1,52","11,97",9
23/05/2026 14:07,"25,0",52,"14,5","1,52","11,97",9
23/05/2026 14:22,"25,0",52,"14,5","1,52","11,97",10
23/05/2026 14:37,"25,0",52,"14,5","1,52","11,97",10
23/05/2026 14:52,"25,0",52,"14,5","1,52","11,97",11
23/05/2026 15:07,"25,0",52,"14,5","1,52","11,97",11
23/05/2026 15:22,"25,0",52,"14,5","1,52","11,97",11
23/05/2026 15:37,"25,0",52,"14,5","1,52","11,97",11
23/05/2026 15:52,"25,0",52,"14,5","1,52","11,97",11
23/05/2026 16:07,"25,0",52,"14,5","1,52","11,97",11
23/05/2026 16:22,"25,0",52,"14,5","1,52","11,97",11
23/05/2026 16:37,"25,0",50,"13,9","1,58","11,51",11
23/05/2026 16:52,"25,0",50,"13,9","1,58","11,51",11
23/05/2026 17:07,"25,0",50,"13,9","1,58","11,51",11
23/05/2026 17:22,"25,0",50,"13,9","1,58","11,51",11
23/05/2026 17:37,"25,0",50,"13,9","1,58","11,51",11
23/05/2026 17:52,"25,0",50,"13,9","1,58","11,51",11
23/05/2026 18:07,"25,0",50,"13,9","1,58","11,51",11
23/05/2026 18:22,"25,0",50,"13,9","1,58","11,51",11
23/05/2026 18:37,"25,2",49,"13,7","1,63","11,41",11
23/05/2026 18:52,"25,2",49,"13,7","1,63","11,41",12
23/05/2026 19:07,"25,2",49,"13,7","1,63","11,41",12
23/05/2026 19:22,"25,2",49,"13,7","1,63","11,41",12
23/05/2026 19:37,"25,2",49,"13,7","1,63","11,41",12
23/05/2026 19:52,"25,4",48,"13,6","1,69","11,30",12
23/05/2026 20:07,"25,4",48,"13,6","1,69","11,30",13
23/05/2026 20:22,"25,4",48,"13,6","1,69","11,30",13
23/05/2026 20:37,"25,4",48,"13,6","1,69","11,30",13
23/05/2026 20:52,"25,4",48,"13,6","1,69","11,30",2
23/05/2026 21:07,"25,4",48,"13,6","1,69","11,30",1
23/05/2026 21:22,"25,4",48,"13,6","1,69","11,30",1
23/05/2026 21:37,"25,4",48,"13,6","1,69","11,30",1
23/05/2026 21:52,"25,2",48,"13,4","1,67","11,17",1
23/05/2026 22:07,"25,2",48,"13,4","1,67","11,17",1
23/05/2026 22:22,"25,2",48,"13,4","1,67","11,17",1
23/05/2026 22:37,"25,2",48,"13,4","1,67","11,17",1
23/05/2026 22:52,"25,2",48,"13,4","1,67","11,17",1
23/05/2026 23:07,"25,0",48,"13,2","1,65","11,05",1
23/05/2026 23:22,"25,0",48,"13,2","1,65","11,05",1
23/05/2026 23:37,"25,0",48,"13,2","1,65","11,05",1
23/05/2026 23:52,"25,0",48,"13,2","1,65","11,05",1
24/05/2026 00:07,"25,0",48,"13,2","1,65","11,05",1
24/05/2026 00:22,"25,0",48,"13,2","1,65","11,05",1
24/05/2026 00:37,"25,0",48,"13,2","1,65","11,05",1
24/05/2026 00:52,"25,0",48,"13,2","1,65","11,05",1
24/05/2026 01:07,"25,0",48,"13,2","1,65","11,05",1
24/05/2026 01:22,"25,0",48,"13,2","1,65","11,05",1
24/05/2026 01:37,"25,0",48,"13,2","1,65","11,05",1
24/05/2026 01:52,"25,0",48,"13,2","1,65","11,05",1
24/05/2026 02:07,"25,0",48,"13,2","1,65","11,05",1
24/05/2026 02:22,"25,0",48,"13,2","1,65","11,05",1
24/05/2026 02:37,"25,0",48,"13,2","1,65","11,05",1
24/05/2026 02:52,"25,0",48,"13,2","1,65","11,05",1
24/05/2026 03:07,"25,0",48,"13,2","1,65","11,05",1
24/05/2026 03:22,"25,0",48,"13,2","1,65","11,05",1
24/05/2026 03:37,"25,0",48,"13,2","1,65","11,05",1
24/05/2026 03:52,"25,0",48,"13,2","1,65","11,05",1
24/05/2026 04:07,"25,0",48,"13,2","1,65","11,05",1
24/05/2026 04:22,"25,0",48,"13,2","1,65","11,05",1
24/05/2026 04:37,"25,0",48,"13,2","1,65","11,05",1
24/05/2026 04:52,"25,0",48,"13,2","1,65","11,05",1
24/05/2026 05:07,"25,0",48,"13,2","1,65","11,05",1
24/05/2026 05:22,"25,0",48,"13,2","1,65","11,05",1
24/05/2026 05:37,"25,0",48,"13,2","1,65","11,05",1
24/05/2026 05:52,"25,0",48,"13,2","1,65","11,05",1
24/05/2026 06:07,"25,0",48,"13,2","1,65","11,05",1
24/05/2026 06:22,"25,0",48,"13,2","1,65","11,05",10
24/05/2026 06:37,"25,0",48,"13,2","1,65","11,05",11
24/05/2026 06:52,"25,0",48,"13,2","1,65","11,05",11
24/05/2026 07:07,"25,2",49,"13,7","1,63","11,41",11
24/05/2026 07:22,"25,2",49,"13,7","1,63","11,41",11
24/05/2026 07:37,"25,2",49,"13,7","1,63","11,41",11
24/05/2026 07:52,"25,2",49,"13,7","1,63","11,41",11
24/05/2026 08:07,"25,2",49,"13,7","1,63","11,41",11
24/05/2026 08:22,"25,4",49,"13,9","1,65","11,54",11
24/05/2026 08:37,"25,4",49,"13,9","1,65","11,54",11
24/05/2026 08:52,"25,4",49,"13,9","1,65","11,54",11
24/05/2026 09:07,"25,4",49,"13,9","1,65","11,54",10
24/05/2026 09:22,"25,4",49,"13,9","1,65","11,54",8
24/05/2026 09:37,"25,4",49,"13,9","1,65","11,54",8
24/05/2026 09:52,"25,4",49,"13,9","1,65","11,54",7
24/05/2026 10:07,"25,4",49,"13,9","1,65","11,54",7
24/05/2026 10:22,"25,4",49,"13,9","1,65","11,54",7
24/05/2026 10:37,"25,4",49,"13,9","1,65","11,54",7
24/05/2026 10:52,"25,4",49,"13,9","1,65","11,54",7
24/05/2026 11:07,"25,4",49,"13,9","1,65","11,54",7
24/05/2026 11:22,"25,4",49,"13,9","1,65","11,54",7
24/05/2026 11:37,"25,4",49,"13,9","1,65","11,54",7
24/05/2026 11:52,"25,4",49,"13,9","1,65","11,54",7
24/05/2026 12:07,"25,4",51,"14,5","1,59","12,01",8
24/05/2026 12:22,"25,4",51,"14,5","1,59","12,01",8
24/05/2026 12:37,"25,4",51,"14,5","1,59","12,01",8
24/05/2026 12:52,"25,4",51,"14,5","1,59","12,01",8
24/05/2026 13:07,"25,4",51,"14,5","1,59","12,01",9
24/05/2026 13:22,"25,4",51,"14,5","1,59","12,01",9
24/05/2026 13:37,"25,4",51,"14,5","1,59","12,01",10
24/05/2026 13:52,"25,4",51,"14,5","1,59","12,01",10
24/05/2026 14:07,"25,4",51,"14,5","1,59","12,01",10
24/05/2026 14:22,"25,4",51,"14,5","1,59","12,01",10
24/05/2026 14:37,"25,4",51,"14,5","1,59","12,01",10
24/05/2026 14:52,"25,4",51,"14,5","1,59","12,01",11
24/05/2026 15:07,"25,4",51,"14,5","1,59","12,01",11
24/05/2026 15:22,"25,4",51,"14,5","1,59","12,01",11
24/05/2026 15:37,"25,4",51,"14,5","1,59","12,01",11
24/05/2026 15:52,"25,4",51,"14,5","1,59","12,01",10
24/05/2026 16:07,"25,4",51,"14,5","1,59","12,01",10
24/05/2026 16:22,"25,4",51,"14,5","1,59","12,01",11
24/05/2026 16:37,"25,4",51,"14,5","1,59","12,01",11
24/05/2026 16:52,"25,4",51,"14,5","1,59","12,01",11
24/05/2026 17:07,"25,6",51,"14,7","1,61","12,14",11
24/05/2026 17:22,"25,6",51,"14,7","1,61","12,14",11
24/05/2026 17:37,"25,6",51,"14,7","1,61","12,14",11
24/05/2026 17:52,"25,6",51,"14,7","1,61","12,14",11
24/05/2026 18:07,"25,6",51,"14,7","1,61","12,14",11
24/05/2026 18:22,"25,6",51,"14,7","1,61","12,14",11
24/05/2026 18:37,"25,6",51,"14,7","1,61","12,14",11
24/05/2026 18:52,"25,6",51,"14,7","1,61","12,14",12
24/05/2026 19:07,"25,8",50,"14,6","1,66","12,04",12
24/05/2026 19:22,"25,8",50,"14,6","1,66","12,04",12
24/05/2026 19:37,"25,8",50,"14,6","1,66","12,04",12
24/05/2026 19:52,"25,8",50,"14,6","1,66","12,04",12
24/05/2026 20:07,"25,8",50,"14,6","1,66","12,04",13
24/05/2026 20:22,"25,8",50,"14,6","1,66","12,04",13
24/05/2026 20:37,"26,0",50,"14,8","1,68","12,17",13
24/05/2026 20:52,"26,0",50,"14,8","1,68","12,17",3
24/05/2026 21:07,"26,0",50,"14,8","1,68","12,17",1
24/05/2026 21:22,"25,8",49,"14,3","1,69","11,80",1
24/05/2026 21:37,"25,8",49,"14,3","1,69","11,80",1
24/05/2026 21:52,"25,8",49,"14,3","1,69","11,80",1
24/05/2026 22:07,"25,7",47,"13,5","1,75","11,25",1
24/05/2026 22:22,"25,7",47,"13,5","1,75","11,25",1
24/05/2026 22:37,"25,7",47,"13,5","1,75","11,25",1
24/05/2026 22:52,"25,7",47,"13,5","1,75","11,25",1
24/05/2026 23:07,"25,7",47,"13,5","1,75","11,25",1
24/05/2026 23:22,"25,7",47,"13,5","1,75","11,25",1
24/05/2026 23:37,"25,7",47,"13,5","1,75","11,25",1
24/05/2026 23:52,"25,7",47,"13,5","1,75","11,25",1
25/05/2026 00:07,"25,6",49,"14,1","1,67","11,67",1
25/05/2026 00:22,"25,6",49,"14,1","1,67","11,67",1
25/05/2026 00:37,"25,6",49,"14,1","1,67","11,67",1
25/05/2026 00:52,"25,6",49,"14,1","1,67","11,67",1
25/05/2026 01:07,"25,6",49,"14,1","1,67","11,67",1
25/05/2026 01:22,"25,6",49,"14,1","1,67","11,67",1
25/05/2026 01:37,"25,6",49,"14,1","1,67","11,67",1
25/05/2026 01:52,"25,6",49,"14,1","1,67","11,67",1
25/05/2026 02:07,"25,6",49,"14,1","1,67","11,67",1
25/05/2026 02:22,"25,6",49,"14,1","1,67","11,67",1
25/05/2026 02:37,"25,6",49,"14,1","1,67","11,67",1
25/05/2026 02:52,"25,6",49,"14,1","1,67","11,67",1
25/05/2026 03:07,"25,6",49,"14,1","1,67","11,67",1
25/05/2026 03:22,"25,6",49,"14,1","1,67","11,67",1
25/05/2026 03:37,"25,6",49,"14,1","1,67","11,67",1
25/05/2026 03:52,"25,6",49,"14,1","1,67","11,67",1
25/05/2026 04:07,"25,6",49,"14,1","1,67","11,67",1
25/05/2026 04:22,"25,4",49,"13,9","1,65","11,54",1
25/05/2026 04:37,"25,4",49,"13,9","1,65","11,54",1
25/05/2026 04:52,"25,4",49,"13,9","1,65","11,54",1
25/05/2026 05:07,"25,4",49,"13,9","1,65","11,54",1
25/05/2026 05:22,"25,4",49,"13,9","1,65","11,54",1
25/05/2026 05:37,"25,4",49,"13,9","1,65","11,54",1
25/05/2026 05:52,"25,4",49,"13,9","1,65","11,54",1
25/05/2026 06:07,"25,4",49,"13,9","1,65","11,54",1
25/05/2026 06:22,"25,4",49,"13,9","1,65","11,54",5
25/05/2026 06:37,"25,4",49,"13,9","1,65","11,54",11
25/05/2026 06:52,"25,4",49,"13,9","1,65","11,54",11
25/05/2026 07:07,"25,6",50,"14,4","1,64","11,90",11
25/05/2026 07:22,"25,6",50,"14,4","1,64","11,90",11
25/05/2026 07:37,"25,6",50,"14,4","1,64","11,90",11
25/05/2026 07:52,"25,6",50,"14,4","1,64","11,90",11
25/05/2026 08:07,"25,6",50,"14,4","1,64","11,90",11
25/05/2026 08:22,"25,8",50,"14,6","1,66","12,04",11
25/05/2026 08:37,"25,8",50,"14,6","1,66","12,04",11
25/05/2026 08:52,"25,8",50,"14,6","1,66","12,04",11
25/05/2026 09:07,"25,8",50,"14,6","1,66","12,04",11
25/05/2026 09:22,"25,8",50,"14,6","1,66","12,04",10
25/05/2026 09:37,"25,8",50,"14,6","1,66","12,04",10
25/05/2026 09:52,"25,8",50,"14,6","1,66","12,04",9
25/05/2026 10:07,"25,8",50,"14,6","1,66","12,04",9
25/05/2026 10:22,"25,8",50,"14,6","1,66","12,04",9
25/05/2026 10:37,"25,8",50,"14,6","1,66","12,04",9
25/05/2026 10:52,"25,8",50,"14,6","1,66","12,04",9
25/05/2026 11:07,"25,8",50,"14,6","1,66","12,04",9
25/05/2026 11:22,"25,8",52,"15,2","1,59","12,52",9
25/05/2026 11:37,"25,8",52,"15,2","1,59","12,52",9
25/05/2026 11:52,"25,8",52,"15,2","1,59","12,52",9
25/05/2026 12:07,"25,8",52,"15,2","1,59","12,52",10
25/05/2026 12:22,"25,8",52,"15,2","1,59","12,52",10
25/05/2026 12:37,"25,8",52,"15,2","1,59","12,52",10
25/05/2026 12:52,"25,8",52,"15,2","1,59","12,52",10
25/05/2026 13:07,"25,8",52,"15,2","1,59","12,52",10
25/05/2026 13:22,"25,8",52,"15,2","1,59","12,52",10
25/05/2026 13:37,"25,8",52,"15,2","1,59","12,52",11
25/05/2026 13:52,"25,8",52,"15,2","1,59","12,52",10
25/05/2026 14:07,"25,8",52,"15,2","1,59","12,52",11
25/05/2026 14:22,"25,8",52,"15,2","1,59","12,52",10
25/05/2026 14:37,"26,0",52,"15,4","1,61","12,66",11
25/05/2026 14:52,"26,0",52,"15,4","1,61","12,66",11
25/05/2026 15:07,"26,1",54,"16,1","1,56","13,22",11
25/05/2026 15:22,"26,1",54,"16,1","1,56","13,22",11
25/05/2026 15:37,"26,1",54,"16,1","1,56","13,22",11
25/05/2026 15:52,"26,1",54,"16,1","1,56","13,22",11
25/05/2026 16:07,"26,1",54,"16,1","1,56","13,22",11
25/05/2026 16:22,"26,1",54,"16,1","1,56","13,22",11
25/05/2026 16:37,"26,1",54,"16,1","1,56","13,22",11
25/05/2026 16:52,"26,1",54,"16,1","1,56","13,22",11
25/05/2026 17:07,"26,1",54,"16,1","1,56","13,22",11
25/05/2026 17:22,"26,1",54,"16,1","1,56","13,22",11
25/05/2026 17:37,"26,3",53,"16,0","1,61","13,12",11
25/05/2026 17:52,"26,3",53,"16,0","1,61","13,12",11
25/05/2026 18:07,"26,3",53,"16,0","1,61","13,12",11
25/05/2026 18:22,"26,3",53,"16,0","1,61","13,12",11
25/05/2026 18:37,"26,3",53,"16,0","1,61","13,12",11
25/05/2026 18:52,"26,3",53,"16,0","1,61","13,12",12
25/05/2026 19:07,"26,3",53,"16,0","1,61","13,12",12
25/05/2026 19:22,"26,5",54,"16,4","1,59","13,52",12
25/05/2026 19:37,"26,5",54,"16,4","1,59","13,52",12
25/05/2026 19:52,"26,5",52,"15,8","1,66","13,02",12
25/05/2026 20:07,"26,5",52,"15,8","1,66","13,02",12
25/05/2026 20:22,"26,5",52,"15,8","1,66","13,02",12
25/05/2026 20:37,"26,5",52,"15,8","1,66","13,02",12
25/05/2026 20:52,"26,5",52,"15,8","1,66","13,02",1
25/05/2026 21:07,"26,4",50,"15,1","1,72","12,45",1
25/05/2026 21:22,"26,4",50,"15,1","1,72","12,45",1
25/05/2026 21:37,"26,4",50,"15,1","1,72","12,45",1
25/05/2026 21:52,"26,4",50,"15,1","1,72","12,45",1
25/05/2026 22:07,"26,4",50,"15,1","1,72","12,45",1
25/05/2026 22:22,"26,4",50,"15,1","1,72","12,45",1
25/05/2026 22:37,"26,4",50,"15,1","1,72","12,45",1
25/05/2026 22:52,"26,4",50,"15,1","1,72","12,45",1
25/05/2026 23:07,"26,4",50,"15,1","1,72","12,45",1
25/05/2026 23:22,"26,2",49,"14,6","1,73","12,06",1
25/05/2026 23:37,"26,2",49,"14,6","1,73","12,06",1
25/05/2026 23:52,"26,2",49,"14,6","1,73","12,06",1
26/05/2026 00:07,"26,2",49,"14,6","1,73","12,06",1
26/05/2026 00:22,"26,2",49,"14,6","1,73","12,06",1
26/05/2026 00:37,"26,2",49,"14,6","1,73","12,06",1
26/05/2026 00:52,"26,2",49,"14,6","1,73","12,06",1
26/05/2026 01:07,"26,2",49,"14,6","1,73","12,06",1
26/05/2026 01:22,"26,1",51,"15,2","1,66","12,49",1
26/05/2026 01:37,"26,1",51,"15,2","1,66","12,49",1
26/05/2026 01:52,"26,1",51,"15,2","1,66","12,49",1
26/05/2026 02:07,"26,1",51,"15,2","1,66","12,49",1
26/05/2026 02:22,"26,1",51,"15,2","1,66","12,49",1
26/05/2026 02:37,"26,1",51,"15,2","1,66","12,49",1
26/05/2026 02:52,"26,1",51,"15,2","1,66","12,49",1
26/05/2026 03:07,"26,1",51,"15,2","1,66","12,49",1
26/05/2026 03:22,"26,1",51,"15,2","1,66","12,49",1
26/05/2026 03:37,"26,1",51,"15,2","1,66","12,49",1
26/05/2026 03:52,"26,1",51,"15,2","1,66","12,49",1
26/05/2026 04:07,"26,1",51,"15,2","1,66","12,49",1
26/05/2026 04:22,"26,1",51,"15,2","1,66","12,49",1
26/05/2026 04:37,"26,1",51,"15,2","1,66","12,49",1
26/05/2026 04:52,"26,1",51,"15,2","1,66","12,49",1
26/05/2026 05:07,"26,1",51,"15,2","1,66","12,49",1
26/05/2026 05:22,"26,1",51,"15,2","1,66","12,49",1
26/05/2026 05:37,"26,1",51,"15,2","1,66","12,49",1
26/05/2026 05:52,"25,9",52,"15,3","1,60","12,59",1
26/05/2026 06:07,"25,9",52,"15,3","1,60","12,59",1
26/05/2026 06:22,"25,9",52,"15,3","1,60","12,59",5
26/05/2026 06:37,"25,9",52,"15,3","1,60","12,59",9
26/05/2026 06:52,"25,9",52,"15,3","1,60","12,59",11
26/05/2026 07:07,"26,1",52,"15,5","1,62","12,73",11
26/05/2026 07:22,"26,1",52,"15,5","1,62","12,73",11
26/05/2026 07:37,"26,1",52,"15,5","1,62","12,73",11
26/05/2026 07:52,"26,1",52,"15,5","1,62","12,73",11
26/05/2026 08:07,"26,3",52,"15,7","1,64","12,87",11
26/05/2026 08:22,"26,3",52,"15,7","1,64","12,87",11
26/05/2026 08:37,"26,3",52,"15,7","1,64","12,87",11
26/05/2026 08:52,"26,3",52,"15,7","1,64","12,87",11
26/05/2026 09:07,"26,3",52,"15,7","1,64","12,87",11
26/05/2026 09:22,"26,3",52,"15,7","1,64","12,87",11
26/05/2026 09:37,"26,3",52,"15,7","1,64","12,87",9
26/05/2026 09:52,"26,3",52,"15,7","1,64","12,87",10
26/05/2026 10:07,"26,3",52,"15,7","1,64","12,87",9
26/05/2026 10:22,"26,3",52,"15,7","1,64","12,87",9
26/05/2026 10:37,"26,3",52,"15,7","1,64","12,87",7
26/05/2026 10:52,"26,3",52,"15,7","1,64","12,87",7
26/05/2026 11:07,"26,3",52,"15,7","1,64","12,87",7
26/05/2026 11:22,"26,3",52,"15,7","1,64","12,87",7
26/05/2026 11:37,"26,3",52,"15,7","1,64","12,87",7
26/05/2026 11:52,"26,3",52,"15,7","1,64","12,87",7
26/05/2026 12:07,"26,3",52,"15,7","1,64","12,87",7
26/05/2026 12:22,"26,3",52,"15,7","1,64","12,87",7
26/05/2026 12:37,"26,3",52,"15,7","1,64","12,87",8
26/05/2026 12:52,"26,3",52,"15,7","1,64","12,87",8
26/05/2026 13:07,"26,3",52,"15,7","1,64","12,87",8
26/05/2026 13:22,"26,3",52,"15,7","1,64","12,87",9
26/05/2026 13:37,"26,3",52,"15,7","1,64","12,87",9
26/05/2026 13:52,"26,3",52,"15,7","1,64","12,87",9
26/05/2026 14:07,"26,3",52,"15,7","1,64","12,87",9
26/05/2026 14:22,"26,3",52,"15,7","1,64","12,87",9
26/05/2026 14:37,"26,3",52,"15,7","1,64","12,87",9
26/05/2026 14:52,"26,3",52,"15,7","1,64","12,87",10
26/05/2026 15:07,"26,3",52,"15,7","1,64","12,87",11
26/05/2026 15:22,"26,3",52,"15,7","1,64","12,87",11
26/05/2026 15:37,"26,3",52,"15,7","1,64","12,87",11
26/05/2026 15:52,"26,3",52,"15,7","1,64","12,87",10
26/05/2026 16:07,"26,3",52,"15,7","1,64","12,87",10
26/05/2026 16:22,"26,3",52,"15,7","1,64","12,87",10
26/05/2026 16:37,"26,3",52,"15,7","1,64","12,87",10
26/05/2026 16:52,"26,3",52,"15,7","1,64","12,87",10
26/05/2026 17:07,"26,3",52,"15,7","1,64","12,87",4
26/05/2026 17:22,"26,3",50,"15,0","1,71","12,38",3
26/05/2026 17:37,"26,3",50,"15,0","1,71","12,38",2
26/05/2026 17:52,"26,3",50,"15,0","1,71","12,38",3
26/05/2026 18:07,"26,3",50,"15,0","1,71","12,38",7
26/05/2026 18:22,"26,3",50,"15,0","1,71","12,38",9
26/05/2026 18:37,"26,3",50,"15,0","1,71","12,38",9
26/05/2026 18:52,"26,5",51,"15,5","1,70","12,77",8
26/05/2026 19:07,"26,5",51,"15,5","1,70","12,77",7
26/05/2026 19:22,"26,5",51,"15,5","1,70","12,77",11
26/05/2026 19:37,"26,5",51,"15,5","1,70","12,77",12
26/05/2026 19:52,"26,7",52,"16,0","1,68","13,16",12
26/05/2026 20:07,"26,7",52,"16,0","1,68","13,16",12
26/05/2026 20:22,"26,7",52,"16,0","1,68","13,16",12
26/05/2026 20:37,"26,9",52,"16,2","1,70","13,31",7
26/05/2026 20:52,"26,9",52,"16,2","1,70","13,31",3
26/05/2026 21:07,"26,9",54,"16,8","1,63","13,82",1
26/05/2026 21:22,"26,9",54,"16,8","1,63","13,82",1
26/05/2026 21:37,"26,9",54,"16,8","1,63","13,82",1
26/05/2026 21:52,"26,7",54,"16,6","1,61","13,67",1
26/05/2026 22:07,"26,7",54,"16,6","1,61","13,67",1
26/05/2026 22:22,"26,7",54,"16,6","1,61","13,67",1
26/05/2026 22:37,"26,7",54,"16,6","1,61","13,67",1
26/05/2026 22:52,"26,7",54,"16,6","1,61","13,67",1
26/05/2026 23:07,"26,7",56,"17,2","1,54","14,17",1
26/05/2026 23:22,"26,8",58,"17,8","1,48","14,76",1
26/05/2026 23:37,"26,8",56,"17,3","1,55","14,25",1
26/05/2026 23:52,"26,6",56,"17,1","1,53","14,10",1
27/05/2026 00:07,"26,6",56,"17,1","1,53","14,10",1
27/05/2026 00:22,"26,6",56,"17,1","1,53","14,10",1
27/05/2026 00:37,"26,5",54,"16,4","1,59","13,52",1
27/05/2026 00:52,"26,5",54,"16,4","1,59","13,52",1
27/05/2026 01:07,"26,5",54,"16,4","1,59","13,52",1
27/05/2026 01:22,"26,5",54,"16,4","1,59","13,52",1
27/05/2026 01:37,"26,5",54,"16,4","1,59","13,52",1
27/05/2026 01:52,"26,5",54,"16,4","1,59","13,52",1
27/05/2026 02:07,"26,3",53,"16,0","1,61","13,12",1
27/05/2026 02:22,"26,3",53,"16,0","1,61","13,12",1
27/05/2026 02:37,"26,3",53,"16,0","1,61","13,12",1
27/05/2026 02:52,"26,3",53,"16,0","1,61","13,12",1
27/05/2026 03:07,"26,3",53,"16,0","1,61","13,12",1
27/05/2026 03:22,"26,3",53,"16,0","1,61","13,12",1
27/05/2026 03:37,"26,3",53,"16,0","1,61","13,12",1
27/05/2026 03:52,"26,3",53,"16,0","1,61","13,12",1
27/05/2026 04:07,"26,3",53,"16,0","1,61","13,12",1
27/05/2026 04:22,"26,3",53,"16,0","1,61","13,12",1
27/05/2026 04:37,"26,1",53,"15,8","1,59","12,98",1
27/05/2026 04:52,"26,1",53,"15,8","1,59","12,98",1
27/05/2026 05:07,"26,1",53,"15,8","1,59","12,98",1
27/05/2026 05:22,"26,1",53,"15,8","1,59","12,98",1
27/05/2026 05:37,"26,1",53,"15,8","1,59","12,98",1
27/05/2026 05:52,"26,1",53,"15,8","1,59","12,98",1
27/05/2026 06:07,"26,1",53,"15,8","1,59","12,98",1
27/05/2026 06:22,"26,1",53,"15,8","1,59","12,98",3
27/05/2026 06:37,"26,1",53,"15,8","1,59","12,98",8
27/05/2026 06:52,"26,1",53,"15,8","1,59","12,98",11
27/05/2026 07:07,"26,1",53,"15,8","1,59","12,98",6
27/05/2026 07:22,"26,1",53,"15,8","1,59","12,98",8
27/05/2026 07:37,"26,1",53,"15,8","1,59","12,98",5
27/05/2026 07:52,"26,3",54,"16,2","1,57","13,37",11
27/05/2026 08:07,"26,3",54,"16,2","1,57","13,37",11
27/05/2026 08:22,"26,3",54,"16,2","1,57","13,37",11
27/05/2026 08:37,"26,3",54,"16,2","1,57","13,37",11
27/05/2026 08:52,"26,3",54,"16,2","1,57","13,37",11
27/05/2026 09:07,"26,3",54,"16,2","1,57","13,37",11
27/05/2026 09:22,"26,3",54,"16,2","1,57","13,37",10
27/05/2026 09:37,"26,3",54,"16,2","1,57","13,37",9
27/05/2026 09:52,"26,3",54,"16,2","1,57","13,37",7
27/05/2026 10:07,"26,3",54,"16,2","1,57","13,37",7
27/05/2026 10:22,"26,3",54,"16,2","1,57","13,37",7
27/05/2026 10:37,"26,3",54,"16,2","1,57","13,37",7
27/05/2026 10:52,"26,3",54,"16,2","1,57","13,37",7
27/05/2026 11:07,"26,3",54,"16,2","1,57","13,37",8
27/05/2026 11:22,"26,3",54,"16,2","1,57","13,37",8
27/05/2026 11:37,"26,3",54,"16,2","1,57","13,37",8
27/05/2026 11:52,"26,3",54,"16,2","1,57","13,37",8
27/05/2026 12:07,"26,3",54,"16,2","1,57","13,37",9
27/05/2026 12:22,"26,3",54,"16,2","1,57","13,37",10
27/05/2026 12:37,"26,3",54,"16,2","1,57","13,37",9
27/05/2026 12:52,"26,3",54,"16,2","1,57","13,37",9
27/05/2026 13:07,"26,4",52,"15,7","1,65","12,94",9
27/05/2026 13:22,"26,4",52,"15,7","1,65","12,94",10
27/05/2026 13:37,"26,4",52,"15,7","1,65","12,94",10
27/05/2026 13:52,"26,4",52,"15,7","1,65","12,94",10
27/05/2026 14:07,"26,4",52,"15,7","1,65","12,94",10
27/05/2026 14:22,"26,4",52,"15,7","1,65","12,94",10
27/05/2026 14:37,"26,4",52,"15,7","1,65","12,94",10
27/05/2026 14:52,"26,4",52,"15,7","1,65","12,94",11
27/05/2026 15:07,"26,4",52,"15,7","1,65","12,94",11
27/05/2026 15:22,"26,6",51,"15,6","1,71","12,84",11
27/05/2026 15:37,"26,6",51,"15,6","1,71","12,84",11
27/05/2026 15:52,"26,6",51,"15,6","1,71","12,84",11
27/05/2026 16:07,"26,6",49,"15,0","1,78","12,33",11
27/05/2026 16:22,"26,6",49,"15,0","1,78","12,33",11
27/05/2026 16:37,"26,6",49,"15,0","1,78","12,33",11
27/05/2026 16:52,"26,8",48,"14,9","1,83","12,22",6
27/05/2026 17:07,"26,8",48,"14,9","1,83","12,22",11
27/05/2026 17:22,"26,8",48,"14,9","1,83","12,22",8
27/05/2026 17:37,"26,8",48,"14,9","1,83","12,22",11
27/05/2026 17:52,"26,8",46,"14,2","1,90","11,71",5
27/05/2026 18:07,"26,8",46,"14,2","1,90","11,71",11
27/05/2026 18:22,"27,0",45,"14,1","1,96","11,58",11
27/05/2026 18:37,"27,0",45,"14,1","1,96","11,58",11
27/05/2026 18:52,"27,1",43,"13,4","2,04","11,13",11
27/05/2026 19:07,"27,1",43,"13,4","2,04","11,13",12
27/05/2026 19:22,"27,1",43,"13,4","2,04","11,13",12
27/05/2026 19:37,"27,1",43,"13,4","2,04","11,13",12
27/05/2026 19:52,"27,1",43,"13,4","2,04","11,13",12
27/05/2026 20:07,"27,1",45,"14,1","1,97","11,65",12
27/05/2026 20:22,"27,1",45,"14,1","1,97","11,65",12
27/05/2026 20:37,"27,1",45,"14,1","1,97","11,65",11
27/05/2026 20:52,"27,1",45,"14,1","1,97","11,65",11
27/05/2026 21:07,"27,1",45,"14,1","1,97","11,65",1
27/05/2026 21:22,"27,1",45,"14,1","1,97","11,65",1
27/05/2026 21:37,"27,1",45,"14,1","1,97","11,65",1
27/05/2026 21:52,"27,1",45,"14,1","1,97","11,65",1
27/05/2026 22:07,"27,1",45,"14,1","1,97","11,65",1
27/05/2026 22:22,"27,1",45,"14,1","1,97","11,65",1
27/05/2026 22:37,"27,0",47,"14,7","1,89","12,10",1
27/05/2026 22:52,"27,0",47,"14,7","1,89","12,10",1
27/05/2026 23:07,"26,9",45,"14,0","1,95","11,52",1
27/05/2026 23:22,"26,7",44,"13,4","1,96","11,14",1
27/05/2026 23:37,"26,7",44,"13,4","1,96","11,14",1
27/05/2026 23:52,"26,7",44,"13,4","1,96","11,14",1
28/05/2026 00:07,"26,7",44,"13,4","1,96","11,14",1
28/05/2026 00:22,"26,7",44,"13,4","1,96","11,14",1
28/05/2026 00:37,"26,5",43,"12,9","1,97","10,76",1
28/05/2026 00:52,"26,5",43,"12,9","1,97","10,76",1
28/05/2026 01:07,"26,5",43,"12,9","1,97","10,76",1
28/05/2026 01:22,"26,5",43,"12,9","1,97","10,76",1
28/05/2026 01:37,"26,5",43,"12,9","1,97","10,76",1
28/05/2026 01:52,"26,5",43,"12,9","1,97","10,76",1
28/05/2026 02:07,"26,3",43,"12,7","1,95","10,64",1
28/05/2026 02:22,"26,3",43,"12,7","1,95","10,64",1
28/05/2026 02:37,"26,3",43,"12,7","1,95","10,64",1
28/05/2026 02:52,"26,3",43,"12,7","1,95","10,64",1
28/05/2026 03:07,"26,3",43,"12,7","1,95","10,64",1
28/05/2026 03:22,"26,3",43,"12,7","1,95","10,64",1
28/05/2026 03:37,"26,3",43,"12,7","1,95","10,64",1
28/05/2026 03:52,"26,3",43,"12,7","1,95","10,64",1
28/05/2026 04:07,"26,2",45,"13,3","1,87","11,08",1
28/05/2026 04:22,"26,2",45,"13,3","1,87","11,08",1
28/05/2026 04:37,"26,2",45,"13,3","1,87","11,08",1
28/05/2026 04:52,"26,2",45,"13,3","1,87","11,08",1
28/05/2026 05:07,"26,2",45,"13,3","1,87","11,08",1
28/05/2026 05:22,"26,2",45,"13,3","1,87","11,08",1
28/05/2026 05:37,"26,0",46,"13,5","1,82","11,20",1
28/05/2026 05:52,"26,0",46,"13,5","1,82","11,20",1
28/05/2026 06:07,"26,0",46,"13,5","1,82","11,20",1
28/05/2026 06:22,"26,0",46,"13,5","1,82","11,20",9
28/05/2026 06:37,"26,0",46,"13,5","1,82","11,20",10
28/05/2026 06:52,"26,0",46,"13,5","1,82","11,20",11
28/05/2026 07:07,"26,0",46,"13,5","1,82","11,20",11
28/05/2026 07:22,"26,0",46,"13,5","1,82","11,20",11
28/05/2026 07:37,"26,0",46,"13,5","1,82","11,20",11
28/05/2026 07:52,"26,0",46,"13,5","1,82","11,20",11
28/05/2026 08:07,"26,1",48,"14,2","1,76","11,75",11
28/05/2026 08:22,"26,1",48,"14,2","1,76","11,75",11
28/05/2026 08:37,"26,1",48,"14,2","1,76","11,75",11
28/05/2026 08:52,"26,3",48,"14,4","1,78","11,88",11
28/05/2026 09:07,"26,3",48,"14,4","1,78","11,88",11
28/05/2026 09:22,"26,3",48,"14,4","1,78","11,88",10
28/05/2026 09:37,"26,3",48,"14,4","1,78","11,88",9
28/05/2026 09:52,"26,3",48,"14,4","1,78","11,88",8
28/05/2026 10:07,"26,3",48,"14,4","1,78","11,88",8
28/05/2026 10:22,"26,3",48,"14,4","1,78","11,88",9
28/05/2026 10:37,"26,3",48,"14,4","1,78","11,88",9
28/05/2026 10:52,"26,3",48,"14,4","1,78","11,88",9
28/05/2026 11:07,"26,3",48,"14,4","1,78","11,88",9
28/05/2026 11:22,"26,3",48,"14,4","1,78","11,88",9
28/05/2026 11:37,"26,3",48,"14,4","1,78","11,88",8
28/05/2026 11:52,"26,3",48,"14,4","1,78","11,88",9
28/05/2026 12:07,"26,3",48,"14,4","1,78","11,88",9
28/05/2026 12:22,"26,3",48,"14,4","1,78","11,88",9
28/05/2026 12:37,"26,3",48,"14,4","1,78","11,88",10
28/05/2026 12:52,"26,3",48,"14,4","1,78","11,88",9
28/05/2026 13:07,"26,3",48,"14,4","1,78","11,88",9
28/05/2026 13:22,"26,3",48,"14,4","1,78","11,88",9
28/05/2026 13:37,"26,5",47,"14,3","1,83","11,77",9
28/05/2026 13:52,"26,5",47,"14,3","1,83","11,77",9
28/05/2026 14:07,"26,5",47,"14,3","1,83","11,77",9
28/05/2026 14:22,"26,5",45,"13,6","1,90","11,26",9
28/05/2026 14:37,"26,5",43,"12,9","1,97","10,76",10
28/05/2026 14:52,"26,5",43,"12,9","1,97","10,76",10
28/05/2026 15:07,"26,5",43,"12,9","1,97","10,76",11
28/05/2026 15:22,"26,6",41,"12,3","2,05","10,32",11
28/05/2026 15:37,"26,6",41,"12,3","2,05","10,32",10
28/05/2026 15:52,"26,6",41,"12,3","2,05","10,32",10
28/05/2026 16:07,"26,6",39,"11,5","2,12","9,82",10
28/05/2026 16:22,"26,6",39,"11,5","2,12","9,82",10
28/05/2026 16:37,"26,6",39,"11,5","2,12","9,82",10
28/05/2026 16:52,"26,6",39,"11,5","2,12","9,82",10
28/05/2026 17:07,"26,6",39,"11,5","2,12","9,82",11
28/05/2026 17:22,"26,6",39,"11,5","2,12","9,82",11
28/05/2026 17:37,"26,6",39,"11,5","2,12","9,82",11
28/05/2026 17:52,"26,6",39,"11,5","2,12","9,82",11
28/05/2026 18:07,"26,8",39,"11,7","2,15","9,93",11
28/05/2026 18:22,"26,8",39,"11,7","2,15","9,93",11
28/05/2026 18:37,"26,8",41,"12,4","2,08","10,44",11
28/05/2026 18:52,"26,8",41,"12,4","2,08","10,44",11
28/05/2026 19:07,"26,8",41,"12,4","2,08","10,44",11
28/05/2026 19:22,"26,9",43,"13,3","2,02","11,01",11
28/05/2026 19:37,"26,9",43,"13,3","2,02","11,01",12
28/05/2026 19:52,"26,9",43,"13,3","2,02","11,01",12
28/05/2026 20:07,"26,9",43,"13,3","2,02","11,01",12
28/05/2026 20:22,"27,1",43,"13,4","2,04","11,13",12
28/05/2026 20:37,"27,1",43,"13,4","2,04","11,13",12
28/05/2026 20:52,"27,1",43,"13,4","2,04","11,13",12
28/05/2026 21:07,"27,1",43,"13,4","2,04","11,13",1
28/05/2026 21:22,"27,1",43,"13,4","2,04","11,13",1
28/05/2026 21:37,"26,9",43,"13,3","2,02","11,01",1
28/05/2026 21:52,"26,9",43,"13,3","2,02","11,01",1
28/05/2026 22:07,"26,9",43,"13,3","2,02","11,01",1
28/05/2026 22:22,"26,9",43,"13,3","2,02","11,01",1
28/05/2026 22:37,"26,7",44,"13,4","1,96","11,14",1
28/05/2026 22:52,"26,7",44,"13,4","1,96","11,14",1
28/05/2026 23:07,"26,7",44,"13,4","1,96","11,14",1
28/05/2026 23:22,"26,7",44,"13,4","1,96","11,14",1
28/05/2026 23:37,"26,7",44,"13,4","1,96","11,14",1
28/05/2026 23:52,"26,7",44,"13,4","1,96","11,14",1
29/05/2026 00:07,"26,7",44,"13,4","1,96","11,14",1
29/05/2026 00:22,"26,5",45,"13,6","1,90","11,26",1
29/05/2026 00:37,"26,5",45,"13,6","1,90","11,26",1
29/05/2026 00:52,"26,5",45,"13,6","1,90","11,26",1
29/05/2026 01:07,"26,5",45,"13,6","1,90","11,26",1
29/05/2026 01:22,"26,5",45,"13,6","1,90","11,26",1
29/05/2026 01:37,"26,5",45,"13,6","1,90","11,26",1
29/05/2026 01:52,"26,5",45,"13,6","1,90","11,26",1
29/05/2026 02:07,"26,3",45,"13,4","1,88","11,14",1
29/05/2026 02:22,"26,3",45,"13,4","1,88","11,14",1
29/05/2026 02:37,"26,3",45,"13,4","1,88","11,14",1
29/05/2026 02:52,"26,3",43,"12,7","1,95","10,64",1
29/05/2026 03:07,"26,1",43,"12,5","1,93","10,53",1
29/05/2026 03:22,"26,1",43,"12,5","1,93","10,53",1
29/05/2026 03:37,"26,1",43,"12,5","1,93","10,53",1
29/05/2026 03:52,"26,1",43,"12,5","1,93","10,53",1
29/05/2026 04:07,"26,1",43,"12,5","1,93","10,53",1
29/05/2026 04:22,"26,1",43,"12,5","1,93","10,53",1
29/05/2026 04:37,"26,0",45,"13,1","1,85","10,96",1
29/05/2026 04:52,"26,0",45,"13,1","1,85","10,96",1
29/05/2026 05:07,"26,0",45,"13,1","1,85","10,96",1
29/05/2026 05:22,"26,0",45,"13,1","1,85","10,96",1
29/05/2026 05:37,"26,0",45,"13,1","1,85","10,96",1
29/05/2026 05:52,"25,8",44,"12,6","1,86","10,59",1
29/05/2026 06:07,"25,8",44,"12,6","1,86","10,59",1
29/05/2026 06:22,"25,8",44,"12,6","1,86","10,59",11
29/05/2026 06:37,"25,8",44,"12,6","1,86","10,59",11
29/05/2026 06:52,"25,8",44,"12,6","1,86","10,59",12
29/05/2026 07:07,"25,8",44,"12,6","1,86","10,59",12
29/05/2026 07:22,"26,0",44,"12,8","1,88","10,71",12
29/05/2026 07:37,"26,0",44,"12,8","1,88","10,71",12
29/05/2026 07:52,"26,0",44,"12,8","1,88","10,71",12
29/05/2026 08:07,"26,0",44,"12,8","1,88","10,71",12
29/05/2026 08:22,"26,0",44,"12,8","1,88","10,71",12
29/05/2026 08:37,"26,0",44,"12,8","1,88","10,71",12
29/05/2026 08:52,"26,0",44,"12,8","1,88","10,71",12
29/05/2026 09:07,"26,0",44,"12,8","1,88","10,71",10
29/05/2026 09:22,"26,0",44,"12,8","1,88","10,71",8
29/05/2026 09:37,"26,0",44,"12,8","1,88","10,71",7
29/05/2026 09:52,"26,0",44,"12,8","1,88","10,71",7
29/05/2026 10:07,"26,0",44,"12,8","1,88","10,71",5
29/05/2026 10:22,"26,0",44,"12,8","1,88","10,71",7
29/05/2026 10:37,"26,0",44,"12,8","1,88","10,71",7
29/05/2026 10:52,"26,1",46,"13,6","1,83","11,26",7
29/05/2026 11:07,"26,1",46,"13,6","1,83","11,26",7
29/05/2026 11:22,"26,1",44,"12,9","1,89","10,77",7
29/05/2026 11:37,"26,1",44,"12,9","1,89","10,77",5
29/05/2026 11:52,"26,1",44,"12,9","1,89","10,77",6
29/05/2026 12:07,"26,1",44,"12,9","1,89","10,77",6
29/05/2026 12:22,"26,1",44,"12,9","1,89","10,77",6
29/05/2026 12:37,"26,1",44,"12,9","1,89","10,77",6
29/05/2026 12:52,"26,1",44,"12,9","1,89","10,77",6
29/05/2026 13:07,"26,3",44,"13,1","1,92","10,89",7
29/05/2026 13:22,"26,3",44,"13,1","1,92","10,89",6
29/05/2026 13:37,"26,3",44,"13,1","1,92","10,89",6
29/05/2026 13:52,"26,3",44,"13,1","1,92","10,89",6
29/05/2026 14:07,"26,3",44,"13,1","1,92","10,89",6
29/05/2026 14:22,"26,3",42,"12,4","1,98","10,40",6
29/05/2026 14:37,"26,3",42,"12,4","1,98","10,40",6
29/05/2026 14:52,"26,3",42,"12,4","1,98","10,40",7
29/05/2026 15:07,"26,3",42,"12,4","1,98","10,40",8
29/05/2026 15:22,"26,3",42,"12,4","1,98","10,40",8
29/05/2026 15:37,"26,5",41,"12,2","2,04","10,26",7
29/05/2026 15:52,"26,5",41,"12,2","2,04","10,26",7
29/05/2026 16:07,"26,5",39,"11,4","2,11","9,76",7
29/05/2026 16:22,"26,5",39,"11,4","2,11","9,76",8
29/05/2026 16:37,"26,5",39,"11,4","2,11","9,76",8
29/05/2026 16:52,"26,5",39,"11,4","2,11","9,76",9
29/05/2026 17:07,"26,5",39,"11,4","2,11","9,76",9
29/05/2026 17:22,"26,7",40,"12,0","2,10","10,12",10
29/05/2026 17:37,"26,7",38,"11,2","2,17","9,62",11
29/05/2026 17:52,"26,7",38,"11,2","2,17","9,62",10
29/05/2026 18:07,"26,7",38,"11,2","2,17","9,62",10
29/05/2026 18:22,"26,7",40,"12,0","2,10","10,12",11
29/05/2026 18:37,"26,7",40,"12,0","2,10","10,12",11
29/05/2026 18:52,"26,7",40,"12,0","2,10","10,12",11
29/05/2026 19:07,"26,7",40,"12,0","2,10","10,12",11
29/05/2026 19:22,"26,7",40,"12,0","2,10","10,12",12
29/05/2026 19:37,"26,7",42,"12,7","2,03","10,63",12
29/05/2026 19:52,"26,7",42,"12,7","2,03","10,63",12
29/05/2026 20:07,"26,7",42,"12,7","2,03","10,63",13
29/05/2026 20:22,"26,7",42,"12,7","2,03","10,63",13
29/05/2026 20:37,"26,7",42,"12,7","2,03","10,63",13
29/05/2026 20:52,"26,7",42,"12,7","2,03","10,63",2
29/05/2026 21:07,"26,7",42,"12,7","2,03","10,63",1
29/05/2026 21:22,"26,7",42,"12,7","2,03","10,63",1
29/05/2026 21:37,"26,7",42,"12,7","2,03","10,63",1
29/05/2026 21:52,"26,7",42,"12,7","2,03","10,63",9
29/05/2026 22:07,"26,7",42,"12,7","2,03","10,63",1
29/05/2026 22:22,"26,7",42,"12,7","2,03","10,63",1
29/05/2026 22:37,"26,5",42,"12,5","2,01","10,51",1
29/05/2026 22:52,"26,5",42,"12,5","2,01","10,51",1
29/05/2026 23:07,"26,5",42,"12,5","2,01","10,51",1
29/05/2026 23:22,"26,5",42,"12,5","2,01","10,51",1
29/05/2026 23:37,"26,5",42,"12,5","2,01","10,51",1
29/05/2026 23:52,"26,5",42,"12,5","2,01","10,51",1
30/05/2026 00:07,"26,5",42,"12,5","2,01","10,51",1
30/05/2026 00:22,"26,5",42,"12,5","2,01","10,51",1
30/05/2026 00:37,"26,5",42,"12,5","2,01","10,51",1
30/05/2026 00:52,"26,5",42,"12,5","2,01","10,51",1
30/05/2026 01:07,"26,3",41,"12,0","2,02","10,15",1
30/05/2026 01:22,"26,3",39,"11,2","2,09","9,65",1
30/05/2026 01:37,"26,3",39,"11,2","2,09","9,65",1
30/05/2026 01:52,"26,3",39,"11,2","2,09","9,65",1
30/05/2026 02:07,"26,1",38,"10,7","2,10","9,30",1
30/05/2026 02:22,"26,1",38,"10,7","2,10","9,30",1
30/05/2026 02:37,"26,1",38,"10,7","2,10","9,30",1
30/05/2026 02:52,"26,1",38,"10,7","2,10","9,30",1
30/05/2026 03:07,"26,1",38,"10,7","2,10","9,30",1
30/05/2026 03:22,"26,1",38,"10,7","2,10","9,30",1
30/05/2026 03:37,"26,1",38,"10,7","2,10","9,30",1
30/05/2026 03:52,"25,9",38,"10,5","2,07","9,20",1
30/05/2026 04:07,"25,9",38,"10,5","2,07","9,20",1
30/05/2026 04:22,"25,9",38,"10,5","2,07","9,20",1
30/05/2026 04:37,"25,9",38,"10,5","2,07","9,20",1
30/05/2026 04:52,"25,9",38,"10,5","2,07","9,20",1
30/05/2026 05:07,"25,7",38,"10,3","2,05","9,10",1
30/05/2026 05:22,"25,7",38,"10,3","2,05","9,10",1
30/05/2026 05:37,"25,7",38,"10,3","2,05","9,10",1
30/05/2026 05:52,"25,7",38,"10,3","2,05","9,10",1
30/05/2026 06:07,"25,7",38,"10,3","2,05","9,10",1
30/05/2026 06:22,"25,7",38,"10,3","2,05","9,10",1
30/05/2026 06:37,"25,7",38,"10,3","2,05","9,10",2
30/05/2026 06:52,"25,7",38,"10,3","2,05","9,10",2
30/05/2026 07:07,"25,5",39,"10,5","1,99","9,23",3
30/05/2026 07:22,"25,5",39,"10,5","1,99","9,23",5
30/05/2026 07:37,"25,5",39,"10,5","1,99","9,23",10
30/05/2026 07:52,"25,5",39,"10,5","1,99","9,23",11
30/05/2026 08:07,"25,7",40,"11,1","1,98","9,58",11
30/05/2026 08:22,"25,7",40,"11,1","1,98","9,58",12
30/05/2026 08:37,"25,7",40,"11,1","1,98","9,58",12
30/05/2026 08:52,"25,7",40,"11,1","1,98","9,58",12
30/05/2026 09:07,"25,8",42,"11,9","1,93","10,11",12
30/05/2026 09:22,"25,8",42,"11,9","1,93","10,11",11
30/05/2026 09:37,"25,8",42,"11,9","1,93","10,11",11
30/05/2026 09:52,"25,8",42,"11,9","1,93","10,11",11
30/05/2026 10:07,"25,8",42,"11,9","1,93","10,11",11
30/05/2026 10:22,"26,0",43,"12,4","1,92","10,47",11
30/05/2026 10:37,"26,0",43,"12,4","1,92","10,47",11
30/05/2026 10:52,"26,0",43,"12,4","1,92","10,47",11
30/05/2026 11:07,"26,0",43,"12,4","1,92","10,47",11
30/05/2026 11:22,"26,0",43,"12,4","1,92","10,47",11
30/05/2026 11:37,"26,0",43,"12,4","1,92","10,47",11
30/05/2026 11:52,"26,0",43,"12,4","1,92","10,47",11
30/05/2026 12:07,"26,0",43,"12,4","1,92","10,47",11
30/05/2026 12:22,"26,1",45,"13,2","1,86","11,02",11
30/05/2026 12:37,"26,1",45,"13,2","1,86","11,02",11
30/05/2026 12:52,"26,1",45,"13,2","1,86","11,02",11
30/05/2026 13:07,"26,1",45,"13,2","1,86","11,02",11
30/05/2026 13:22,"26,3",45,"13,4","1,88","11,14",11
30/05/2026 13:37,"26,3",45,"13,4","1,88","11,14",1
30/05/2026 13:52,"26,3",45,"13,4","1,88","11,14",1
30/05/2026 14:07,"26,3",47,"14,1","1,81","11,64",1
30/05/2026 14:22,"26,3",47,"14,1","1,81","11,64",11
30/05/2026 14:37,"26,3",47,"14,1","1,81","11,64",11
30/05/2026 14:52,"26,3",47,"14,1","1,81","11,64",11
30/05/2026 15:07,"26,3",47,"14,1","1,81","11,64",11
30/05/2026 15:22,"26,3",47,"14,1","1,81","11,64",11
30/05/2026 15:37,"26,3",47,"14,1","1,81","11,64",11
30/05/2026 15:52,"26,3",47,"14,1","1,81","11,64",11
30/05/2026 16:07,"26,3",47,"14,1","1,81","11,64",11
30/05/2026 16:22,"26,3",47,"14,1","1,81","11,64",11
30/05/2026 16:37,"26,3",47,"14,1","1,81","11,64",11
30/05/2026 16:52,"26,3",47,"14,1","1,81","11,64",11
30/05/2026 17:07,"26,3",47,"14,1","1,81","11,64",11
30/05/2026 17:22,"26,3",47,"14,1","1,81","11,64",11
30/05/2026 17:37,"26,5",47,"14,3","1,83","11,77",11
30/05/2026 17:52,"26,5",47,"14,3","1,83","11,77",11
30/05/2026 18:07,"26,5",47,"14,3","1,83","11,77",11
30/05/2026 18:22,"26,5",47,"14,3","1,83","11,77",11
30/05/2026 18:37,"26,5",47,"14,3","1,83","11,77",11
30/05/2026 18:52,"26,5",47,"14,3","1,83","11,77",11
30/05/2026 19:07,"26,5",47,"14,3","1,83","11,77",11
30/05/2026 19:22,"26,6",45,"13,7","1,92","11,33",11
30/05/2026 19:37,"26,6",45,"13,7","1,92","11,33",12
30/05/2026 19:52,"26,6",45,"13,7","1,92","11,33",11
30/05/2026 20:07,"26,6",45,"13,7","1,92","11,33",11
30/05/2026 20:22,"26,6",45,"13,7","1,92","11,33",12
30/05/2026 20:37,"26,6",45,"13,7","1,92","11,33",12
30/05/2026 20:52,"26,6",45,"13,7","1,92","11,33",3
30/05/2026 21:07,"26,6",45,"13,7","1,92","11,33",1
30/05/2026 21:22,"26,6",45,"13,7","1,92","11,33",1
30/05/2026 21:37,"26,6",45,"13,7","1,92","11,33",1
30/05/2026 21:52,"26,6",45,"13,7","1,92","11,33",1
30/05/2026 22:07,"26,6",45,"13,7","1,92","11,33",1
30/05/2026 22:22,"26,4",45,"13,5","1,89","11,20",1
30/05/2026 22:37,"26,4",45,"13,5","1,89","11,20",1
30/05/2026 22:52,"26,4",45,"13,5","1,89","11,20",1
30/05/2026 23:07,"26,4",45,"13,5","1,89","11,20",1
30/05/2026 23:22,"26,4",45,"13,5","1,89","11,20",1
30/05/2026 23:37,"26,4",45,"13,5","1,89","11,20",1
30/05/2026 23:52,"26,4",45,"13,5","1,89","11,20",1
31/05/2026 00:07,"26,4",45,"13,5","1,89","11,20",1
31/05/2026 00:22,"26,4",45,"13,5","1,89","11,20",1
31/05/2026 00:37,"26,2",45,"13,3","1,87","11,08",1
31/05/2026 00:52,"26,2",45,"13,3","1,87","11,08",1
31/05/2026 01:07,"26,2",45,"13,3","1,87","11,08",1
31/05/2026 01:22,"26,2",45,"13,3","1,87","11,08",1
31/05/2026 01:37,"26,2",45,"13,3","1,87","11,08",1
31/05/2026 01:52,"26,2",45,"13,3","1,87","11,08",1
31/05/2026 02:07,"26,2",45,"13,3","1,87","11,08",1
31/05/2026 02:22,"26,0",45,"13,1","1,85","10,96",1
31/05/2026 02:37,"26,0",45,"13,1","1,85","10,96",1
31/05/2026 02:52,"26,0",45,"13,1","1,85","10,96",1
31/05/2026 03:07,"26,0",45,"13,1","1,85","10,96",1
31/05/2026 03:22,"26,0",45,"13,1","1,85","10,96",1
31/05/2026 03:37,"26,0",45,"13,1","1,85","10,96",1
31/05/2026 03:52,"26,0",45,"13,1","1,85","10,96",1
31/05/2026 04:07,"26,0",45,"13,1","1,85","10,96",1
31/05/2026 04:22,"26,0",45,"13,1","1,85","10,96",1
31/05/2026 04:37,"25,8",46,"13,3","1,79","11,07",1
31/05/2026 04:52,"25,8",46,"13,3","1,79","11,07",1
31/05/2026 05:07,"25,8",46,"13,3","1,79","11,07",1
31/05/2026 05:22,"25,8",46,"13,3","1,79","11,07",1
31/05/2026 05:37,"25,8",46,"13,3","1,79","11,07",1
31/05/2026 05:52,"25,8",46,"13,3","1,79","11,07",1
31/05/2026 06:07,"25,6",46,"13,1","1,77","10,95",1
31/05/2026 06:22,"25,6",46,"13,1","1,77","10,95",5
31/05/2026 06:37,"25,6",46,"13,1","1,77","10,95",5
31/05/2026 06:52,"25,6",46,"13,1","1,77","10,95",9
31/05/2026 07:07,"25,6",46,"13,1","1,77","10,95",11
31/05/2026 07:22,"25,6",46,"13,1","1,77","10,95",11
31/05/2026 07:37,"25,6",46,"13,1","1,77","10,95",11
31/05/2026 07:52,"25,6",46,"13,1","1,77","10,95",11
31/05/2026 08:07,"25,8",46,"13,3","1,79","11,07",11
31/05/2026 08:22,"25,8",46,"13,3","1,79","11,07",11
31/05/2026 08:37,"25,8",46,"13,3","1,79","11,07",11
31/05/2026 08:52,"25,8",46,"13,3","1,79","11,07",12
31/05/2026 09:07,"25,8",46,"13,3","1,79","11,07",12
31/05/2026 09:22,"25,9",48,"14,0","1,74","11,62",12
31/05/2026 09:37,"25,9",48,"14,0","1,74","11,62",12
31/05/2026 09:52,"25,9",48,"14,0","1,74","11,62",12
31/05/2026 10:07,"25,9",48,"14,0","1,74","11,62",12
31/05/2026 10:22,"26,1",48,"14,2","1,76","11,75",12
31/05/2026 10:37,"26,1",48,"14,2","1,76","11,75",12
31/05/2026 10:52,"26,1",48,"14,2","1,76","11,75",12
31/05/2026 11:07,"26,1",48,"14,2","1,76","11,75",12
31/05/2026 11:22,"26,1",48,"14,2","1,76","11,75",12
31/05/2026 11:37,"26,1",48,"14,2","1,76","11,75",12
31/05/2026 11:52,"26,3",47,"14,1","1,81","11,64",12
31/05/2026 12:07,"26,3",47,"14,1","1,81","11,64",12
31/05/2026 12:22,"26,3",47,"14,1","1,81","11,64",12
31/05/2026 12:37,"26,3",47,"14,1","1,81","11,64",12
31/05/2026 12:52,"26,3",47,"14,1","1,81","11,64",12
31/05/2026 13:07,"26,3",47,"14,1","1,81","11,64",12
31/05/2026 13:22,"26,5",47,"14,3","1,83","11,77",12
31/05/2026 13:37,"26,5",47,"14,3","1,83","11,77",10
31/05/2026 13:52,"26,5",47,"14,3","1,83","11,77",7
31/05/2026 14:07,"26,5",47,"14,3","1,83","11,77",5
31/05/2026 14:22,"26,5",47,"14,3","1,83","11,77",4
31/05/2026 14:37,"26,5",47,"14,3","1,83","11,77",11
31/05/2026 14:52,"26,5",49,"14,9","1,77","12,27",12
31/05/2026 15:07,"26,6",51,"15,6","1,71","12,84",12
31/05/2026 15:22,"26,6",51,"15,6","1,71","12,84",12
31/05/2026 15:37,"26,6",49,"15,0","1,78","12,33",12
31/05/2026 15:52,"26,6",49,"15,0","1,78","12,33",12
31/05/2026 16:07,"26,8",50,"15,5","1,76","12,73",12
31/05/2026 16:22,"26,8",50,"15,5","1,76","12,73",12
31/05/2026 16:37,"26,8",50,"15,5","1,76","12,73",12
31/05/2026 16:52,"26,8",50,"15,5","1,76","12,73",12
31/05/2026 17:07,"26,8",50,"15,5","1,76","12,73",12
31/05/2026 17:22,"26,8",50,"15,5","1,76","12,73",12
31/05/2026 17:37,"26,8",50,"15,5","1,76","12,73",12
31/05/2026 17:52,"27,0",49,"15,4","1,82","12,61",12
31/05/2026 18:07,"27,0",49,"15,4","1,82","12,61",12
31/05/2026 18:22,"27,0",49,"15,4","1,82","12,61",12
31/05/2026 18:37,"27,0",49,"15,4","1,82","12,61",12
31/05/2026 18:52,"27,0",49,"15,4","1,82","12,61",9
31/05/2026 19:07,"27,0",49,"15,4","1,82","12,61",7
31/05/2026 19:22,"26,8",48,"14,9","1,83","12,22",6
31/05/2026 19:37,"26,8",48,"14,9","1,83","12,22",6
31/05/2026 19:52,"26,8",48,"14,9","1,83","12,22",5
31/05/2026 20:07,"26,8",48,"14,9","1,83","12,22",3
31/05/2026 20:22,"26,8",48,"14,9","1,83","12,22",2
31/05/2026 20:37,"26,6",49,"15,0","1,78","12,33",1
31/05/2026 20:52,"26,6",49,"15,0","1,78","12,33",1
31/05/2026 21:07,"26,6",49,"15,0","1,78","12,33",1
31/05/2026 21:22,"26,6",49,"15,0","1,78","12,33",1
31/05/2026 21:37,"26,6",49,"15,0","1,78","12,33",1
31/05/2026 21:52,"26,4",48,"14,5","1,79","11,95",1
31/05/2026 22:07,"26,4",48,"14,5","1,79","11,95",1
31/05/2026 22:22,"26,4",48,"14,5","1,79","11,95",1
31/05/2026 22:37,"26,4",48,"14,5","1,79","11,95",1
31/05/2026 22:52,"26,4",48,"14,5","1,79","11,95",1
31/05/2026 23:07,"26,4",48,"14,5","1,79","11,95",1
31/05/2026 23:22,"26,2",48,"14,3","1,77","11,82",1
31/05/2026 23:37,"26,2",48,"14,3","1,77","11,82",1
31/05/2026 23:52,"26,2",48,"14,3","1,77","11,82",1
01/06/2026 00:07,"26,2",48,"14,3","1,77","11,82",1
01/06/2026 00:22,"26,0",47,"13,8","1,78","11,44",1
01/06/2026 00:37,"26,0",47,"13,8","1,78","11,44",1
01/06/2026 00:52,"26,0",47,"13,8","1,78","11,44",1
01/06/2026 01:07,"26,0",47,"13,8","1,78","11,44",1
01/06/2026 01:22,"26,0",47,"13,8","1,78","11,44",1
01/06/2026 01:37,"26,0",47,"13,8","1,78","11,44",1
01/06/2026 01:52,"26,0",47,"13,8","1,78","11,44",1
01/06/2026 02:07,"26,0",47,"13,8","1,78","11,44",1
01/06/2026 02:22,"26,0",47,"13,8","1,78","11,44",1
01/06/2026 02:37,"26,0",47,"13,8","1,78","11,44",1
01/06/2026 02:52,"26,0",47,"13,8","1,78","11,44",1
01/06/2026 03:07,"26,0",47,"13,8","1,78","11,44",1
01/06/2026 03:22,"26,0",47,"13,8","1,78","11,44",1
01/06/2026 03:37,"26,0",47,"13,8","1,78","11,44",1
01/06/2026 03:52,"26,0",47,"13,8","1,78","11,44",1
01/06/2026 04:07,"26,0",47,"13,8","1,78","11,44",1
01/06/2026 04:22,"26,0",47,"13,8","1,78","11,44",1
01/06/2026 04:37,"26,0",47,"13,8","1,78","11,44",1
01/06/2026 04:52,"26,0",47,"13,8","1,78","11,44",1
01/06/2026 05:07,"25,8",46,"13,3","1,79","11,07",1
01/06/2026 05:22,"25,8",46,"13,3","1,79","11,07",1
01/06/2026 05:37,"25,8",46,"13,3","1,79","11,07",1
01/06/2026 05:52,"25,8",46,"13,3","1,79","11,07",1
01/06/2026 06:07,"25,8",46,"13,3","1,79","11,07",1
01/06/2026 06:22,"25,6",46,"13,1","1,77","10,95",1
01/06/2026 06:37,"25,6",46,"13,1","1,77","10,95",3
01/06/2026 06:52,"25,6",46,"13,1","1,77","10,95",2
01/06/2026 07:07,"25,8",47,"13,6","1,76","11,32",3
01/06/2026 07:22,"25,9",49,"14,4","1,70","11,86",3
01/06/2026 07:37,"25,9",49,"14,4","1,70","11,86",4
01/06/2026 07:52,"25,9",49,"14,4","1,70","11,86",6
01/06/2026 08:07,"25,9",49,"14,4","1,70","11,86",11
01/06/2026 08:22,"26,1",49,"14,5","1,72","12,00",10
01/06/2026 08:37,"26,1",49,"14,5","1,72","12,00",9
01/06/2026 08:52,"26,1",49,"14,5","1,72","12,00",11
01/06/2026 09:07,"26,1",49,"14,5","1,72","12,00",11
01/06/2026 09:22,"26,3",49,"14,7","1,74","12,13",10
01/06/2026 09:37,"26,3",49,"14,7","1,74","12,13",9
01/06/2026 09:52,"26,3",49,"14,7","1,74","12,13",8
01/06/2026 10:07,"26,2",47,"14,0","1,80","11,57",9
01/06/2026 10:22,"26,2",47,"14,0","1,80","11,57",7
01/06/2026 10:37,"26,2",47,"14,0","1,80","11,57",11
01/06/2026 10:52,"26,2",47,"14,0","1,80","11,57",11
01/06/2026 11:07,"26,2",47,"14,0","1,80","11,57",11
01/06/2026 11:22,"26,2",47,"14,0","1,80","11,57",11
01/06/2026 11:37,"26,2",47,"14,0","1,80","11,57",11
01/06/2026 11:52,"26,2",47,"14,0","1,80","11,57",11
01/06/2026 12:07,"26,2",47,"14,0","1,80","11,57",11
01/06/2026 12:22,"26,2",47,"14,0","1,80","11,57",11
01/06/2026 12:37,"26,2",47,"14,0","1,80","11,57",11
01/06/2026 12:52,"26,2",47,"14,0","1,80","11,57",11
01/06/2026 13:07,"26,2",47,"14,0","1,80","11,57",11
01/06/2026 13:22,"26,2",47,"14,0","1,80","11,57",10
01/06/2026 13:37,"26,2",47,"14,0","1,80","11,57",10
01/06/2026 13:52,"26,2",47,"14,0","1,80","11,57",10
01/06/2026 14:07,"26,2",47,"14,0","1,80","11,57",10
01/06/2026 14:22,"26,2",47,"14,0","1,80","11,57",10
01/06/2026 14:37,"26,2",47,"14,0","1,80","11,57",10
01/06/2026 14:52,"26,2",47,"14,0","1,80","11,57",10
01/06/2026 15:07,"26,2",47,"14,0","1,80","11,57",10
01/06/2026 15:22,"26,2",47,"14,0","1,80","11,57",10
01/06/2026 15:37,"26,2",47,"14,0","1,80","11,57",11
01/06/2026 15:52,"26,2",47,"14,0","1,80","11,57",11
01/06/2026 16:07,"26,2",47,"14,0","1,80","11,57",10
01/06/2026 16:22,"26,2",47,"14,0","1,80","11,57",11
01/06/2026 16:37,"26,2",47,"14,0","1,80","11,57",11
01/06/2026 16:52,"26,4",48,"14,5","1,79","11,95",11
01/06/2026 17:07,"26,4",48,"14,5","1,79","11,95",11
01/06/2026 17:22,"26,3",46,"13,8","1,85","11,39",11
01/06/2026 17:37,"26,3",46,"13,8","1,85","11,39",11
01/06/2026 17:52,"26,3",46,"13,8","1,85","11,39",11
01/06/2026 18:07,"26,3",46,"13,8","1,85","11,39",11
01/06/2026 18:22,"26,5",45,"13,6","1,90","11,26",7
01/06/2026 18:37,"26,5",45,"13,6","1,90","11,26",12
01/06/2026 18:52,"26,5",45,"13,6","1,90","11,26",11
01/06/2026 19:07,"26,5",45,"13,6","1,90","11,26",11
01/06/2026 19:22,"26,5",45,"13,6","1,90","11,26",9
01/06/2026 19:37,"26,6",47,"14,4","1,85","11,83",12
01/06/2026 19:52,"26,6",45,"13,7","1,92","11,33",11
01/06/2026 20:07,"26,6",45,"13,7","1,92","11,33",10
01/06/2026 20:22,"26,6",45,"13,7","1,92","11,33",5
01/06/2026 20:37,"26,6",45,"13,7","1,92","11,33",4
01/06/2026 20:52,"26,6",45,"13,7","1,92","11,33",4
01/06/2026 21:07,"26,6",45,"13,7","1,92","11,33",2
01/06/2026 21:22,"26,6",47,"14,4","1,85","11,83",1
01/06/2026 21:37,"26,6",47,"14,4","1,85","11,83",1
01/06/2026 21:52,"26,4",46,"13,8","1,86","11,45",1
01/06/2026 22:07,"26,3",44,"13,1","1,92","10,89",1
01/06/2026 22:22,"26,3",44,"13,1","1,92","10,89",1
01/06/2026 22:37,"26,3",44,"13,1","1,92","10,89",1
01/06/2026 22:52,"26,1",43,"12,5","1,93","10,53",1
01/06/2026 23:07,"26,1",43,"12,5","1,93","10,53",1
01/06/2026 23:22,"26,1",43,"12,5","1,93","10,53",1
01/06/2026 23:37,"26,1",43,"12,5","1,93","10,53",1
01/06/2026 23:52,"26,1",43,"12,5","1,93","10,53",1
02/06/2026 00:07,"25,9",43,"12,4","1,90","10,41",1
02/06/2026 00:22,"25,9",43,"12,4","1,90","10,41",1
02/06/2026 00:37,"25,9",43,"12,4","1,90","10,41",1
02/06/2026 00:52,"25,9",43,"12,4","1,90","10,41",1
02/06/2026 01:07,"25,7",43,"12,2","1,88","10,29",1
02/06/2026 01:22,"25,7",43,"12,2","1,88","10,29",1
02/06/2026 01:37,"25,7",43,"12,2","1,88","10,29",1
02/06/2026 01:52,"25,7",43,"12,2","1,88","10,29",1
02/06/2026 02:07,"25,7",43,"12,2","1,88","10,29",1
02/06/2026 02:22,"25,5",43,"12,0","1,86","10,18",1
02/06/2026 02:37,"25,5",43,"12,0","1,86","10,18",1
02/06/2026 02:52,"25,5",43,"12,0","1,86","10,18",1
02/06/2026 03:07,"25,5",43,"12,0","1,86","10,18",1
02/06/2026 03:22,"25,5",43,"12,0","1,86","10,18",1
02/06/2026 03:37,"25,3",44,"12,2","1,81","10,30",1
02/06/2026 03:52,"25,3",44,"12,2","1,81","10,30",1
02/06/2026 04:07,"25,3",46,"12,8","1,74","10,77",1
02/06/2026 04:22,"25,3",46,"12,8","1,74","10,77",1
02/06/2026 04:37,"25,3",46,"12,8","1,74","10,77",1
02/06/2026 04:52,"25,1",46,"12,7","1,72","10,65",1
02/06/2026 05:07,"25,1",46,"12,7","1,72","10,65",1
02/06/2026 05:22,"25,1",46,"12,7","1,72","10,65",1
02/06/2026 05:37,"25,1",46,"12,7","1,72","10,65",1
02/06/2026 05:52,"24,9",46,"12,5","1,70","10,53",1
02/06/2026 06:07,"24,9",46,"12,5","1,70","10,53",1
02/06/2026 06:22,"24,9",46,"12,5","1,70","10,53",1
02/06/2026 06:37,"24,9",46,"12,5","1,70","10,53",1
02/06/2026 06:52,"24,9",46,"12,5","1,70","10,53",6
02/06/2026 07:07,"24,9",46,"12,5","1,70","10,53",1
02/06/2026 07:22,"24,9",46,"12,5","1,70","10,53",2
02/06/2026 07:37,"24,9",46,"12,5","1,70","10,53",2
02/06/2026 07:52,"24,9",46,"12,5","1,70","10,53",2
02/06/2026 08:07,"24,9",46,"12,5","1,70","10,53",3
02/06/2026 08:22,"24,9",46,"12,5","1,70","10,53",4
02/06/2026 08:37,"24,9",46,"12,5","1,70","10,53",6
02/06/2026 08:52,"24,9",48,"13,1","1,64","10,99",5
02/06/2026 09:07,"24,9",48,"13,1","1,64","10,99",2
02/06/2026 09:22,"24,9",48,"13,1","1,64","10,99",2
02/06/2026 09:37,"24,9",48,"13,1","1,64","10,99",4
02/06/2026 09:52,"25,1",49,"13,6","1,63","11,34",8
02/06/2026 10:07,"25,1",49,"13,6","1,63","11,34",10
02/06/2026 10:22,"25,3",50,"14,1","1,61","11,71",11
02/06/2026 10:37,"25,3",50,"14,1","1,61","11,71",11
02/06/2026 10:52,"25,5",50,"14,3","1,63","11,84",11
02/06/2026 11:07,"25,5",50,"14,3","1,63","11,84",11
02/06/2026 11:22,"25,5",50,"14,3","1,63","11,84",11
02/06/2026 11:37,"25,5",50,"14,3","1,63","11,84",11
02/06/2026 11:52,"25,7",50,"14,5","1,65","11,97",11
02/06/2026 12:07,"25,7",50,"14,5","1,65","11,97",11
02/06/2026 12:22,"25,7",50,"14,5","1,65","11,97",11
02/06/2026 12:37,"25,7",50,"14,5","1,65","11,97",11
02/06/2026 12:52,"25,7",50,"14,5","1,65","11,97",11
02/06/2026 13:07,"25,7",50,"14,5","1,65","11,97",11
02/06/2026 13:22,"25,7",50,"14,5","1,65","11,97",11
02/06/2026 13:37,"25,7",50,"14,5","1,65","11,97",11
02/06/2026 13:52,"25,9",49,"14,4","1,70","11,86",5
02/06/2026 14:07,"25,7",48,"13,9","1,72","11,49",11
02/06/2026 14:22,"25,7",48,"13,9","1,72","11,49",11
02/06/2026 14:37,"25,7",48,"13,9","1,72","11,49",11
02/06/2026 14:52,"25,7",48,"13,9","1,72","11,49",11
02/06/2026 15:07,"25,9",48,"14,0","1,74","11,62",11
02/06/2026 15:22,"25,9",48,"14,0","1,74","11,62",8
02/06/2026 15:37,"25,9",48,"14,0","1,74","11,62",5
02/06/2026 15:52,"25,9",48,"14,0","1,74","11,62",8
02/06/2026 16:07,"25,9",48,"14,0","1,74","11,62",11
02/06/2026 16:22,"25,9",48,"14,0","1,74","11,62",5
02/06/2026 16:37,"25,9",48,"14,0","1,74","11,62",3
02/06/2026 16:52,"25,9",48,"14,0","1,74","11,62",1
02/06/2026 17:07,"25,7",49,"14,2","1,68","11,73",1
02/06/2026 17:22,"25,7",49,"14,2","1,68","11,73",1
02/06/2026 17:37,"25,7",49,"14,2","1,68","11,73",1
02/06/2026 17:52,"25,7",49,"14,2","1,68","11,73",4
02/06/2026 18:07,"25,7",49,"14,2","1,68","11,73",5
02/06/2026 18:22,"25,7",49,"14,2","1,68","11,73",10
02/06/2026 18:37,"25,7",49,"14,2","1,68","11,73",11
02/06/2026 18:52,"25,7",49,"14,2","1,68","11,73",9
02/06/2026 19:07,"25,7",49,"14,2","1,68","11,73",8
02/06/2026 19:22,"25,7",49,"14,2","1,68","11,73",8
02/06/2026 19:37,"25,5",48,"13,7","1,70","11,36",9
02/06/2026 19:52,"25,5",48,"13,7","1,70","11,36",7
02/06/2026 20:07,"25,5",48,"13,7","1,70","11,36",6
02/06/2026 20:22,"25,5",48,"13,7","1,70","11,36",9
02/06/2026 20:37,"25,5",48,"13,7","1,70","11,36",15
02/06/2026 20:52,"25,5",48,"13,7","1,70","11,36",4
02/06/2026 21:07,"25,5",48,"13,7","1,70","11,36",1
02/06/2026 21:22,"25,5",48,"13,7","1,70","11,36",1
02/06/2026 21:37,"25,5",50,"14,3","1,63","11,84",1
02/06/2026 21:52,"25,5",50,"14,3","1,63","11,84",1
02/06/2026 22:07,"25,5",50,"14,3","1,63","11,84",1
02/06/2026 22:22,"25,5",50,"14,3","1,63","11,84",1
02/06/2026 22:37,"25,5",50,"14,3","1,63","11,84",1
02/06/2026 22:52,"25,5",50,"14,3","1,63","11,84",1
02/06/2026 23:07,"25,5",50,"14,3","1,63","11,84",1
02/06/2026 23:22,"25,5",50,"14,3","1,63","11,84",1
02/06/2026 23:37,"25,5",50,"14,3","1,63","11,84",1
02/06/2026 23:52,"25,5",50,"14,3","1,63","11,84",1
03/06/2026 00:07,"25,5",50,"14,3","1,63","11,84",1
03/06/2026 00:22,"25,5",50,"14,3","1,63","11,84",1
03/06/2026 00:37,"25,5",50,"14,3","1,63","11,84",1
03/06/2026 00:52,"25,5",50,"14,3","1,63","11,84",1
03/06/2026 01:07,"25,5",50,"14,3","1,63","11,84",1
03/06/2026 01:22,"25,5",50,"14,3","1,63","11,84",1
03/06/2026 01:37,"25,5",50,"14,3","1,63","11,84",1
03/06/2026 01:52,"25,5",50,"14,3","1,63","11,84",1
03/06/2026 02:07,"25,5",50,"14,3","1,63","11,84",1
03/06/2026 02:22,"25,5",50,"14,3","1,63","11,84",1
03/06/2026 02:37,"25,5",50,"14,3","1,63","11,84",1
03/06/2026 02:52,"25,5",50,"14,3","1,63","11,84",1
03/06/2026 03:07,"25,5",50,"14,3","1,63","11,84",1
03/06/2026 03:22,"25,5",50,"14,3","1,63","11,84",1
03/06/2026 03:37,"25,5",50,"14,3","1,63","11,84",1
03/06/2026 03:52,"25,5",50,"14,3","1,63","11,84",1
03/06/2026 04:07,"25,3",50,"14,1","1,61","11,71",1
03/06/2026 04:22,"25,3",50,"14,1","1,61","11,71",1
03/06/2026 04:37,"25,3",50,"14,1","1,61","11,71",1
03/06/2026 04:52,"25,3",50,"14,1","1,61","11,71",1
03/06/2026 05:07,"25,3",50,"14,1","1,61","11,71",1
03/06/2026 05:22,"25,3",50,"14,1","1,61","11,71",1
03/06/2026 05:37,"25,3",50,"14,1","1,61","11,71",1
03/06/2026 05:52,"25,3",50,"14,1","1,61","11,71",1
03/06/2026 06:07,"25,3",50,"14,1","1,61","11,71",1
03/06/2026 06:22,"25,3",50,"14,1","1,61","11,71",1
03/06/2026 06:37,"25,3",50,"14,1","1,61","11,71",1
03/06/2026 06:52,"25,3",50,"14,1","1,61","11,71",1
03/06/2026 07:07,"25,3",50,"14,1","1,61","11,71",2
03/06/2026 07:22,"25,3",50,"14,1","1,61","11,71",11
03/06/2026 07:37,"25,5",50,"14,3","1,63","11,84",10
03/06/2026 07:52,"25,5",50,"14,3","1,63","11,84",10
03/06/2026 08:07,"25,5",50,"14,3","1,63","11,84",6
03/06/2026 08:22,"25,5",50,"14,3","1,63","11,84",6
03/06/2026 08:37,"25,5",50,"14,3","1,63","11,84",7
03/06/2026 08:52,"25,5",50,"14,3","1,63","11,84",11
03/06/2026 09:07,"25,5",50,"14,3","1,63","11,84",11
03/06/2026 09:22,"25,5",50,"14,3","1,63","11,84",11
03/06/2026 09:37,"25,5",50,"14,3","1,63","11,84",11
03/06/2026 09:52,"25,7",50,"14,5","1,65","11,97",11
03/06/2026 10:07,"25,7",50,"14,5","1,65","11,97",11
03/06/2026 10:22,"25,7",50,"14,5","1,65","11,97",12
03/06/2026 10:37,"25,7",50,"14,5","1,65","11,97",12
03/06/2026 10:52,"25,7",50,"14,5","1,65","11,97",12
03/06/2026 11:07,"25,7",50,"14,5","1,65","11,97",12
03/06/2026 11:22,"25,7",50,"14,5","1,65","11,97",12
03/06/2026 11:37,"25,7",50,"14,5","1,65","11,97",12
03/06/2026 11:52,"25,7",50,"14,5","1,65","11,97",12
03/06/2026 12:07,"25,7",50,"14,5","1,65","11,97",12
03/06/2026 12:22,"25,7",50,"14,5","1,65","11,97",12
03/06/2026 12:37,"25,7",50,"14,5","1,65","11,97",12
03/06/2026 12:52,"25,7",50,"14,5","1,65","11,97",11
03/06/2026 13:07,"25,7",50,"14,5","1,65","11,97",11
03/06/2026 13:22,"25,7",50,"14,5","1,65","11,97",11
03/06/2026 13:37,"25,7",50,"14,5","1,65","11,97",11
03/06/2026 13:52,"25,7",50,"14,5","1,65","11,97",11
03/06/2026 14:07,"25,7",50,"14,5","1,65","11,97",11
03/06/2026 14:22,"25,7",50,"14,5","1,65","11,97",12
03/06/2026 14:37,"25,7",50,"14,5","1,65","11,97",12
03/06/2026 14:52,"25,7",50,"14,5","1,65","11,97",12
03/06/2026 15:07,"25,7",50,"14,5","1,65","11,97",12
03/06/2026 15:22,"25,9",49,"14,4","1,70","11,86",12
03/06/2026 15:37,"25,9",49,"14,4","1,70","11,86",12
03/06/2026 15:52,"25,9",49,"14,4","1,70","11,86",12
03/06/2026 16:07,"25,9",49,"14,4","1,70","11,86",12
03/06/2026 16:22,"25,9",49,"14,4","1,70","11,86",12
03/06/2026 16:37,"25,9",49,"14,4","1,70","11,86",12
03/06/2026 16:52,"25,9",49,"14,4","1,70","11,86",12
03/06/2026 17:07,"25,9",49,"14,4","1,70","11,86",12
03/06/2026 17:22,"25,9",49,"14,4","1,70","11,86",12
03/06/2026 17:37,"25,9",49,"14,4","1,70","11,86",12
03/06/2026 17:52,"25,9",49,"14,4","1,70","11,86",12
03/06/2026 18:07,"25,9",49,"14,4","1,70","11,86",12
03/06/2026 18:22,"25,9",49,"14,4","1,70","11,86",11
03/06/2026 18:37,"25,9",49,"14,4","1,70","11,86",12
03/06/2026 18:52,"25,9",49,"14,4","1,70","11,86",12
03/06/2026 19:07,"25,9",49,"14,4","1,70","11,86",12
03/06/2026 19:22,"25,9",49,"14,4","1,70","11,86",12
03/06/2026 19:37,"26,1",48,"14,2","1,76","11,75",12
03/06/2026 19:52,"26,1",48,"14,2","1,76","11,75",12
03/06/2026 20:07,"26,1",48,"14,2","1,76","11,75",12
03/06/2026 20:22,"26,1",48,"14,2","1,76","11,75",11
03/06/2026 20:37,"26,1",48,"14,2","1,76","11,75",13
03/06/2026 20:52,"26,1",48,"14,2","1,76","11,75",3
03/06/2026 21:07,"25,9",47,"13,7","1,77","11,38",1
03/06/2026 21:22,"25,9",47,"13,7","1,77","11,38",1
03/06/2026 21:37,"25,9",47,"13,7","1,77","11,38",1
03/06/2026 21:52,"25,9",47,"13,7","1,77","11,38",1
03/06/2026 22:07,"25,7",48,"13,9","1,72","11,49",1
03/06/2026 22:22,"25,7",48,"13,9","1,72","11,49",1
03/06/2026 22:37,"25,7",48,"13,9","1,72","11,49",1
03/06/2026 22:52,"25,7",48,"13,9","1,72","11,49",1
03/06/2026 23:07,"25,7",48,"13,9","1,72","11,49",1
03/06/2026 23:22,"25,7",48,"13,9","1,72","11,49",1
03/06/2026 23:37,"25,7",48,"13,9","1,72","11,49",1
03/06/2026 23:52,"25,7",48,"13,9","1,72","11,49",1
04/06/2026 00:07,"25,7",48,"13,9","1,72","11,49",1
04/06/2026 00:22,"25,7",48,"13,9","1,72","11,49",1
04/06/2026 00:37,"25,7",48,"13,9","1,72","11,49",1
04/06/2026 00:52,"25,7",48,"13,9","1,72","11,49",1
04/06/2026 01:07,"25,7",48,"13,9","1,72","11,49",1
04/06/2026 01:22,"25,7",48,"13,9","1,72","11,49",1
04/06/2026 01:37,"25,7",48,"13,9","1,72","11,49",1
04/06/2026 01:52,"25,7",48,"13,9","1,72","11,49",1
04/06/2026 02:07,"25,7",48,"13,9","1,72","11,49",1
04/06/2026 02:22,"25,7",48,"13,9","1,72","11,49",1
04/06/2026 02:37,"25,7",48,"13,9","1,72","11,49",1
04/06/2026 02:52,"25,5",48,"13,7","1,70","11,36",1
04/06/2026 03:07,"25,5",48,"13,7","1,70","11,36",1
04/06/2026 03:22,"25,5",48,"13,7","1,70","11,36",1
04/06/2026 03:37,"25,5",48,"13,7","1,70","11,36",1
04/06/2026 03:52,"25,5",48,"13,7","1,70","11,36",1
04/06/2026 04:07,"25,5",48,"13,7","1,70","11,36",1
04/06/2026 04:22,"25,5",48,"13,7","1,70","11,36",1
04/06/2026 04:37,"25,5",48,"13,7","1,70","11,36",1
04/06/2026 04:52,"25,5",48,"13,7","1,70","11,36",1
04/06/2026 05:07,"25,5",48,"13,7","1,70","11,36",1
04/06/2026 05:22,"25,5",48,"13,7","1,70","11,36",1
04/06/2026 05:37,"25,5",48,"13,7","1,70","11,36",1
04/06/2026 05:52,"25,5",48,"13,7","1,70","11,36",1
04/06/2026 06:07,"25,5",48,"13,7","1,70","11,36",1
04/06/2026 06:22,"25,5",48,"13,7","1,70","11,36",1
04/06/2026 06:37,"25,5",48,"13,7","1,70","11,36",1
04/06/2026 06:52,"25,5",48,"13,7","1,70","11,36",2
04/06/2026 07:07,"25,5",48,"13,7","1,70","11,36",4
04/06/2026 07:22,"25,5",48,"13,7","1,70","11,36",5
04/06/2026 07:37,"25,5",48,"13,7","1,70","11,36",3
04/06/2026 07:52,"25,5",48,"13,7","1,70","11,36",11
04/06/2026 08:07,"25,5",48,"13,7","1,70","11,36",9
04/06/2026 08:22,"25,5",48,"13,7","1,70","11,36",7
04/06/2026 08:37,"25,5",48,"13,7","1,70","11,36",7
04/06/2026 08:52,"25,5",48,"13,7","1,70","11,36",10
04/06/2026 09:07,"25,5",48,"13,7","1,70","11,36",10
04/06/2026 09:22,"25,5",48,"13,7","1,70","11,36",11
04/06/2026 09:37,"25,5",48,"13,7","1,70","11,36",11
04/06/2026 09:52,"25,7",48,"13,9","1,72","11,49",11
04/06/2026 10:07,"25,7",48,"13,9","1,72","11,49",11
04/06/2026 10:22,"25,7",48,"13,9","1,72","11,49",11
04/06/2026 10:37,"25,7",48,"13,9","1,72","11,49",11
04/06/2026 10:52,"25,7",48,"13,9","1,72","11,49",11
04/06/2026 11:07,"25,7",48,"13,9","1,72","11,49",11
04/06/2026 11:22,"25,7",48,"13,9","1,72","11,49",11
04/06/2026 11:37,"25,7",48,"13,9","1,72","11,49",12
04/06/2026 11:52,"25,7",48,"13,9","1,72","11,49",9
04/06/2026 12:07,"25,8",50,"14,6","1,66","12,04",11
04/06/2026 12:22,"25,8",50,"14,6","1,66","12,04",5
04/06/2026 12:37,"25,8",50,"14,6","1,66","12,04",7
04/06/2026 12:52,"25,8",50,"14,6","1,66","12,04",8
04/06/2026 13:07,"25,8",50,"14,6","1,66","12,04",10
04/06/2026 13:22,"25,8",50,"14,6","1,66","12,04",10
04/06/2026 13:37,"25,8",50,"14,6","1,66","12,04",8
04/06/2026 13:52,"25,8",50,"14,6","1,66","12,04",5
04/06/2026 14:07,"25,8",50,"14,6","1,66","12,04",4
04/06/2026 14:22,"25,8",50,"14,6","1,66","12,04",4
04/06/2026 14:37,"25,6",49,"14,1","1,67","11,67",4
04/06/2026 14:52,"25,6",49,"14,1","1,67","11,67",5
04/06/2026 15:07,"25,6",49,"14,1","1,67","11,67",4
04/06/2026 15:22,"25,6",49,"14,1","1,67","11,67",4
04/06/2026 15:37,"25,6",49,"14,1","1,67","11,67",4
04/06/2026 15:52,"25,6",49,"14,1","1,67","11,67",4
04/06/2026 16:07,"25,6",49,"14,1","1,67","11,67",4
04/06/2026 16:22,"25,6",49,"14,1","1,67","11,67",5
04/06/2026 16:37,"25,6",49,"14,1","1,67","11,67",4
04/06/2026 16:52,"25,6",49,"14,1","1,67","11,67",4
04/06/2026 17:07,"25,6",49,"14,1","1,67","11,67",3
04/06/2026 17:22,"25,6",49,"14,1","1,67","11,67",3
04/06/2026 17:37,"25,6",49,"14,1","1,67","11,67",3
04/06/2026 17:52,"25,6",49,"14,1","1,67","11,67",3
04/06/2026 18:07,"25,6",49,"14,1","1,67","11,67",3
04/06/2026 18:22,"25,6",49,"14,1","1,67","11,67",2
04/06/2026 18:37,"25,6",49,"14,1","1,67","11,67",1
04/06/2026 18:52,"25,6",49,"14,1","1,67","11,67",1
04/06/2026 19:07,"25,6",49,"14,1","1,67","11,67",1
04/06/2026 19:22,"25,6",49,"14,1","1,67","11,67",1
04/06/2026 19:37,"25,6",49,"14,1","1,67","11,67",1
04/06/2026 19:52,"25,6",49,"14,1","1,67","11,67",1
04/06/2026 20:07,"25,6",49,"14,1","1,67","11,67",1
04/06/2026 20:22,"25,6",49,"14,1","1,67","11,67",1
04/06/2026 20:37,"25,6",49,"14,1","1,67","11,67",1
04/06/2026 20:52,"25,6",49,"14,1","1,67","11,67",1
04/06/2026 21:07,"25,6",49,"14,1","1,67","11,67",1
04/06/2026 21:22,"25,6",49,"14,1","1,67","11,67",1
04/06/2026 21:37,"25,6",49,"14,1","1,67","11,67",1
04/06/2026 21:52,"25,6",49,"14,1","1,67","11,67",1
04/06/2026 22:07,"25,6",49,"14,1","1,67","11,67",1
04/06/2026 22:22,"25,6",49,"14,1","1,67","11,67",1
04/06/2026 22:37,"25,6",49,"14,1","1,67","11,67",1
04/06/2026 22:52,"25,6",49,"14,1","1,67","11,67",1
04/06/2026 23:07,"25,6",49,"14,1","1,67","11,67",1
04/06/2026 23:22,"25,4",48,"13,6","1,69","11,30",1
04/06/2026 23:37,"25,4",48,"13,6","1,69","11,30",1
04/06/2026 23:52,"25,4",48,"13,6","1,69","11,30",1
05/06/2026 00:07,"25,4",48,"13,6","1,69","11,30",1
05/06/2026 00:22,"25,4",48,"13,6","1,69","11,30",1
05/06/2026 00:37,"25,4",48,"13,6","1,69","11,30",1
05/06/2026 00:52,"25,4",48,"13,6","1,69","11,30",1
05/06/2026 01:07,"25,4",48,"13,6","1,69","11,30",1
05/06/2026 01:22,"25,4",48,"13,6","1,69","11,30",1
05/06/2026 01:37,"25,4",48,"13,6","1,69","11,30",1
05/06/2026 01:52,"25,4",48,"13,6","1,69","11,30",1
05/06/2026 02:07,"25,4",48,"13,6","1,69","11,30",1
05/06/2026 02:22,"25,4",48,"13,6","1,69","11,30",1
05/06/2026 02:37,"25,4",48,"13,6","1,69","11,30",1
05/06/2026 02:52,"25,4",48,"13,6","1,69","11,30",1
05/06/2026 03:07,"25,2",48,"13,4","1,67","11,17",1
05/06/2026 03:22,"25,2",48,"13,4","1,67","11,17",1
05/06/2026 03:37,"25,2",48,"13,4","1,67","11,17",1
05/06/2026 03:52,"25,2",48,"13,4","1,67","11,17",1
05/06/2026 04:07,"25,2",48,"13,4","1,67","11,17",1
05/06/2026 04:22,"25,2",48,"13,4","1,67","11,17",1
05/06/2026 04:37,"25,2",48,"13,4","1,67","11,17",1
05/06/2026 04:52,"25,2",48,"13,4","1,67","11,17",1
05/06/2026 05:07,"25,2",48,"13,4","1,67","11,17",1
05/06/2026 05:22,"25,2",48,"13,4","1,67","11,17",1
05/06/2026 05:37,"25,2",48,"13,4","1,67","11,17",1
05/06/2026 05:52,"25,2",48,"13,4","1,67","11,17",1
05/06/2026 06:07,"25,2",48,"13,4","1,67","11,17",1
05/06/2026 06:22,"25,2",48,"13,4","1,67","11,17",1
05/06/2026 06:37,"25,2",48,"13,4","1,67","11,17",1
05/06/2026 06:52,"25,2",48,"13,4","1,67","11,17",1
05/06/2026 07:07,"25,2",48,"13,4","1,67","11,17",1
05/06/2026 07:22,"25,2",48,"13,4","1,67","11,17",1
05/06/2026 07:37,"25,2",48,"13,4","1,67","11,17",1
05/06/2026 07:52,"25,2",48,"13,4","1,67","11,17",1
05/06/2026 08:07,"25,2",48,"13,4","1,67","11,17",1
05/06/2026 08:22,"25,2",48,"13,4","1,67","11,17",3
05/06/2026 08:37,"25,2",48,"13,4","1,67","11,17",3
05/06/2026 08:52,"25,2",48,"13,4","1,67","11,17",4
05/06/2026 09:07,"25,2",48,"13,4","1,67","11,17",4
05/06/2026 09:22,"25,2",48,"13,4","1,67","11,17",6
05/06/2026 09:37,"25,2",48,"13,4","1,67","11,17",9
05/06/2026 09:52,"25,2",48,"13,4","1,67","11,17",11
05/06/2026 10:07,"25,2",48,"13,4","1,67","11,17",11
05/06/2026 10:22,"25,2",48,"13,4","1,67","11,17",11
05/06/2026 10:37,"25,2",48,"13,4","1,67","11,17",10
05/06/2026 10:52,"25,2",48,"13,4","1,67","11,17",11
05/06/2026 11:07,"25,4",49,"13,9","1,65","11,54",11
05/06/2026 11:22,"25,4",49,"13,9","1,65","11,54",11
05/06/2026 11:37,"25,4",49,"13,9","1,65","11,54",11
05/06/2026 11:52,"25,4",49,"13,9","1,65","11,54",11
05/06/2026 12:07,"25,4",49,"13,9","1,65","11,54",11
05/06/2026 12:22,"25,4",49,"13,9","1,65","11,54",11
05/06/2026 12:37,"25,4",49,"13,9","1,65","11,54",11
05/06/2026 12:52,"25,4",49,"13,9","1,65","11,54",11
05/06/2026 13:07,"25,4",49,"13,9","1,65","11,54",11
05/06/2026 13:22,"25,4",49,"13,9","1,65","11,54",11
05/06/2026 13:37,"25,4",49,"13,9","1,65","11,54",11
05/06/2026 13:52,"25,4",49,"13,9","1,65","11,54",11
05/06/2026 14:07,"25,4",49,"13,9","1,65","11,54",11
05/06/2026 14:22,"25,4",49,"13,9","1,65","11,54",11
05/06/2026 14:37,"25,4",49,"13,9","1,65","11,54",11
05/06/2026 14:52,"25,4",49,"13,9","1,65","11,54",11
05/06/2026 15:07,"25,4",49,"13,9","1,65","11,54",11
05/06/2026 15:22,"25,4",49,"13,9","1,65","11,54",11
05/06/2026 15:37,"25,4",49,"13,9","1,65","11,54",11
05/06/2026 15:52,"25,4",49,"13,9","1,65","11,54",11
05/06/2026 16:07,"25,6",48,"13,8","1,71","11,43",11
05/06/2026 16:22,"25,6",48,"13,8","1,71","11,43",11
05/06/2026 16:37,"25,6",48,"13,8","1,71","11,43",11
05/06/2026 16:52,"25,6",48,"13,8","1,71","11,43",11
05/06/2026 17:07,"25,6",48,"13,8","1,71","11,43",11
05/06/2026 17:22,"25,6",48,"13,8","1,71","11,43",10
05/06/2026 17:37,"25,6",48,"13,8","1,71","11,43",8
05/06/2026 17:52,"25,6",48,"13,8","1,71","11,43",11
05/06/2026 18:07,"25,6",48,"13,8","1,71","11,43",11
05/06/2026 18:22,"25,4",47,"13,3","1,72","11,06",10
05/06/2026 18:37,"25,4",47,"13,3","1,72","11,06",5
05/06/2026 18:52,"25,4",45,"12,6","1,78","10,59",5
05/06/2026 19:07,"25,4",45,"12,6","1,78","10,59",5
05/06/2026 19:22,"25,4",45,"12,6","1,78","10,59",10
05/06/2026 19:37,"25,4",45,"12,6","1,78","10,59",8
05/06/2026 19:52,"25,4",45,"12,6","1,78","10,59",12
05/06/2026 20:07,"25,4",45,"12,6","1,78","10,59",13
05/06/2026 20:22,"25,4",45,"12,6","1,78","10,59",13
05/06/2026 20:37,"25,4",43,"11,9","1,85","10,12",5
05/06/2026 20:52,"25,4",43,"11,9","1,85","10,12",1
05/06/2026 21:07,"25,4",43,"11,9","1,85","10,12",1
05/06/2026 21:22,"25,2",43,"11,7","1,83","10,01",1
05/06/2026 21:37,"25,2",43,"11,7","1,83","10,01",1
05/06/2026 21:52,"25,2",43,"11,7","1,83","10,01",1
05/06/2026 22:07,"25,2",45,"12,4","1,76","10,48",1
05/06/2026 22:22,"25,2",45,"12,4","1,76","10,48",1
05/06/2026 22:37,"25,2",45,"12,4","1,76","10,48",1
05/06/2026 22:52,"25,2",47,"13,1","1,70","10,94",1
05/06/2026 23:07,"25,2",47,"13,1","1,70","10,94",1
05/06/2026 23:22,"25,2",47,"13,1","1,70","10,94",1
05/06/2026 23:37,"25,2",47,"13,1","1,70","10,94",1
05/06/2026 23:52,"25,1",45,"12,3","1,75","10,42",1
06/06/2026 00:07,"25,1",45,"12,3","1,75","10,42",1
06/06/2026 00:22,"25,1",45,"12,3","1,75","10,42",1
06/06/2026 00:37,"25,1",45,"12,3","1,75","10,42",1
06/06/2026 00:52,"25,1",45,"12,3","1,75","10,42",1
06/06/2026 01:07,"25,1",45,"12,3","1,75","10,42",1
06/06/2026 01:22,"25,1",45,"12,3","1,75","10,42",1
06/06/2026 01:37,"24,9",45,"12,1","1,73","10,30",1
06/06/2026 01:52,"24,9",45,"12,1","1,73","10,30",1
06/06/2026 02:07,"24,9",45,"12,1","1,73","10,30",1
06/06/2026 02:22,"24,9",45,"12,1","1,73","10,30",1
06/06/2026 02:37,"24,9",45,"12,1","1,73","10,30",1
06/06/2026 02:52,"24,9",45,"12,1","1,73","10,30",1
06/06/2026 03:07,"25,0",47,"12,9","1,68","10,82",1
06/06/2026 03:22,"25,0",47,"12,9","1,68","10,82",1
06/06/2026 03:37,"25,0",47,"12,9","1,68","10,82",1
06/06/2026 03:52,"25,0",47,"12,9","1,68","10,82",1
06/06/2026 04:07,"25,0",47,"12,9","1,68","10,82",1
06/06/2026 04:22,"25,0",47,"12,9","1,68","10,82",1
06/06/2026 04:37,"25,0",49,"13,5","1,62","11,28",1
06/06/2026 04:52,"25,0",49,"13,5","1,62","11,28",1
06/06/2026 05:07,"25,0",49,"13,5","1,62","11,28",1
06/06/2026 05:22,"25,0",49,"13,5","1,62","11,28",1
06/06/2026 05:37,"25,0",49,"13,5","1,62","11,28",1
06/06/2026 05:52,"25,0",49,"13,5","1,62","11,28",1
06/06/2026 06:07,"25,0",49,"13,5","1,62","11,28",1
06/06/2026 06:22,"25,0",49,"13,5","1,62","11,28",1
06/06/2026 06:37,"25,0",49,"13,5","1,62","11,28",1
06/06/2026 06:52,"25,0",49,"13,5","1,62","11,28",2
06/06/2026 07:07,"25,0",49,"13,5","1,62","11,28",2
06/06/2026 07:22,"25,0",49,"13,5","1,62","11,28",2
06/06/2026 07:37,"25,0",49,"13,5","1,62","11,28",2
06/06/2026 07:52,"25,0",49,"13,5","1,62","11,28",6
06/06/2026 08:07,"25,0",49,"13,5","1,62","11,28",8
06/06/2026 08:22,"25,0",49,"13,5","1,62","11,28",10
06/06/2026 08:37,"25,0",49,"13,5","1,62","11,28",7
06/06/2026 08:52,"25,0",49,"13,5","1,62","11,28",9
06/06/2026 09:07,"25,0",49,"13,5","1,62","11,28",8
06/06/2026 09:22,"25,0",49,"13,5","1,62","11,28",10
06/06/2026 09:37,"25,0",49,"13,5","1,62","11,28",11
06/06/2026 09:52,"25,0",49,"13,5","1,62","11,28",11
06/06/2026 10:07,"25,0",49,"13,5","1,62","11,28",11
06/06/2026 10:22,"25,0",49,"13,5","1,62","11,28",11
06/06/2026 10:37,"25,2",48,"13,4","1,67","11,17",11
06/06/2026 10:52,"25,2",48,"13,4","1,67","11,17",11
06/06/2026 11:07,"25,2",48,"13,4","1,67","11,17",11
06/06/2026 11:22,"25,2",48,"13,4","1,67","11,17",11
06/06/2026 11:37,"25,2",48,"13,4","1,67","11,17",8
06/06/2026 11:52,"25,2",48,"13,4","1,67","11,17",9
06/06/2026 12:07,"25,2",48,"13,4","1,67","11,17",9
06/06/2026 12:22,"25,2",48,"13,4","1,67","11,17",9
06/06/2026 12:37,"25,2",48,"13,4","1,67","11,17",9
06/06/2026 12:52,"25,2",48,"13,4","1,67","11,17",10
06/06/2026 13:07,"25,2",48,"13,4","1,67","11,17",10
06/06/2026 13:22,"25,2",48,"13,4","1,67","11,17",10
06/06/2026 13:37,"25,2",48,"13,4","1,67","11,17",10
06/06/2026 13:52,"25,2",48,"13,4","1,67","11,17",10
06/06/2026 14:07,"25,2",48,"13,4","1,67","11,17",10
06/06/2026 14:22,"25,2",48,"13,4","1,67","11,17",10
06/06/2026 14:37,"25,2",48,"13,4","1,67","11,17",11
06/06/2026 14:52,"25,2",48,"13,4","1,67","11,17",11
06/06/2026 15:07,"25,2",48,"13,4","1,67","11,17",11
06/06/2026 15:22,"25,2",48,"13,4","1,67","11,17",11
06/06/2026 15:37,"25,2",48,"13,4","1,67","11,17",11
06/06/2026 15:52,"25,2",48,"13,4","1,67","11,17",11
06/06/2026 16:07,"25,2",48,"13,4","1,67","11,17",11
06/06/2026 16:22,"25,2",48,"13,4","1,67","11,17",9
06/06/2026 16:37,"25,2",48,"13,4","1,67","11,17",11
06/06/2026 16:52,"25,2",48,"13,4","1,67","11,17",11
06/06/2026 17:07,"25,4",49,"13,9","1,65","11,54",10
06/06/2026 17:22,"25,4",49,"13,9","1,65","11,54",11
06/06/2026 17:37,"25,4",49,"13,9","1,65","11,54",9
06/06/2026 17:52,"25,4",49,"13,9","1,65","11,54",10
06/06/2026 18:07,"25,4",49,"13,9","1,65","11,54",11
06/06/2026 18:22,"25,4",49,"13,9","1,65","11,54",11
06/06/2026 18:37,"25,4",49,"13,9","1,65","11,54",6
06/06/2026 18:52,"25,4",49,"13,9","1,65","11,54",5
06/06/2026 19:07,"25,4",49,"13,9","1,65","11,54",5
06/06/2026 19:22,"25,4",49,"13,9","1,65","11,54",5
06/06/2026 19:37,"25,4",49,"13,9","1,65","11,54",10
06/06/2026 19:52,"25,4",49,"13,9","1,65","11,54",7
06/06/2026 20:07,"25,4",49,"13,9","1,65","11,54",12
06/06/2026 20:22,"25,4",49,"13,9","1,65","11,54",4
06/06/2026 20:37,"25,4",49,"13,9","1,65","11,54",3
06/06/2026 20:52,"25,4",49,"13,9","1,65","11,54",3
06/06/2026 21:07,"25,4",49,"13,9","1,65","11,54",1
06/06/2026 21:22,"25,4",49,"13,9","1,65","11,54",1
06/06/2026 21:37,"25,4",49,"13,9","1,65","11,54",1
06/06/2026 21:52,"25,4",49,"13,9","1,65","11,54",1
06/06/2026 22:07,"25,4",49,"13,9","1,65","11,54",1
06/06/2026 22:22,"25,4",49,"13,9","1,65","11,54",1
06/06/2026 22:37,"25,2",49,"13,7","1,63","11,41",1
06/06/2026 22:52,"25,2",49,"13,7","1,63","11,41",1
06/06/2026 23:07,"25,2",49,"13,7","1,63","11,41",1
06/06/2026 23:22,"25,2",49,"13,7","1,63","11,41",1
06/06/2026 23:37,"25,2",49,"13,7","1,63","11,41",1
06/06/2026 23:52,"25,2",49,"13,7","1,63","11,41",1
07/06/2026 00:07,"25,2",49,"13,7","1,63","11,41",1
07/06/2026 00:22,"25,2",49,"13,7","1,63","11,41",1
07/06/2026 00:37,"25,2",49,"13,7","1,63","11,41",1
07/06/2026 00:52,"25,2",49,"13,7","1,63","11,41",1
07/06/2026 01:07,"25,2",49,"13,7","1,63","11,41",1
07/06/2026 01:22,"25,2",49,"13,7","1,63","11,41",1
07/06/2026 01:37,"25,2",49,"13,7","1,63","11,41",1
07/06/2026 01:52,"25,2",49,"13,7","1,63","11,41",1
07/06/2026 02:07,"25,2",49,"13,7","1,63","11,41",1
07/06/2026 02:22,"25,2",49,"13,7","1,63","11,41",1
07/06/2026 02:37,"25,2",49,"13,7","1,63","11,41",1
07/06/2026 02:52,"25,2",49,"13,7","1,63","11,41",1
07/06/2026 03:07,"25,2",49,"13,7","1,63","11,41",1
07/06/2026 03:22,"25,2",49,"13,7","1,63","11,41",1
07/06/2026 03:37,"25,2",49,"13,7","1,63","11,41",1
07/06/2026 03:52,"25,2",49,"13,7","1,63","11,41",1
07/06/2026 04:07,"25,2",49,"13,7","1,63","11,41",1
07/06/2026 04:22,"25,2",49,"13,7","1,63","11,41",1
07/06/2026 04:37,"25,2",49,"13,7","1,63","11,41",1
07/06/2026 04:52,"25,2",49,"13,7","1,63","11,41",1
07/06/2026 05:07,"25,2",49,"13,7","1,63","11,41",1
07/06/2026 05:22,"25,1",47,"13,0","1,69","10,88",1
07/06/2026 05:37,"25,1",47,"13,0","1,69","10,88",1
07/06/2026 05:52,"25,1",47,"13,0","1,69","10,88",1
07/06/2026 06:07,"25,1",47,"13,0","1,69","10,88",1
07/06/2026 06:22,"25,1",47,"13,0","1,69","10,88",1
07/06/2026 06:37,"25,1",47,"13,0","1,69","10,88",2
07/06/2026 06:52,"25,1",47,"13,0","1,69","10,88",4
07/06/2026 07:07,"25,1",47,"13,0","1,69","10,88",12
07/06/2026 07:22,"25,1",47,"13,0","1,69","10,88",12
07/06/2026 07:37,"25,1",47,"13,0","1,69","10,88",12
07/06/2026 07:52,"25,1",47,"13,0","1,69","10,88",12
07/06/2026 08:07,"25,3",47,"13,2","1,71","11,00",12
07/06/2026 08:22,"25,3",47,"13,2","1,71","11,00",12
07/06/2026 08:37,"25,3",47,"13,2","1,71","11,00",12
07/06/2026 08:52,"25,3",47,"13,2","1,71","11,00",12
07/06/2026 09:07,"25,3",47,"13,2","1,71","11,00",11
07/06/2026 09:22,"25,3",47,"13,2","1,71","11,00",11
07/06/2026 09:37,"25,3",47,"13,2","1,71","11,00",11
07/06/2026 09:52,"25,3",47,"13,2","1,71","11,00",11
07/06/2026 10:07,"25,3",47,"13,2","1,71","11,00",11
07/06/2026 10:22,"25,3",47,"13,2","1,71","11,00",11
07/06/2026 10:37,"25,3",47,"13,2","1,71","11,00",11
07/06/2026 10:52,"25,3",47,"13,2","1,71","11,00",11
07/06/2026 11:07,"25,3",47,"13,2","1,71","11,00",11
07/06/2026 11:22,"25,3",47,"13,2","1,71","11,00",11
07/06/2026 11:37,"25,3",47,"13,2","1,71","11,00",11
07/06/2026 11:52,"25,3",47,"13,2","1,71","11,00",11
07/06/2026 12:07,"25,3",47,"13,2","1,71","11,00",11
07/06/2026 12:22,"25,3",47,"13,2","1,71","11,00",11
07/06/2026 12:37,"25,3",47,"13,2","1,71","11,00",11
07/06/2026 12:52,"25,3",47,"13,2","1,71","11,00",11
07/06/2026 13:07,"25,3",47,"13,2","1,71","11,00",11
07/06/2026 13:22,"25,3",47,"13,2","1,71","11,00",11
07/06/2026 13:37,"25,3",47,"13,2","1,71","11,00",11
07/06/2026 13:52,"25,3",47,"13,2","1,71","11,00",11
07/06/2026 14:07,"25,3",47,"13,2","1,71","11,00",11
07/06/2026 14:22,"25,3",47,"13,2","1,71","11,00",11
07/06/2026 14:37,"25,3",47,"13,2","1,71","11,00",11
07/06/2026 14:52,"25,3",47,"13,2","1,71","11,00",11
07/06/2026 15:07,"25,5",48,"13,7","1,70","11,36",11
07/06/2026 15:22,"25,5",48,"13,7","1,70","11,36",11
07/06/2026 15:37,"25,5",48,"13,7","1,70","11,36",11
07/06/2026 15:52,"25,5",48,"13,7","1,70","11,36",11
07/06/2026 16:07,"25,5",48,"13,7","1,70","11,36",11
07/06/2026 16:22,"25,5",48,"13,7","1,70","11,36",11
07/06/2026 16:37,"25,5",48,"13,7","1,70","11,36",11
07/06/2026 16:52,"25,5",48,"13,7","1,70","11,36",11
07/06/2026 17:07,"25,5",48,"13,7","1,70","11,36",11
07/06/2026 17:22,"25,5",48,"13,7","1,70","11,36",11
07/06/2026 17:37,"25,5",48,"13,7","1,70","11,36",11
07/06/2026 17:52,"25,5",48,"13,7","1,70","11,36",11
07/06/2026 18:07,"25,5",46,"13,0","1,76","10,89",11
07/06/2026 18:22,"25,5",46,"13,0","1,76","10,89",11
07/06/2026 18:37,"25,5",46,"13,0","1,76","10,89",11
07/06/2026 18:52,"25,5",46,"13,0","1,76","10,89",11
07/06/2026 19:07,"25,7",45,"12,9","1,82","10,77",12
07/06/2026 19:22,"25,7",45,"12,9","1,82","10,77",12
07/06/2026 19:37,"25,7",45,"12,9","1,82","10,77",12
07/06/2026 19:52,"25,7",45,"12,9","1,82","10,77",13
07/06/2026 20:07,"25,9",44,"12,7","1,87","10,65",13
07/06/2026 20:22,"25,9",44,"12,7","1,87","10,65",13
07/06/2026 20:37,"26,0",46,"13,5","1,82","11,20",13
07/06/2026 20:52,"26,0",46,"13,5","1,82","11,20",12
07/06/2026 21:07,"26,0",46,"13,5","1,82","11,20",3
07/06/2026 21:22,"25,8",47,"13,6","1,76","11,32",1
07/06/2026 21:37,"25,8",47,"13,6","1,76","11,32",1
07/06/2026 21:52,"25,8",47,"13,6","1,76","11,32",1
07/06/2026 22:07,"25,6",46,"13,1","1,77","10,95",1
07/06/2026 22:22,"25,6",46,"13,1","1,77","10,95",1
07/06/2026 22:37,"25,6",46,"13,1","1,77","10,95",1
07/06/2026 22:52,"25,6",46,"13,1","1,77","10,95",1
07/06/2026 23:07,"25,6",46,"13,1","1,77","10,95",1
07/06/2026 23:22,"25,6",46,"13,1","1,77","10,95",1
07/06/2026 23:37,"25,6",46,"13,1","1,77","10,95",1
07/06/2026 23:52,"25,6",46,"13,1","1,77","10,95",1
08/06/2026 00:07,"25,6",46,"13,1","1,77","10,95",1
08/06/2026 00:22,"25,6",46,"13,1","1,77","10,95",1
08/06/2026 00:37,"25,6",46,"13,1","1,77","10,95",1
08/06/2026 00:52,"25,6",46,"13,1","1,77","10,95",1
08/06/2026 01:07,"25,6",46,"13,1","1,77","10,95",1
08/06/2026 01:22,"25,6",46,"13,1","1,77","10,95",1
08/06/2026 01:37,"25,6",46,"13,1","1,77","10,95",1
08/06/2026 01:52,"25,4",47,"13,3","1,72","11,06",1
08/06/2026 02:07,"25,4",47,"13,3","1,72","11,06",1
08/06/2026 02:22,"25,4",47,"13,3","1,72","11,06",1
08/06/2026 02:37,"25,4",47,"13,3","1,72","11,06",1
08/06/2026 02:52,"25,4",47,"13,3","1,72","11,06",1
08/06/2026 03:07,"25,4",47,"13,3","1,72","11,06",1
08/06/2026 03:22,"25,4",47,"13,3","1,72","11,06",1
08/06/2026 03:37,"25,4",47,"13,3","1,72","11,06",1
08/06/2026 03:52,"25,4",47,"13,3","1,72","11,06",1
08/06/2026 04:07,"25,2",46,"12,8","1,73","10,71",1
08/06/2026 04:22,"25,2",46,"12,8","1,73","10,71",1
08/06/2026 04:37,"25,2",46,"12,8","1,73","10,71",1
08/06/2026 04:52,"25,2",46,"12,8","1,73","10,71",1
08/06/2026 05:07,"25,2",46,"12,8","1,73","10,71",1
08/06/2026 05:22,"25,2",46,"12,8","1,73","10,71",1
08/06/2026 05:37,"25,2",46,"12,8","1,73","10,71",1
08/06/2026 05:52,"25,2",46,"12,8","1,73","10,71",1
08/06/2026 06:07,"25,2",46,"12,8","1,73","10,71",2
08/06/2026 06:22,"25,2",46,"12,8","1,73","10,71",6
08/06/2026 06:37,"25,2",46,"12,8","1,73","10,71",11
08/06/2026 06:52,"25,2",46,"12,8","1,73","10,71",10
08/06/2026 07:07,"25,2",46,"12,8","1,73","10,71",12
08/06/2026 07:22,"25,2",46,"12,8","1,73","10,71",12
08/06/2026 07:37,"25,2",46,"12,8","1,73","10,71",12
08/06/2026 07:52,"25,2",46,"12,8","1,73","10,71",12
08/06/2026 08:07,"25,2",46,"12,8","1,73","10,71",12
08/06/2026 08:22,"25,2",46,"12,8","1,73","10,71",12
08/06/2026 08:37,"25,2",46,"12,8","1,73","10,71",12
08/06/2026 08:52,"25,2",46,"12,8","1,73","10,71",11
08/06/2026 09:07,"25,2",46,"12,8","1,73","10,71",11
08/06/2026 09:22,"25,2",46,"12,8","1,73","10,71",11
08/06/2026 09:37,"25,2",46,"12,8","1,73","10,71",11
08/06/2026 09:52,"25,4",47,"13,3","1,72","11,06",11
08/06/2026 10:07,"25,4",47,"13,3","1,72","11,06",11
08/06/2026 10:22,"25,4",47,"13,3","1,72","11,06",11
08/06/2026 10:37,"25,4",47,"13,3","1,72","11,06",11
08/06/2026 10:52,"25,4",47,"13,3","1,72","11,06",11
08/06/2026 11:07,"25,4",49,"13,9","1,65","11,54",11
08/06/2026 11:22,"25,4",49,"13,9","1,65","11,54",11
08/06/2026 11:37,"25,4",49,"13,9","1,65","11,54",11
08/06/2026 11:52,"25,4",49,"13,9","1,65","11,54",11
08/06/2026 12:07,"25,4",49,"13,9","1,65","11,54",11
08/06/2026 12:22,"25,4",49,"13,9","1,65","11,54",11
08/06/2026 12:37,"25,4",49,"13,9","1,65","11,54",11
08/06/2026 12:52,"25,4",49,"13,9","1,65","11,54",11
08/06/2026 13:07,"25,4",49,"13,9","1,65","11,54",11
08/06/2026 13:22,"25,5",51,"14,6","1,60","12,07",12
08/06/2026 13:37,"25,5",51,"14,6","1,60","12,07",12
08/06/2026 13:52,"25,5",51,"14,6","1,60","12,07",12
08/06/2026 14:07,"25,5",51,"14,6","1,60","12,07",12
08/06/2026 14:22,"25,5",51,"14,6","1,60","12,07",12
08/06/2026 14:37,"25,5",51,"14,6","1,60","12,07",12
08/06/2026 14:52,"25,5",51,"14,6","1,60","12,07",12
08/06/2026 15:07,"25,5",51,"14,6","1,60","12,07",11
08/06/2026 15:22,"25,5",51,"14,6","1,60","12,07",11
08/06/2026 15:37,"25,5",51,"14,6","1,60","12,07",11
08/06/2026 15:52,"25,5",51,"14,6","1,60","12,07",11
08/06/2026 16:07,"25,5",51,"14,6","1,60","12,07",10
08/06/2026 16:22,"25,5",51,"14,6","1,60","12,07",8
08/06/2026 16:37,"25,5",51,"14,6","1,60","12,07",7
08/06/2026 16:52,"25,5",51,"14,6","1,60","12,07",3
08/06/2026 17:07,"25,5",51,"14,6","1,60","12,07",2
08/06/2026 17:22,"25,5",51,"14,6","1,60","12,07",2
08/06/2026 17:37,"25,5",51,"14,6","1,60","12,07",2
08/06/2026 17:52,"25,5",51,"14,6","1,60","12,07",2
08/06/2026 18:07,"25,5",51,"14,6","1,60","12,07",2
08/06/2026 18:22,"25,5",51,"14,6","1,60","12,07",2
08/06/2026 18:37,"25,5",51,"14,6","1,60","12,07",1
08/06/2026 18:52,"25,5",51,"14,6","1,60","12,07",1
08/06/2026 19:07,"25,5",51,"14,6","1,60","12,07",1
08/06/2026 19:22,"25,5",51,"14,6","1,60","12,07",1
08/06/2026 19:37,"25,5",51,"14,6","1,60","12,07",1
08/06/2026 19:52,"25,5",51,"14,6","1,60","12,07",1
08/06/2026 20:07,"25,5",51,"14,6","1,60","12,07",1
08/06/2026 20:22,"25,5",51,"14,6","1,60","12,07",1
08/06/2026 20:37,"25,5",51,"14,6","1,60","12,07",1
08/06/2026 20:52,"25,5",51,"14,6","1,60","12,07",1
08/06/2026 21:07,"25,5",51,"14,6","1,60","12,07",1
08/06/2026 21:22,"25,5",51,"14,6","1,60","12,07",1
08/06/2026 21:37,"25,5",51,"14,6","1,60","12,07",1
08/06/2026 21:52,"25,5",51,"14,6","1,60","12,07",1
08/06/2026 22:07,"25,5",53,"15,2","1,53","12,55",1
08/06/2026 22:22,"25,5",53,"15,2","1,53","12,55",1
08/06/2026 22:37,"25,5",53,"15,2","1,53","12,55",1
08/06/2026 22:52,"25,5",53,"15,2","1,53","12,55",1
08/06/2026 23:07,"25,5",53,"15,2","1,53","12,55",1
08/06/2026 23:22,"25,5",53,"15,2","1,53","12,55",1
08/06/2026 23:37,"25,5",53,"15,2","1,53","12,55",1
08/06/2026 23:52,"25,5",53,"15,2","1,53","12,55",1
09/06/2026 00:07,"25,5",53,"15,2","1,53","12,55",1
09/06/2026 00:22,"25,5",53,"15,2","1,53","12,55",1
09/06/2026 00:37,"25,5",53,"15,2","1,53","12,55",1
09/06/2026 00:52,"25,5",53,"15,2","1,53","12,55",1
09/06/2026 01:07,"25,5",53,"15,2","1,53","12,55",1
09/06/2026 01:22,"25,5",53,"15,2","1,53","12,55",1
09/06/2026 01:37,"25,5",53,"15,2","1,53","12,55",1
09/06/2026 01:52,"25,5",53,"15,2","1,53","12,55",1
09/06/2026 02:07,"25,5",53,"15,2","1,53","12,55",1
09/06/2026 02:22,"25,5",53,"15,2","1,53","12,55",1
09/06/2026 02:37,"25,5",53,"15,2","1,53","12,55",1
09/06/2026 02:52,"25,3",53,"15,0","1,52","12,41",1
09/06/2026 03:07,"25,3",53,"15,0","1,52","12,41",1
09/06/2026 03:22,"25,3",53,"15,0","1,52","12,41",1
09/06/2026 03:37,"25,3",53,"15,0","1,52","12,41",1
09/06/2026 03:52,"25,3",53,"15,0","1,52","12,41",1
09/06/2026 04:07,"25,3",53,"15,0","1,52","12,41",1
09/06/2026 04:22,"25,3",53,"15,0","1,52","12,41",1
09/06/2026 04:37,"25,3",53,"15,0","1,52","12,41",1
09/06/2026 04:52,"25,3",53,"15,0","1,52","12,41",1
09/06/2026 05:07,"25,3",53,"15,0","1,52","12,41",1
09/06/2026 05:22,"25,3",53,"15,0","1,52","12,41",1
09/06/2026 05:37,"25,3",53,"15,0","1,52","12,41",1
09/06/2026 05:52,"25,3",53,"15,0","1,52","12,41",1
09/06/2026 06:07,"25,3",53,"15,0","1,52","12,41",1
09/06/2026 06:22,"25,3",53,"15,0","1,52","12,41",1
09/06/2026 06:37,"25,3",53,"15,0","1,52","12,41",1
09/06/2026 06:52,"25,3",53,"15,0","1,52","12,41",1
09/06/2026 07:07,"25,3",53,"15,0","1,52","12,41",1
09/06/2026 07:22,"25,3",53,"15,0","1,52","12,41",1
09/06/2026 07:37,"25,3",53,"15,0","1,52","12,41",1
09/06/2026 07:52,"25,3",53,"15,0","1,52","12,41",1
09/06/2026 08:07,"25,3",53,"15,0","1,52","12,41",1
09/06/2026 08:22,"25,3",53,"15,0","1,52","12,41",2
09/06/2026 08:37,"25,3",53,"15,0","1,52","12,41",3
09/06/2026 08:52,"25,3",53,"15,0","1,52","12,41",4
09/06/2026 09:07,"25,3",53,"15,0","1,52","12,41",4
09/06/2026 09:22,"25,3",53,"15,0","1,52","12,41",4
09/06/2026 09:37,"25,3",53,"15,0","1,52","12,41",4
09/06/2026 09:52,"25,3",53,"15,0","1,52","12,41",6
09/06/2026 10:07,"25,3",53,"15,0","1,52","12,41",11
09/06/2026 10:22,"25,3",53,"15,0","1,52","12,41",11
09/06/2026 10:37,"25,3",53,"15,0","1,52","12,41",11
09/06/2026 10:52,"25,3",53,"15,0","1,52","12,41",11
09/06/2026 11:07,"25,3",53,"15,0","1,52","12,41",11
09/06/2026 11:22,"25,3",53,"15,0","1,52","12,41",11
09/06/2026 11:37,"25,3",51,"14,4","1,58","11,94",11
09/06/2026 11:52,"25,3",51,"14,4","1,58","11,94",11
09/06/2026 12:07,"25,3",51,"14,4","1,58","11,94",11
09/06/2026 12:22,"25,3",51,"14,4","1,58","11,94",11
09/06/2026 12:37,"25,3",51,"14,4","1,58","11,94",11
09/06/2026 12:52,"25,3",51,"14,4","1,58","11,94",11
09/06/2026 13:07,"25,3",51,"14,4","1,58","11,94",11
09/06/2026 13:22,"25,3",51,"14,4","1,58","11,94",11
09/06/2026 13:37,"25,3",51,"14,4","1,58","11,94",11
09/06/2026 13:52,"25,3",51,"14,4","1,58","11,94",11
09/06/2026 14:07,"25,3",51,"14,4","1,58","11,94",11
09/06/2026 14:22,"25,3",51,"14,4","1,58","11,94",11
09/06/2026 14:37,"25,3",51,"14,4","1,58","11,94",11
09/06/2026 14:52,"25,3",51,"14,4","1,58","11,94",11
09/06/2026 15:07,"25,3",51,"14,4","1,58","11,94",11
09/06/2026 15:22,"25,3",51,"14,4","1,58","11,94",11
09/06/2026 15:37,"25,3",51,"14,4","1,58","11,94",11
09/06/2026 15:52,"25,3",51,"14,4","1,58","11,94",10
09/06/2026 16:07,"25,3",51,"14,4","1,58","11,94",10
09/06/2026 16:22,"25,3",51,"14,4","1,58","11,94",10
09/06/2026 16:37,"25,3",51,"14,4","1,58","11,94",7
09/06/2026 16:52,"25,3",51,"14,4","1,58","11,94",7
09/06/2026 17:07,"25,3",51,"14,4","1,58","11,94",8
09/06/2026 17:22,"25,3",51,"14,4","1,58","11,94",5
09/06/2026 17:37,"25,3",51,"14,4","1,58","11,94",4
09/06/2026 17:52,"25,3",51,"14,4","1,58","11,94",2
09/06/2026 18:07,"25,3",51,"14,4","1,58","11,94",2
09/06/2026 18:22,"25,3",51,"14,4","1,58","11,94",2
09/06/2026 18:37,"25,3",51,"14,4","1,58","11,94",2
09/06/2026 18:52,"25,3",51,"14,4","1,58","11,94",2
09/06/2026 19:07,"25,3",51,"14,4","1,58","11,94",2
09/06/2026 19:22,"25,3",51,"14,4","1,58","11,94",2
09/06/2026 19:37,"25,3",51,"14,4","1,58","11,94",1
09/06/2026 19:52,"25,2",49,"13,7","1,63","11,41",1
09/06/2026 20:07,"25,2",49,"13,7","1,63","11,41",1
09/06/2026 20:22,"25,2",49,"13,7","1,63","11,41",1
09/06/2026 20:37,"25,2",49,"13,7","1,63","11,41",1
09/06/2026 20:52,"25,2",49,"13,7","1,63","11,41",1
09/06/2026 21:07,"25,2",49,"13,7","1,63","11,41",1
09/06/2026 21:22,"25,2",49,"13,7","1,63","11,41",1
09/06/2026 21:37,"25,2",49,"13,7","1,63","11,41",1
09/06/2026 21:52,"25,2",49,"13,7","1,63","11,41",1
09/06/2026 22:07,"25,2",49,"13,7","1,63","11,41",1
09/06/2026 22:22,"25,2",49,"13,7","1,63","11,41",1
09/06/2026 22:37,"25,2",49,"13,7","1,63","11,41",1
09/06/2026 22:52,"25,2",49,"13,7","1,63","11,41",1
09/06/2026 23:07,"25,2",49,"13,7","1,63","11,41",1
09/06/2026 23:22,"25,2",49,"13,7","1,63","11,41",1
09/06/2026 23:37,"25,2",49,"13,7","1,63","11,41",1
09/06/2026 23:52,"25,2",49,"13,7","1,63","11,41",1
10/06/2026 00:07,"25,2",49,"13,7","1,63","11,41",1
10/06/2026 00:22,"25,2",49,"13,7","1,63","11,41",1
10/06/2026 00:37,"25,0",48,"13,2","1,65","11,05",1
10/06/2026 00:52,"25,0",48,"13,2","1,65","11,05",1
10/06/2026 01:07,"25,0",48,"13,2","1,65","11,05",1
10/06/2026 01:22,"25,0",48,"13,2","1,65","11,05",1
10/06/2026 01:37,"25,0",48,"13,2","1,65","11,05",1
10/06/2026 01:52,"25,0",48,"13,2","1,65","11,05",1
10/06/2026 02:07,"25,0",48,"13,2","1,65","11,05",1
10/06/2026 02:22,"25,0",48,"13,2","1,65","11,05",1
10/06/2026 02:37,"25,0",48,"13,2","1,65","11,05",1
10/06/2026 02:52,"25,0",48,"13,2","1,65","11,05",1
10/06/2026 03:07,"25,0",48,"13,2","1,65","11,05",1
10/06/2026 03:22,"25,0",48,"13,2","1,65","11,05",1
10/06/2026 03:37,"25,0",48,"13,2","1,65","11,05",1
10/06/2026 03:52,"25,0",48,"13,2","1,65","11,05",1
10/06/2026 04:07,"25,0",48,"13,2","1,65","11,05",1
10/06/2026 04:22,"25,0",48,"13,2","1,65","11,05",1
10/06/2026 04:37,"25,0",48,"13,2","1,65","11,05",1
10/06/2026 04:52,"24,8",47,"12,7","1,66","10,70",1
10/06/2026 06:22,"24,8",47,"12,7","1,66","10,70",1
10/06/2026 06:37,"24,8",47,"12,7","1,66","10,70",1
10/06/2026 06:52,"24,8",47,"12,7","1,66","10,70",1
10/06/2026 07:07,"24,8",47,"12,7","1,66","10,70",1
10/06/2026 07:22,"24,8",47,"12,7","1,66","10,70",4
10/06/2026 07:37,"24,8",47,"12,7","1,66","10,70",5
10/06/2026 07:52,"24,8",47,"12,7","1,66","10,70",7
10/06/2026 08:07,"25,0",48,"13,2","1,65","11,05",7
10/06/2026 08:22,"25,0",48,"13,2","1,65","11,05",4
10/06/2026 08:37,"25,0",48,"13,2","1,65","11,05",8
10/06/2026 08:52,"25,0",48,"13,2","1,65","11,05",9
10/06/2026 09:07,"25,0",48,"13,2","1,65","11,05",10
10/06/2026 09:22,"25,0",48,"13,2","1,65","11,05",7
10/06/2026 09:37,"25,0",48,"13,2","1,65","11,05",10
10/06/2026 09:52,"25,0",48,"13,2","1,65","11,05",11
10/06/2026 10:07,"25,0",48,"13,2","1,65","11,05",12
10/06/2026 10:22,"25,0",48,"13,2","1,65","11,05",12
10/06/2026 10:37,"25,0",48,"13,2","1,65","11,05",12
10/06/2026 10:52,"25,0",48,"13,2","1,65","11,05",12
10/06/2026 11:07,"25,0",48,"13,2","1,65","11,05",12
10/06/2026 11:22,"25,2",48,"13,4","1,67","11,17",11
10/06/2026 11:37,"25,2",48,"13,4","1,67","11,17",11
10/06/2026 11:52,"25,2",48,"13,4","1,67","11,17",11
10/06/2026 12:07,"25,2",48,"13,4","1,67","11,17",10
10/06/2026 12:22,"25,2",48,"13,4","1,67","11,17",9
10/06/2026 12:37,"25,2",48,"13,4","1,67","11,17",10
10/06/2026 12:52,"25,2",48,"13,4","1,67","11,17",10
10/06/2026 13:07,"25,2",48,"13,4","1,67","11,17",11
10/06/2026 13:22,"25,2",48,"13,4","1,67","11,17",11
10/06/2026 13:37,"25,2",48,"13,4","1,67","11,17",12
10/06/2026 13:52,"25,2",48,"13,4","1,67","11,17",12
10/06/2026 14:07,"25,2",48,"13,4","1,67","11,17",12
10/06/2026 14:22,"25,2",48,"13,4","1,67","11,17",12
10/06/2026 14:37,"25,2",48,"13,4","1,67","11,17",8
10/06/2026 14:52,"25,2",48,"13,4","1,67","11,17",5
10/06/2026 15:07,"25,2",48,"13,4","1,67","11,17",4
10/06/2026 15:22,"25,2",48,"13,4","1,67","11,17",3
10/06/2026 15:37,"25,0",47,"12,9","1,68","10,82",5
10/06/2026 15:52,"25,0",47,"12,9","1,68","10,82",11
10/06/2026 16:07,"25,0",47,"12,9","1,68","10,82",11
10/06/2026 16:22,"25,0",47,"12,9","1,68","10,82",11
10/06/2026 16:37,"25,0",47,"12,9","1,68","10,82",11
10/06/2026 16:52,"25,0",47,"12,9","1,68","10,82",11
10/06/2026 17:07,"25,0",47,"12,9","1,68","10,82",11
10/06/2026 17:22,"25,0",47,"12,9","1,68","10,82",11
10/06/2026 17:37,"25,0",47,"12,9","1,68","10,82",11
10/06/2026 17:52,"25,0",47,"12,9","1,68","10,82",10
10/06/2026 18:07,"25,0",47,"12,9","1,68","10,82",5
10/06/2026 18:22,"25,0",47,"12,9","1,68","10,82",9
10/06/2026 18:37,"25,0",47,"12,9","1,68","10,82",6
10/06/2026 18:52,"25,0",47,"12,9","1,68","10,82",5
10/06/2026 19:07,"25,1",45,"12,3","1,75","10,42",6
10/06/2026 19:22,"25,1",45,"12,3","1,75","10,42",6
10/06/2026 19:37,"24,9",45,"12,1","1,73","10,30",4
10/06/2026 19:52,"24,9",45,"12,1","1,73","10,30",3
10/06/2026 20:07,"24,9",45,"12,1","1,73","10,30",5
10/06/2026 20:22,"25,1",45,"12,3","1,75","10,42",14
10/06/2026 20:37,"25,1",45,"12,3","1,75","10,42",14
10/06/2026 20:52,"25,1",45,"12,3","1,75","10,42",2
10/06/2026 21:07,"25,1",45,"12,3","1,75","10,42",1
10/06/2026 21:22,"25,1",45,"12,3","1,75","10,42",1
10/06/2026 21:37,"25,1",45,"12,3","1,75","10,42",1
10/06/2026 21:52,"25,1",45,"12,3","1,75","10,42",1
10/06/2026 22:07,"24,9",46,"12,5","1,70","10,53",1
10/06/2026 22:22,"24,9",46,"12,5","1,70","10,53",1
10/06/2026 22:37,"24,9",46,"12,5","1,70","10,53",1
10/06/2026 22:52,"24,9",46,"12,5","1,70","10,53",1
10/06/2026 23:07,"24,9",46,"12,5","1,70","10,53",1
10/06/2026 23:22,"24,9",46,"12,5","1,70","10,53",1
10/06/2026 23:37,"24,9",46,"12,5","1,70","10,53",1
10/06/2026 23:52,"24,9",46,"12,5","1,70","10,53",1
11/06/2026 00:07,"24,9",46,"12,5","1,70","10,53",1
11/06/2026 00:22,"24,9",46,"12,5","1,70","10,53",1
11/06/2026 00:37,"24,9",46,"12,5","1,70","10,53",1
11/06/2026 00:52,"24,9",46,"12,5","1,70","10,53",1
11/06/2026 01:07,"24,9",46,"12,5","1,70","10,53",1
11/06/2026 01:22,"24,9",46,"12,5","1,70","10,53",1
11/06/2026 01:37,"24,9",46,"12,5","1,70","10,53",1
11/06/2026 01:52,"24,9",46,"12,5","1,70","10,53",1
11/06/2026 02:07,"24,9",46,"12,5","1,70","10,53",1
11/06/2026 02:22,"24,9",46,"12,5","1,70","10,53",1
11/06/2026 02:37,"24,7",46,"12,3","1,68","10,41",1
11/06/2026 02:52,"24,7",46,"12,3","1,68","10,41",1
11/06/2026 03:07,"24,7",46,"12,3","1,68","10,41",1
11/06/2026 03:22,"24,7",46,"12,3","1,68","10,41",1
11/06/2026 03:37,"24,7",46,"12,3","1,68","10,41",1
11/06/2026 03:52,"24,7",46,"12,3","1,68","10,41",1
11/06/2026 04:07,"24,7",46,"12,3","1,68","10,41",1
11/06/2026 04:22,"24,7",46,"12,3","1,68","10,41",1
11/06/2026 04:37,"24,7",46,"12,3","1,68","10,41",1
11/06/2026 04:52,"24,7",46,"12,3","1,68","10,41",1
11/06/2026 05:07,"24,7",46,"12,3","1,68","10,41",1
11/06/2026 05:22,"24,7",46,"12,3","1,68","10,41",1
11/06/2026 05:37,"24,7",46,"12,3","1,68","10,41",1
11/06/2026 05:52,"24,7",46,"12,3","1,68","10,41",1
11/06/2026 06:07,"24,7",46,"12,3","1,68","10,41",1
11/06/2026 06:22,"24,7",46,"12,3","1,68","10,41",1
11/06/2026 06:37,"24,7",46,"12,3","1,68","10,41",2
11/06/2026 06:52,"24,7",46,"12,3","1,68","10,41",11
11/06/2026 07:07,"24,7",46,"12,3","1,68","10,41",12
11/06/2026 07:22,"24,7",46,"12,3","1,68","10,41",12
11/06/2026 07:37,"24,7",46,"12,3","1,68","10,41",12
11/06/2026 07:52,"24,9",46,"12,5","1,70","10,53",12
11/06/2026 08:07,"24,9",46,"12,5","1,70","10,53",12
11/06/2026 08:22,"24,9",46,"12,5","1,70","10,53",12
11/06/2026 08:37,"24,9",46,"12,5","1,70","10,53",12
11/06/2026 08:52,"25,1",47,"13,0","1,69","10,88",12
11/06/2026 09:07,"25,1",47,"13,0","1,69","10,88",12
11/06/2026 09:22,"25,1",47,"13,0","1,69","10,88",12
11/06/2026 09:37,"25,1",47,"13,0","1,69","10,88",12
11/06/2026 09:52,"25,1",47,"13,0","1,69","10,88",11
11/06/2026 10:07,"25,1",47,"13,0","1,69","10,88",11
11/06/2026 10:22,"25,1",47,"13,0","1,69","10,88",9
11/06/2026 10:37,"25,1",47,"13,0","1,69","10,88",10
11/06/2026 10:52,"25,1",47,"13,0","1,69","10,88",11
11/06/2026 11:07,"25,1",47,"13,0","1,69","10,88",11
11/06/2026 11:22,"25,1",47,"13,0","1,69","10,88",11
11/06/2026 11:37,"25,1",47,"13,0","1,69","10,88",11
11/06/2026 11:52,"25,1",47,"13,0","1,69","10,88",11
11/06/2026 12:07,"25,1",47,"13,0","1,69","10,88",11
11/06/2026 12:22,"25,0",45,"12,2","1,74","10,36",11
11/06/2026 12:37,"25,0",45,"12,2","1,74","10,36",12
11/06/2026 12:52,"25,0",45,"12,2","1,74","10,36",12
11/06/2026 13:07,"25,0",45,"12,2","1,74","10,36",12
11/06/2026 13:22,"25,1",47,"13,0","1,69","10,88",11
11/06/2026 13:37,"25,1",47,"13,0","1,69","10,88",12
11/06/2026 13:52,"25,1",47,"13,0","1,69","10,88",12
11/06/2026 14:07,"25,1",47,"13,0","1,69","10,88",12
11/06/2026 14:22,"25,1",47,"13,0","1,69","10,88",12
11/06/2026 14:37,"25,1",47,"13,0","1,69","10,88",12
11/06/2026 14:52,"25,1",47,"13,0","1,69","10,88",11
11/06/2026 15:07,"25,1",47,"13,0","1,69","10,88",11
11/06/2026 15:22,"25,1",47,"13,0","1,69","10,88",11
11/06/2026 15:37,"25,1",47,"13,0","1,69","10,88",11
11/06/2026 16:37,"25,1",45,"12,3","1,75","10,42",11
11/06/2026 16:52,"25,1",45,"12,3","1,75","10,42",11
11/06/2026 17:07,"25,1",45,"12,3","1,75","10,42",11
11/06/2026 17:22,"25,1",45,"12,3","1,75","10,42",12
11/06/2026 17:37,"25,1",45,"12,3","1,75","10,42",12
11/06/2026 17:52,"25,1",45,"12,3","1,75","10,42",12
11/06/2026 18:07,"25,1",45,"12,3","1,75","10,42",11
11/06/2026 18:22,"25,1",45,"12,3","1,75","10,42",10
11/06/2026 18:37,"25,1",45,"12,3","1,75","10,42",12
11/06/2026 18:52,"25,1",45,"12,3","1,75","10,42",12
11/06/2026 19:07,"25,1",45,"12,3","1,75","10,42",10
11/06/2026 19:22,"25,1",45,"12,3","1,75","10,42",7
11/06/2026 19:37,"25,1",45,"12,3","1,75","10,42",7
11/06/2026 19:52,"25,1",45,"12,3","1,75","10,42",4
11/06/2026 20:07,"25,1",45,"12,3","1,75","10,42",3
11/06/2026 20:22,"25,1",45,"12,3","1,75","10,42",2
11/06/2026 20:37,"25,1",45,"12,3","1,75","10,42",1
11/06/2026 20:52,"24,9",44,"11,8","1,76","10,07",1
11/06/2026 21:07,"24,9",44,"11,8","1,76","10,07",2
11/06/2026 21:22,"24,9",44,"11,8","1,76","10,07",1
11/06/2026 21:37,"24,9",44,"11,8","1,76","10,07",1
11/06/2026 21:52,"24,9",44,"11,8","1,76","10,07",1
11/06/2026 22:07,"24,9",44,"11,8","1,76","10,07",1
11/06/2026 22:22,"24,9",44,"11,8","1,76","10,07",1
11/06/2026 22:37,"24,9",44,"11,8","1,76","10,07",1
11/06/2026 22:52,"24,9",44,"11,8","1,76","10,07",1
11/06/2026 23:07,"24,9",44,"11,8","1,76","10,07",1
11/06/2026 23:22,"24,9",44,"11,8","1,76","10,07",1
11/06/2026 23:37,"24,9",44,"11,8","1,76","10,07",1
11/06/2026 23:52,"24,9",44,"11,8","1,76","10,07",1
12/06/2026 00:07,"24,9",44,"11,8","1,76","10,07",1
12/06/2026 00:22,"24,9",44,"11,8","1,76","10,07",1
12/06/2026 00:37,"24,9",44,"11,8","1,76","10,07",1
12/06/2026 00:52,"24,9",44,"11,8","1,76","10,07",1
12/06/2026 01:07,"24,9",44,"11,8","1,76","10,07",1
12/06/2026 01:22,"24,7",44,"11,6","1,74","9,96",1
12/06/2026 01:37,"24,7",44,"11,6","1,74","9,96",1
12/06/2026 01:52,"24,7",44,"11,6","1,74","9,96",1
12/06/2026 02:07,"24,7",44,"11,6","1,74","9,96",1
12/06/2026 02:22,"24,7",44,"11,6","1,74","9,96",1
12/06/2026 02:37,"24,7",44,"11,6","1,74","9,96",1
12/06/2026 02:52,"24,7",44,"11,6","1,74","9,96",1
12/06/2026 03:07,"24,7",44,"11,6","1,74","9,96",1
12/06/2026 03:22,"24,7",44,"11,6","1,74","9,96",1
12/06/2026 03:37,"24,7",44,"11,6","1,74","9,96",1
12/06/2026 03:52,"24,7",44,"11,6","1,74","9,96",1
12/06/2026 04:07,"24,7",44,"11,6","1,74","9,96",1
12/06/2026 04:22,"24,7",44,"11,6","1,74","9,96",1
12/06/2026 04:37,"24,5",43,"11,1","1,75","9,62",1
12/06/2026 04:52,"24,5",43,"11,1","1,75","9,62",1
12/06/2026 05:07,"24,5",43,"11,1","1,75","9,62",1
12/06/2026 05:22,"24,5",43,"11,1","1,75","9,62",1
12/06/2026 05:37,"24,5",43,"11,1","1,75","9,62",1
12/06/2026 05:52,"24,5",43,"11,1","1,75","9,62",1
12/06/2026 06:07,"24,5",43,"11,1","1,75","9,62",1
12/06/2026 06:22,"24,5",43,"11,1","1,75","9,62",1
12/06/2026 06:37,"24,5",43,"11,1","1,75","9,62",1
12/06/2026 06:52,"24,5",43,"11,1","1,75","9,62",1
12/06/2026 07:07,"24,5",43,"11,1","1,75","9,62",1
12/06/2026 07:22,"24,5",43,"11,1","1,75","9,62",2
12/06/2026 07:37,"24,5",43,"11,1","1,75","9,62",3
12/06/2026 07:52,"24,6",45,"11,9","1,70","10,13",4
12/06/2026 08:07,"24,6",45,"11,9","1,70","10,13",4
12/06/2026 08:22,"24,6",45,"11,9","1,70","10,13",4
12/06/2026 08:37,"24,6",45,"11,9","1,70","10,13",5
12/06/2026 08:52,"24,6",45,"11,9","1,70","10,13",6
12/06/2026 09:07,"24,6",45,"11,9","1,70","10,13",6
12/06/2026 09:22,"24,6",45,"11,9","1,70","10,13",8
12/06/2026 09:37,"24,6",45,"11,9","1,70","10,13",9
12/06/2026 09:52,"24,6",45,"11,9","1,70","10,13",10
12/06/2026 10:07,"24,6",45,"11,9","1,70","10,13",10
12/06/2026 10:22,"24,6",45,"11,9","1,70","10,13",11
12/06/2026 10:37,"24,6",45,"11,9","1,70","10,13",11
12/06/2026 10:52,"24,8",45,"12,1","1,72","10,24",11
12/06/2026 11:07,"24,8",45,"12,1","1,72","10,24",11
12/06/2026 11:22,"24,8",45,"12,1","1,72","10,24",11
12/06/2026 11:37,"24,8",45,"12,1","1,72","10,24",11
12/06/2026 11:52,"24,8",45,"12,1","1,72","10,24",11
12/06/2026 12:07,"24,8",45,"12,1","1,72","10,24",11
12/06/2026 12:22,"24,8",45,"12,1","1,72","10,24",11
12/06/2026 12:37,"24,8",45,"12,1","1,72","10,24",11
12/06/2026 12:52,"24,8",45,"12,1","1,72","10,24",10
12/06/2026 13:07,"24,8",45,"12,1","1,72","10,24",9
12/06/2026 13:22,"24,8",45,"12,1","1,72","10,24",10
12/06/2026 13:37,"24,8",45,"12,1","1,72","10,24",10
12/06/2026 13:52,"24,8",45,"12,1","1,72","10,24",11
12/06/2026 14:07,"24,8",45,"12,1","1,72","10,24",11
12/06/2026 14:22,"24,9",47,"12,8","1,67","10,76",11
12/06/2026 14:37,"24,9",47,"12,8","1,67","10,76",11
12/06/2026 14:52,"24,9",47,"12,8","1,67","10,76",11
12/06/2026 15:07,"24,9",47,"12,8","1,67","10,76",11
12/06/2026 15:22,"24,9",47,"12,8","1,67","10,76",11
12/06/2026 15:37,"24,9",47,"12,8","1,67","10,76",11
12/06/2026 15:52,"24,9",47,"12,8","1,67","10,76",11
12/06/2026 16:07,"24,9",47,"12,8","1,67","10,76",11
12/06/2026 16:22,"24,9",47,"12,8","1,67","10,76",9
12/06/2026 16:37,"24,9",47,"12,8","1,67","10,76",11
12/06/2026 16:52,"24,9",47,"12,8","1,67","10,76",11
12/06/2026 17:07,"24,9",47,"12,8","1,67","10,76",11
12/06/2026 17:22,"24,9",47,"12,8","1,67","10,76",11
12/06/2026 17:37,"24,9",47,"12,8","1,67","10,76",11
12/06/2026 17:52,"24,9",47,"12,8","1,67","10,76",11
12/06/2026 18:07,"24,9",47,"12,8","1,67","10,76",11
12/06/2026 18:22,"25,1",47,"13,0","1,69","10,88",10
12/06/2026 18:37,"25,1",47,"13,0","1,69","10,88",11
12/06/2026 18:52,"25,1",47,"13,0","1,69","10,88",12
12/06/2026 19:07,"25,1",47,"13,0","1,69","10,88",12
12/06/2026 19:22,"25,1",47,"13,0","1,69","10,88",12
12/06/2026 19:37,"25,1",47,"13,0","1,69","10,88",12
12/06/2026 19:52,"25,1",47,"13,0","1,69","10,88",12
12/06/2026 20:07,"25,1",47,"13,0","1,69","10,88",13
12/06/2026 20:22,"25,3",48,"13,5","1,68","11,24",13
12/06/2026 20:37,"25,3",48,"13,5","1,68","11,24",12
12/06/2026 20:52,"25,3",48,"13,5","1,68","11,24",13
12/06/2026 21:07,"25,3",48,"13,5","1,68","11,24",7
12/06/2026 21:22,"25,3",48,"13,5","1,68","11,24",1
12/06/2026 21:37,"25,1",47,"13,0","1,69","10,88",1
12/06/2026 21:52,"25,1",47,"13,0","1,69","10,88",1
12/06/2026 22:07,"25,1",47,"13,0","1,69","10,88",1
12/06/2026 22:22,"25,1",47,"13,0","1,69","10,88",1
12/06/2026 22:37,"25,1",47,"13,0","1,69","10,88",1
12/06/2026 22:52,"25,1",47,"13,0","1,69","10,88",1
12/06/2026 23:07,"25,1",47,"13,0","1,69","10,88",1
12/06/2026 23:22,"25,1",47,"13,0","1,69","10,88",1
12/06/2026 23:37,"25,1",47,"13,0","1,69","10,88",1
12/06/2026 23:52,"25,1",47,"13,0","1,69","10,88",1
13/06/2026 00:07,"25,1",47,"13,0","1,69","10,88",1
13/06/2026 00:22,"25,1",47,"13,0","1,69","10,88",1
13/06/2026 00:37,"24,9",48,"13,1","1,64","10,99",1
13/06/2026 00:52,"24,9",48,"13,1","1,64","10,99",1
13/06/2026 01:07,"24,9",48,"13,1","1,64","10,99",1
13/06/2026 01:22,"24,9",48,"13,1","1,64","10,99",1
13/06/2026 01:37,"24,9",48,"13,1","1,64","10,99",1
13/06/2026 01:52,"24,9",48,"13,1","1,64","10,99",1
13/06/2026 02:07,"24,9",48,"13,1","1,64","10,99",1
13/06/2026 02:22,"24,9",48,"13,1","1,64","10,99",1
13/06/2026 02:37,"24,9",48,"13,1","1,64","10,99",1
13/06/2026 02:52,"24,9",48,"13,1","1,64","10,99",1
13/06/2026 03:07,"24,9",48,"13,1","1,64","10,99",1
13/06/2026 03:22,"24,9",48,"13,1","1,64","10,99",1
13/06/2026 03:37,"24,9",48,"13,1","1,64","10,99",1
13/06/2026 03:52,"24,9",48,"13,1","1,64","10,99",1
13/06/2026 04:07,"24,9",48,"13,1","1,64","10,99",1
13/06/2026 04:22,"24,9",48,"13,1","1,64","10,99",1
13/06/2026 04:37,"24,9",48,"13,1","1,64","10,99",1
13/06/2026 04:52,"24,9",48,"13,1","1,64","10,99",1
13/06/2026 05:07,"24,9",48,"13,1","1,64","10,99",1
13/06/2026 05:22,"24,9",48,"13,1","1,64","10,99",1
13/06/2026 05:37,"24,9",48,"13,1","1,64","10,99",1
13/06/2026 05:52,"24,9",48,"13,1","1,64","10,99",1
13/06/2026 06:07,"24,9",48,"13,1","1,64","10,99",1
13/06/2026 06:22,"24,9",48,"13,1","1,64","10,99",12
13/06/2026 06:37,"24,9",48,"13,1","1,64","10,99",12
13/06/2026 06:52,"24,9",48,"13,1","1,64","10,99",12
13/06/2026 07:07,"24,9",48,"13,1","1,64","10,99",12
13/06/2026 07:22,"24,9",48,"13,1","1,64","10,99",12
13/06/2026 07:37,"25,1",49,"13,6","1,63","11,34",12
13/06/2026 07:52,"25,1",49,"13,6","1,63","11,34",12
13/06/2026 08:07,"25,1",49,"13,6","1,63","11,34",12
13/06/2026 08:22,"25,1",49,"13,6","1,63","11,34",12
13/06/2026 08:37,"25,1",49,"13,6","1,63","11,34",12
13/06/2026 08:52,"25,1",49,"13,6","1,63","11,34",12
13/06/2026 09:07,"25,1",49,"13,6","1,63","11,34",12
13/06/2026 09:22,"25,1",49,"13,6","1,63","11,34",11
13/06/2026 09:37,"25,1",49,"13,6","1,63","11,34",10
13/06/2026 09:52,"25,1",49,"13,6","1,63","11,34",10
13/06/2026 10:07,"25,2",51,"14,3","1,57","11,87",8
13/06/2026 10:22,"25,2",51,"14,3","1,57","11,87",8
13/06/2026 10:37,"25,2",51,"14,3","1,57","11,87",6
13/06/2026 10:52,"25,2",51,"14,3","1,57","11,87",6
13/06/2026 11:07,"25,2",51,"14,3","1,57","11,87",8
13/06/2026 11:22,"25,2",51,"14,3","1,57","11,87",8
13/06/2026 11:37,"25,2",51,"14,3","1,57","11,87",9
13/06/2026 11:52,"25,2",51,"14,3","1,57","11,87",9
13/06/2026 12:07,"25,2",51,"14,3","1,57","11,87",9
13/06/2026 12:22,"25,2",51,"14,3","1,57","11,87",9
13/06/2026 12:37,"25,2",51,"14,3","1,57","11,87",9
13/06/2026 12:52,"25,2",51,"14,3","1,57","11,87",9
13/06/2026 13:07,"25,2",51,"14,3","1,57","11,87",9
13/06/2026 13:22,"25,2",51,"14,3","1,57","11,87",9
13/06/2026 13:37,"25,2",51,"14,3","1,57","11,87",9
13/06/2026 13:52,"25,2",51,"14,3","1,57","11,87",9
13/06/2026 14:07,"25,2",51,"14,3","1,57","11,87",9
13/06/2026 14:22,"25,2",51,"14,3","1,57","11,87",9
13/06/2026 14:37,"25,2",51,"14,3","1,57","11,87",10
13/06/2026 14:52,"25,2",51,"14,3","1,57","11,87",10
13/06/2026 15:07,"25,2",51,"14,3","1,57","11,87",10
13/06/2026 15:22,"25,2",51,"14,3","1,57","11,87",10
13/06/2026 15:37,"25,1",49,"13,6","1,63","11,34",11
13/06/2026 15:52,"25,1",49,"13,6","1,63","11,34",11
13/06/2026 16:07,"25,1",49,"13,6","1,63","11,34",11
13/06/2026 16:22,"25,1",49,"13,6","1,63","11,34",11
13/06/2026 16:37,"25,1",49,"13,6","1,63","11,34",11
13/06/2026 16:52,"25,2",47,"13,1","1,70","10,94",11
13/06/2026 17:07,"25,2",47,"13,1","1,70","10,94",11
13/06/2026 17:22,"25,2",47,"13,1","1,70","10,94",11
13/06/2026 17:37,"25,4",47,"13,3","1,72","11,06",11
13/06/2026 17:52,"25,4",47,"13,3","1,72","11,06",11
13/06/2026 18:07,"25,4",47,"13,3","1,72","11,06",11
13/06/2026 18:22,"25,4",47,"13,3","1,72","11,06",11
13/06/2026 18:37,"25,4",45,"12,6","1,78","10,59",11
13/06/2026 18:52,"25,4",45,"12,6","1,78","10,59",11
13/06/2026 19:07,"25,4",45,"12,6","1,78","10,59",11
13/06/2026 19:22,"25,4",45,"12,6","1,78","10,59",11
13/06/2026 19:37,"25,4",45,"12,6","1,78","10,59",11
13/06/2026 19:52,"25,4",45,"12,6","1,78","10,59",11
13/06/2026 20:07,"25,4",45,"12,6","1,78","10,59",12
13/06/2026 20:22,"25,4",45,"12,6","1,78","10,59",12
13/06/2026 20:37,"25,6",46,"13,1","1,77","10,95",10
13/06/2026 20:52,"25,6",46,"13,1","1,77","10,95",4
13/06/2026 21:07,"25,6",46,"13,1","1,77","10,95",2
13/06/2026 21:22,"25,5",48,"13,7","1,70","11,36",1
13/06/2026 21:37,"25,5",48,"13,7","1,70","11,36",1
13/06/2026 21:52,"25,5",48,"13,7","1,70","11,36",1
13/06/2026 22:07,"25,5",48,"13,7","1,70","11,36",1
13/06/2026 22:22,"25,5",48,"13,7","1,70","11,36",1
13/06/2026 22:37,"25,3",47,"13,2","1,71","11,00",1
13/06/2026 22:52,"25,3",47,"13,2","1,71","11,00",1
13/06/2026 23:07,"25,3",47,"13,2","1,71","11,00",1
13/06/2026 23:22,"25,3",47,"13,2","1,71","11,00",1
13/06/2026 23:37,"25,3",47,"13,2","1,71","11,00",1
13/06/2026 23:52,"25,3",47,"13,2","1,71","11,00",1
14/06/2026 00:07,"25,3",47,"13,2","1,71","11,00",1
14/06/2026 00:22,"25,3",47,"13,2","1,71","11,00",1
14/06/2026 00:37,"25,3",47,"13,2","1,71","11,00",1
14/06/2026 00:52,"25,3",47,"13,2","1,71","11,00",1
14/06/2026 01:07,"25,3",47,"13,2","1,71","11,00",1
14/06/2026 01:22,"25,3",47,"13,2","1,71","11,00",1
14/06/2026 01:37,"25,3",47,"13,2","1,71","11,00",1
14/06/2026 01:52,"25,3",47,"13,2","1,71","11,00",1
14/06/2026 02:07,"25,3",47,"13,2","1,71","11,00",1
14/06/2026 02:22,"25,3",47,"13,2","1,71","11,00",1
14/06/2026 02:37,"25,3",47,"13,2","1,71","11,00",1
14/06/2026 02:52,"25,2",49,"13,7","1,63","11,41",1
14/06/2026 03:07,"25,2",49,"13,7","1,63","11,41",1
14/06/2026 03:22,"25,2",49,"13,7","1,63","11,41",1
14/06/2026 03:37,"25,2",49,"13,7","1,63","11,41",1
14/06/2026 03:52,"25,2",49,"13,7","1,63","11,41",1
14/06/2026 04:07,"25,2",49,"13,7","1,63","11,41",1
14/06/2026 04:22,"25,2",49,"13,7","1,63","11,41",1
14/06/2026 04:37,"25,2",49,"13,7","1,63","11,41",1
14/06/2026 04:52,"25,2",49,"13,7","1,63","11,41",1
14/06/2026 05:07,"25,2",49,"13,7","1,63","11,41",1
14/06/2026 05:22,"25,2",49,"13,7","1,63","11,41",1
14/06/2026 05:37,"25,2",49,"13,7","1,63","11,41",1
14/06/2026 05:52,"25,2",49,"13,7","1,63","11,41",1
14/06/2026 06:07,"25,2",49,"13,7","1,63","11,41",3
14/06/2026 06:22,"25,2",49,"13,7","1,63","11,41",12
14/06/2026 06:37,"25,2",49,"13,7","1,63","11,41",7
14/06/2026 06:52,"25,2",49,"13,7","1,63","11,41",10
14/06/2026 07:07,"25,2",49,"13,7","1,63","11,41",11
14/06/2026 07:22,"25,2",49,"13,7","1,63","11,41",12
14/06/2026 07:37,"25,2",49,"13,7","1,63","11,41",12
14/06/2026 07:52,"25,4",49,"13,9","1,65","11,54",12
14/06/2026 08:07,"25,4",49,"13,9","1,65","11,54",12
14/06/2026 08:22,"25,4",49,"13,9","1,65","11,54",12
14/06/2026 08:37,"25,4",49,"13,9","1,65","11,54",12
14/06/2026 08:52,"25,4",49,"13,9","1,65","11,54",12
14/06/2026 09:07,"25,4",49,"13,9","1,65","11,54",12
14/06/2026 09:22,"25,4",49,"13,9","1,65","11,54",11
14/06/2026 09:37,"25,4",49,"13,9","1,65","11,54",11
14/06/2026 09:52,"25,4",49,"13,9","1,65","11,54",10
14/06/2026 10:07,"25,4",49,"13,9","1,65","11,54",10
14/06/2026 10:22,"25,4",49,"13,9","1,65","11,54",10
14/06/2026 10:37,"25,4",49,"13,9","1,65","11,54",10
14/06/2026 10:52,"25,4",49,"13,9","1,65","11,54",10
14/06/2026 11:07,"25,4",49,"13,9","1,65","11,54",9
14/06/2026 11:22,"25,4",49,"13,9","1,65","11,54",9
14/06/2026 11:37,"25,5",51,"14,6","1,60","12,07",9
14/06/2026 11:52,"25,5",51,"14,6","1,60","12,07",9
14/06/2026 12:07,"25,5",51,"14,6","1,60","12,07",9
14/06/2026 12:22,"25,5",51,"14,6","1,60","12,07",9
14/06/2026 12:37,"25,5",53,"15,2","1,53","12,55",9
14/06/2026 12:52,"25,5",53,"15,2","1,53","12,55",9
14/06/2026 13:07,"25,5",53,"15,2","1,53","12,55",9
14/06/2026 13:22,"25,5",53,"15,2","1,53","12,55",11
14/06/2026 13:37,"25,5",53,"15,2","1,53","12,55",10
14/06/2026 13:52,"25,5",53,"15,2","1,53","12,55",11
14/06/2026 14:07,"25,5",51,"14,6","1,60","12,07",11
14/06/2026 14:22,"25,5",51,"14,6","1,60","12,07",11
14/06/2026 14:37,"25,5",51,"14,6","1,60","12,07",11
14/06/2026 14:52,"25,5",51,"14,6","1,60","12,07",11
14/06/2026 15:07,"25,5",51,"14,6","1,60","12,07",10
14/06/2026 15:22,"25,5",51,"14,6","1,60","12,07",11
14/06/2026 15:37,"25,5",51,"14,6","1,60","12,07",11
14/06/2026 15:52,"25,5",51,"14,6","1,60","12,07",11
14/06/2026 16:07,"25,5",51,"14,6","1,60","12,07",11
14/06/2026 16:22,"25,5",49,"14,0","1,66","11,60",11
14/06/2026 16:37,"25,5",49,"14,0","1,66","11,60",11
14/06/2026 16:52,"25,5",49,"14,0","1,66","11,60",11
14/06/2026 17:07,"25,5",49,"14,0","1,66","11,60",11
14/06/2026 17:22,"25,5",49,"14,0","1,66","11,60",11
14/06/2026 17:37,"25,5",49,"14,0","1,66","11,60",11
14/06/2026 17:52,"25,5",49,"14,0","1,66","11,60",11
14/06/2026 18:07,"25,5",49,"14,0","1,66","11,60",11
14/06/2026 18:22,"25,6",47,"13,4","1,74","11,19",11
14/06/2026 18:37,"25,6",47,"13,4","1,74","11,19",11
14/06/2026 18:52,"25,6",47,"13,4","1,74","11,19",11
14/06/2026 19:07,"25,8",46,"13,3","1,79","11,07",12
14/06/2026 19:22,"25,8",46,"13,3","1,79","11,07",12
14/06/2026 19:37,"25,8",46,"13,3","1,79","11,07",13
14/06/2026 19:52,"25,8",46,"13,3","1,79","11,07",13
14/06/2026 20:07,"26,0",47,"13,8","1,78","11,44",13
14/06/2026 20:22,"26,0",47,"13,8","1,78","11,44",13
14/06/2026 20:37,"26,0",47,"13,8","1,78","11,44",13
14/06/2026 20:52,"26,0",47,"13,8","1,78","11,44",13
14/06/2026 21:07,"26,0",47,"13,8","1,78","11,44",13
14/06/2026 21:22,"26,0",47,"13,8","1,78","11,44",1
14/06/2026 21:37,"26,0",47,"13,8","1,78","11,44",1
14/06/2026 21:52,"25,9",49,"14,4","1,70","11,86",1
14/06/2026 22:07,"25,9",49,"14,4","1,70","11,86",9
14/06/2026 22:22,"25,9",49,"14,4","1,70","11,86",1
14/06/2026 22:37,"25,9",49,"14,4","1,70","11,86",1
14/06/2026 22:52,"25,8",47,"13,6","1,76","11,32",1
14/06/2026 23:07,"25,8",47,"13,6","1,76","11,32",1
14/06/2026 23:22,"25,8",47,"13,6","1,76","11,32",1
14/06/2026 23:37,"25,8",47,"13,6","1,76","11,32",1
14/06/2026 23:52,"25,8",47,"13,6","1,76","11,32",1
15/06/2026 00:07,"25,8",47,"13,6","1,76","11,32",1
15/06/2026 00:22,"25,6",46,"13,1","1,77","10,95",1
15/06/2026 00:37,"25,6",46,"13,1","1,77","10,95",1
15/06/2026 00:52,"25,6",46,"13,1","1,77","10,95",1
15/06/2026 01:07,"25,6",46,"13,1","1,77","10,95",1
15/06/2026 01:22,"25,6",46,"13,1","1,77","10,95",1
15/06/2026 01:37,"25,6",48,"13,8","1,71","11,43",1
15/06/2026 01:52,"25,6",48,"13,8","1,71","11,43",1
15/06/2026 02:07,"25,6",48,"13,8","1,71","11,43",1
15/06/2026 02:22,"25,6",48,"13,8","1,71","11,43",1
15/06/2026 02:37,"25,6",48,"13,8","1,71","11,43",1
15/06/2026 02:52,"25,6",48,"13,8","1,71","11,43",1
15/06/2026 03:07,"25,6",48,"13,8","1,71","11,43",1
15/06/2026 03:22,"25,6",48,"13,8","1,71","11,43",1
15/06/2026 03:37,"25,4",47,"13,3","1,72","11,06",1
15/06/2026 03:52,"25,4",47,"13,3","1,72","11,06",1
15/06/2026 04:07,"25,4",47,"13,3","1,72","11,06",1
15/06/2026 04:22,"25,4",47,"13,3","1,72","11,06",1
15/06/2026 04:37,"25,4",47,"13,3","1,72","11,06",1
15/06/2026 04:52,"25,4",47,"13,3","1,72","11,06",1
15/06/2026 05:07,"25,4",47,"13,3","1,72","11,06",1
15/06/2026 05:22,"25,4",47,"13,3","1,72","11,06",1
15/06/2026 05:37,"25,4",47,"13,3","1,72","11,06",1
15/06/2026 05:52,"25,4",47,"13,3","1,72","11,06",1
15/06/2026 06:07,"25,4",47,"13,3","1,72","11,06",2
15/06/2026 06:22,"25,4",47,"13,3","1,72","11,06",12
15/06/2026 06:37,"25,4",47,"13,3","1,72","11,06",12
15/06/2026 06:52,"25,4",47,"13,3","1,72","11,06",12
15/06/2026 07:07,"25,6",47,"13,4","1,74","11,19",12
15/06/2026 07:22,"25,6",47,"13,4","1,74","11,19",12
15/06/2026 07:37,"25,6",47,"13,4","1,74","11,19",12
15/06/2026 07:52,"25,6",47,"13,4","1,74","11,19",12
15/06/2026 08:07,"25,6",47,"13,4","1,74","11,19",12
15/06/2026 08:22,"25,6",47,"13,4","1,74","11,19",12
15/06/2026 08:37,"25,8",47,"13,6","1,76","11,32",12
15/06/2026 08:52,"25,8",47,"13,6","1,76","11,32",12
15/06/2026 09:07,"25,8",47,"13,6","1,76","11,32",12
15/06/2026 09:22,"25,8",47,"13,6","1,76","11,32",12
15/06/2026 09:37,"25,8",47,"13,6","1,76","11,32",11
15/06/2026 09:52,"25,8",47,"13,6","1,76","11,32",10
15/06/2026 10:07,"25,8",49,"14,3","1,69","11,80",10
15/06/2026 10:22,"25,8",49,"14,3","1,69","11,80",10
15/06/2026 10:37,"25,8",49,"14,3","1,69","11,80",10
15/06/2026 10:52,"25,8",49,"14,3","1,69","11,80",10
15/06/2026 11:07,"25,8",49,"14,3","1,69","11,80",11
15/06/2026 11:22,"25,8",49,"14,3","1,69","11,80",11
15/06/2026 11:37,"25,8",49,"14,3","1,69","11,80",11
15/06/2026 11:52,"25,8",49,"14,3","1,69","11,80",10
15/06/2026 12:07,"25,8",49,"14,3","1,69","11,80",11
15/06/2026 12:22,"25,8",49,"14,3","1,69","11,80",11
15/06/2026 12:37,"25,8",49,"14,3","1,69","11,80",10
15/06/2026 12:52,"25,8",49,"14,3","1,69","11,80",10
15/06/2026 13:07,"25,8",49,"14,3","1,69","11,80",11
15/06/2026 13:22,"25,8",49,"14,3","1,69","11,80",11
15/06/2026 13:37,"25,8",49,"14,3","1,69","11,80",11
15/06/2026 13:52,"25,8",49,"14,3","1,69","11,80",11
15/06/2026 14:07,"25,7",47,"13,5","1,75","11,25",11
15/06/2026 14:22,"25,7",47,"13,5","1,75","11,25",11
15/06/2026 14:37,"25,7",47,"13,5","1,75","11,25",11
15/06/2026 14:52,"25,7",47,"13,5","1,75","11,25",11
15/06/2026 15:07,"25,7",47,"13,5","1,75","11,25",11
15/06/2026 15:22,"25,7",47,"13,5","1,75","11,25",11
15/06/2026 15:37,"25,7",47,"13,5","1,75","11,25",11
15/06/2026 15:52,"25,7",47,"13,5","1,75","11,25",11
15/06/2026 16:07,"25,7",47,"13,5","1,75","11,25",11
15/06/2026 16:22,"25,7",47,"13,5","1,75","11,25",11
15/06/2026 16:37,"25,7",45,"12,9","1,82","10,77",11
15/06/2026 16:52,"25,7",45,"12,9","1,82","10,77",11
15/06/2026 17:07,"25,7",45,"12,9","1,82","10,77",11
15/06/2026 17:22,"25,7",45,"12,9","1,82","10,77",11
15/06/2026 17:37,"25,7",45,"12,9","1,82","10,77",11
15/06/2026 17:52,"25,9",45,"13,1","1,84","10,89",11
15/06/2026 18:07,"25,9",45,"13,1","1,84","10,89",11
15/06/2026 18:22,"25,9",45,"13,1","1,84","10,89",11
15/06/2026 18:37,"25,9",45,"13,1","1,84","10,89",11
15/06/2026 18:52,"25,9",45,"13,1","1,84","10,89",12
15/06/2026 19:07,"26,1",45,"13,2","1,86","11,02",12
15/06/2026 19:22,"26,1",45,"13,2","1,86","11,02",12
15/06/2026 19:37,"26,1",45,"13,2","1,86","11,02",12
15/06/2026 19:52,"26,1",45,"13,2","1,86","11,02",12
15/06/2026 20:07,"26,3",46,"13,8","1,85","11,39",13
15/06/2026 20:22,"26,3",46,"13,8","1,85","11,39",13
15/06/2026 20:37,"26,3",46,"13,8","1,85","11,39",13
15/06/2026 20:52,"26,3",46,"13,8","1,85","11,39",12
15/06/2026 21:07,"26,3",46,"13,8","1,85","11,39",7
15/06/2026 21:22,"26,1",46,"13,6","1,83","11,26",1
15/06/2026 21:37,"26,1",46,"13,6","1,83","11,26",1
15/06/2026 21:52,"26,1",46,"13,6","1,83","11,26",1
15/06/2026 22:07,"26,1",46,"13,6","1,83","11,26",1
15/06/2026 22:22,"26,1",46,"13,6","1,83","11,26",1
15/06/2026 22:37,"25,9",45,"13,1","1,84","10,89",1
15/06/2026 22:52,"25,9",45,"13,1","1,84","10,89",1
15/06/2026 23:07,"25,9",45,"13,1","1,84","10,89",1
15/06/2026 23:22,"25,9",45,"13,1","1,84","10,89",1
15/06/2026 23:37,"25,9",45,"13,1","1,84","10,89",1
15/06/2026 23:52,"25,9",45,"13,1","1,84","10,89",1
16/06/2026 00:07,"25,9",45,"13,1","1,84","10,89",1
16/06/2026 00:22,"25,7",46,"13,2","1,78","11,01",1
16/06/2026 00:37,"25,7",46,"13,2","1,78","11,01",1
16/06/2026 00:52,"25,8",48,"14,0","1,73","11,56",1
16/06/2026 01:07,"25,8",48,"14,0","1,73","11,56",1
16/06/2026 01:22,"25,8",48,"14,0","1,73","11,56",1
16/06/2026 01:37,"25,8",48,"14,0","1,73","11,56",1
16/06/2026 01:52,"25,8",48,"14,0","1,73","11,56",1
16/06/2026 02:07,"25,8",48,"14,0","1,73","11,56",1
16/06/2026 02:22,"25,8",48,"14,0","1,73","11,56",1
16/06/2026 02:37,"25,7",46,"13,2","1,78","11,01",1
16/06/2026 02:52,"25,7",46,"13,2","1,78","11,01",1
16/06/2026 03:07,"25,7",46,"13,2","1,78","11,01",1
16/06/2026 03:22,"25,7",46,"13,2","1,78","11,01",1
16/06/2026 03:37,"25,7",46,"13,2","1,78","11,01",1
16/06/2026 03:52,"25,7",46,"13,2","1,78","11,01",1
16/06/2026 04:07,"25,7",46,"13,2","1,78","11,01",1
16/06/2026 04:22,"25,7",46,"13,2","1,78","11,01",1
16/06/2026 04:37,"25,7",46,"13,2","1,78","11,01",1
16/06/2026 04:52,"25,7",46,"13,2","1,78","11,01",1
16/06/2026 05:07,"25,7",46,"13,2","1,78","11,01",1
16/06/2026 05:22,"25,7",46,"13,2","1,78","11,01",1
16/06/2026 05:37,"25,7",46,"13,2","1,78","11,01",1
16/06/2026 05:52,"25,7",46,"13,2","1,78","11,01",1
16/06/2026 06:07,"25,5",46,"13,0","1,76","10,89",2
16/06/2026 06:22,"25,5",46,"13,0","1,76","10,89",10
16/06/2026 06:37,"25,5",46,"13,0","1,76","10,89",11
16/06/2026 06:52,"25,7",46,"13,2","1,78","11,01",11
16/06/2026 07:07,"25,7",46,"13,2","1,78","11,01",8
16/06/2026 07:22,"25,7",46,"13,2","1,78","11,01",11
16/06/2026 07:37,"25,7",46,"13,2","1,78","11,01",11
16/06/2026 07:52,"25,7",46,"13,2","1,78","11,01",11
16/06/2026 08:07,"25,7",46,"13,2","1,78","11,01",11
16/06/2026 08:22,"25,7",46,"13,2","1,78","11,01",12
16/06/2026 08:37,"25,5",46,"13,0","1,76","10,89",11
16/06/2026 08:52,"25,5",46,"13,0","1,76","10,89",11
16/06/2026 09:07,"25,7",47,"13,5","1,75","11,25",12
16/06/2026 09:22,"25,7",47,"13,5","1,75","11,25",12
16/06/2026 09:37,"25,7",47,"13,5","1,75","11,25",11
16/06/2026 09:52,"25,7",47,"13,5","1,75","11,25",11
16/06/2026 10:07,"25,7",47,"13,5","1,75","11,25",11
16/06/2026 10:22,"25,7",47,"13,5","1,75","11,25",11
16/06/2026 10:37,"25,7",47,"13,5","1,75","11,25",11
16/06/2026 10:52,"25,7",47,"13,5","1,75","11,25",11
16/06/2026 11:07,"25,7",47,"13,5","1,75","11,25",11
16/06/2026 11:22,"25,7",47,"13,5","1,75","11,25",11
16/06/2026 11:37,"25,7",47,"13,5","1,75","11,25",11
16/06/2026 11:52,"25,7",47,"13,5","1,75","11,25",11
16/06/2026 12:07,"25,7",47,"13,5","1,75","11,25",11
16/06/2026 12:22,"25,7",47,"13,5","1,75","11,25",11
16/06/2026 12:37,"25,7",47,"13,5","1,75","11,25",11
16/06/2026 12:52,"25,7",47,"13,5","1,75","11,25",11
16/06/2026 13:07,"25,7",47,"13,5","1,75","11,25",11
16/06/2026 13:22,"25,7",47,"13,5","1,75","11,25",11
16/06/2026 13:37,"25,7",47,"13,5","1,75","11,25",11
16/06/2026 13:52,"25,7",47,"13,5","1,75","11,25",11
16/06/2026 14:07,"25,7",47,"13,5","1,75","11,25",11
16/06/2026 14:22,"25,7",47,"13,5","1,75","11,25",11
16/06/2026 14:37,"25,7",47,"13,5","1,75","11,25",11
16/06/2026 14:52,"25,7",47,"13,5","1,75","11,25",11
16/06/2026 15:07,"25,7",47,"13,5","1,75","11,25",11
16/06/2026 15:22,"25,7",47,"13,5","1,75","11,25",11
16/06/2026 15:37,"25,7",47,"13,5","1,75","11,25",12
16/06/2026 15:52,"25,7",47,"13,5","1,75","11,25",12
16/06/2026 16:07,"25,9",47,"13,7","1,77","11,38",12
16/06/2026 16:22,"25,9",47,"13,7","1,77","11,38",12
16/06/2026 16:37,"25,9",47,"13,7","1,77","11,38",12
16/06/2026 16:52,"25,9",47,"13,7","1,77","11,38",12
16/06/2026 17:07,"25,9",47,"13,7","1,77","11,38",12
16/06/2026 17:22,"25,9",47,"13,7","1,77","11,38",10
16/06/2026 17:37,"25,9",47,"13,7","1,77","11,38",7
16/06/2026 17:52,"25,9",47,"13,7","1,77","11,38",7
16/06/2026 18:07,"25,9",47,"13,7","1,77","11,38",6
16/06/2026 18:22,"25,9",47,"13,7","1,77","11,38",5
16/06/2026 18:37,"25,9",47,"13,7","1,77","11,38",4
16/06/2026 18:52,"25,9",47,"13,7","1,77","11,38",4
16/06/2026 19:07,"25,9",47,"13,7","1,77","11,38",5
16/06/2026 19:22,"25,9",47,"13,7","1,77","11,38",5
16/06/2026 19:37,"25,9",45,"13,1","1,84","10,89",6
16/06/2026 19:52,"25,9",45,"13,1","1,84","10,89",6
16/06/2026 20:07,"25,9",45,"13,1","1,84","10,89",6
16/06/2026 20:22,"25,9",45,"13,1","1,84","10,89",3
16/06/2026 20:37,"25,9",45,"13,1","1,84","10,89",2
16/06/2026 20:52,"25,9",45,"13,1","1,84","10,89",1
16/06/2026 21:07,"25,9",45,"13,1","1,84","10,89",1
16/06/2026 21:22,"26,0",47,"13,8","1,78","11,44",1
16/06/2026 21:37,"26,0",47,"13,8","1,78","11,44",1
16/06/2026 21:52,"26,0",47,"13,8","1,78","11,44",1
16/06/2026 22:07,"26,0",47,"13,8","1,78","11,44",1
16/06/2026 22:22,"26,0",47,"13,8","1,78","11,44",1
16/06/2026 22:37,"26,0",47,"13,8","1,78","11,44",1
16/06/2026 22:52,"25,8",47,"13,6","1,76","11,32",1
16/06/2026 23:07,"25,8",47,"13,6","1,76","11,32",1
16/06/2026 23:22,"25,8",47,"13,6","1,76","11,32",1
16/06/2026 23:37,"25,8",47,"13,6","1,76","11,32",1
16/06/2026 23:52,"25,8",47,"13,6","1,76","11,32",1
17/06/2026 00:07,"25,8",47,"13,6","1,76","11,32",1
17/06/2026 00:22,"25,8",47,"13,6","1,76","11,32",1
17/06/2026 00:37,"25,8",47,"13,6","1,76","11,32",1
17/06/2026 00:52,"25,8",47,"13,6","1,76","11,32",1
17/06/2026 01:07,"25,8",47,"13,6","1,76","11,32",1
17/06/2026 01:22,"25,8",47,"13,6","1,76","11,32",1
17/06/2026 01:37,"25,8",47,"13,6","1,76","11,32",1
17/06/2026 01:52,"25,8",47,"13,6","1,76","11,32",1
17/06/2026 02:07,"25,8",47,"13,6","1,76","11,32",1
17/06/2026 02:22,"25,8",47,"13,6","1,76","11,32",1
17/06/2026 02:37,"25,8",47,"13,6","1,76","11,32",1
17/06/2026 02:52,"25,8",47,"13,6","1,76","11,32",1
17/06/2026 03:07,"25,8",47,"13,6","1,76","11,32",1
17/06/2026 03:22,"25,8",47,"13,6","1,76","11,32",1
17/06/2026 03:37,"25,8",47,"13,6","1,76","11,32",1
17/06/2026 03:52,"25,8",47,"13,6","1,76","11,32",1
17/06/2026 04:07,"25,8",47,"13,6","1,76","11,32",1
17/06/2026 04:22,"25,8",47,"13,6","1,76","11,32",1
17/06/2026 04:37,"25,8",47,"13,6","1,76","11,32",1
17/06/2026 04:52,"25,8",47,"13,6","1,76","11,32",1
17/06/2026 05:07,"25,8",47,"13,6","1,76","11,32",1
17/06/2026 05:22,"25,8",47,"13,6","1,76","11,32",1
17/06/2026 05:37,"25,6",48,"13,8","1,71","11,43",1
17/06/2026 05:52,"25,6",48,"13,8","1,71","11,43",1
17/06/2026 06:07,"25,6",48,"13,8","1,71","11,43",1
17/06/2026 06:22,"25,6",48,"13,8","1,71","11,43",2
17/06/2026 06:37,"25,6",48,"13,8","1,71","11,43",4
17/06/2026 06:52,"25,6",48,"13,8","1,71","11,43",10
17/06/2026 07:07,"25,6",48,"13,8","1,71","11,43",11
17/06/2026 07:22,"25,8",48,"14,0","1,73","11,56",12
17/06/2026 07:37,"25,8",48,"14,0","1,73","11,56",12
17/06/2026 07:52,"25,8",48,"14,0","1,73","11,56",12
17/06/2026 08:07,"26,0",48,"14,1","1,75","11,69",12
17/06/2026 08:22,"26,0",48,"14,1","1,75","11,69",12
17/06/2026 08:37,"26,0",50,"14,8","1,68","12,17",12
17/06/2026 08:52,"26,0",50,"14,8","1,68","12,17",12
17/06/2026 09:07,"26,0",50,"14,8","1,68","12,17",12
17/06/2026 09:22,"26,0",50,"14,8","1,68","12,17",12
17/06/2026 09:37,"26,0",50,"14,8","1,68","12,17",12
17/06/2026 09:52,"26,0",50,"14,8","1,68","12,17",11
17/06/2026 10:07,"26,0",50,"14,8","1,68","12,17",11
17/06/2026 10:22,"26,0",50,"14,8","1,68","12,17",11
17/06/2026 10:37,"26,0",50,"14,8","1,68","12,17",11
17/06/2026 10:52,"26,0",50,"14,8","1,68","12,17",11
17/06/2026 11:07,"26,1",52,"15,5","1,62","12,73",11
17/06/2026 11:22,"26,1",52,"15,5","1,62","12,73",11
17/06/2026 11:37,"26,1",52,"15,5","1,62","12,73",11
17/06/2026 11:52,"26,1",52,"15,5","1,62","12,73",11
17/06/2026 12:07,"26,1",52,"15,5","1,62","12,73",11
17/06/2026 12:22,"26,1",52,"15,5","1,62","12,73",11
17/06/2026 12:37,"26,1",52,"15,5","1,62","12,73",11
17/06/2026 12:52,"26,1",52,"15,5","1,62","12,73",10
17/06/2026 13:07,"26,1",52,"15,5","1,62","12,73",11
17/06/2026 13:22,"26,1",52,"15,5","1,62","12,73",11
17/06/2026 13:37,"26,1",52,"15,5","1,62","12,73",11
17/06/2026 13:52,"26,1",52,"15,5","1,62","12,73",11
17/06/2026 14:07,"26,1",50,"14,9","1,69","12,24",11
17/06/2026 14:22,"26,1",50,"14,9","1,69","12,24",12
17/06/2026 14:37,"26,1",50,"14,9","1,69","12,24",12
17/06/2026 14:52,"26,1",50,"14,9","1,69","12,24",12
17/06/2026 15:07,"26,1",50,"14,9","1,69","12,24",12
17/06/2026 15:22,"26,1",50,"14,9","1,69","12,24",12
17/06/2026 15:37,"26,1",50,"14,9","1,69","12,24",12
17/06/2026 15:52,"26,1",50,"14,9","1,69","12,24",11
17/06/2026 16:07,"26,1",50,"14,9","1,69","12,24",11
17/06/2026 16:22,"26,1",50,"14,9","1,69","12,24",11
17/06/2026 16:37,"26,1",50,"14,9","1,69","12,24",11
17/06/2026 16:52,"26,1",50,"14,9","1,69","12,24",11
17/06/2026 17:07,"26,1",50,"14,9","1,69","12,24",11
17/06/2026 17:22,"26,1",50,"14,9","1,69","12,24",11
17/06/2026 17:37,"26,3",49,"14,7","1,74","12,13",11
17/06/2026 17:52,"26,3",49,"14,7","1,74","12,13",11
17/06/2026 18:07,"26,3",49,"14,7","1,74","12,13",11
17/06/2026 18:22,"26,3",49,"14,7","1,74","12,13",11
17/06/2026 18:37,"26,3",49,"14,7","1,74","12,13",11
17/06/2026 18:52,"26,3",49,"14,7","1,74","12,13",11
17/06/2026 19:07,"26,3",49,"14,7","1,74","12,13",12
17/06/2026 19:22,"26,5",48,"14,6","1,80","12,02",12
17/06/2026 19:37,"26,5",48,"14,6","1,80","12,02",12
17/06/2026 19:52,"26,5",48,"14,6","1,80","12,02",12
17/06/2026 20:07,"26,5",48,"14,6","1,80","12,02",13
17/06/2026 20:22,"26,7",48,"14,8","1,82","12,15",13
17/06/2026 20:37,"26,7",48,"14,8","1,82","12,15",13
17/06/2026 20:52,"26,7",48,"14,8","1,82","12,15",13
17/06/2026 21:07,"26,7",48,"14,8","1,82","12,15",12
17/06/2026 21:22,"26,7",48,"14,8","1,82","12,15",1
17/06/2026 21:37,"26,5",48,"14,6","1,80","12,02",1
17/06/2026 21:52,"26,5",48,"14,6","1,80","12,02",1
17/06/2026 22:07,"26,5",48,"14,6","1,80","12,02",9
17/06/2026 22:22,"26,5",48,"14,6","1,80","12,02",1
17/06/2026 22:37,"26,5",48,"14,6","1,80","12,02",1
17/06/2026 22:52,"26,5",46,"13,9","1,87","11,51",1
17/06/2026 23:07,"26,5",46,"13,9","1,87","11,51",1
17/06/2026 23:22,"26,5",46,"13,9","1,87","11,51",1
17/06/2026 23:37,"26,4",48,"14,5","1,79","11,95",1
17/06/2026 23:52,"26,4",48,"14,5","1,79","11,95",1
18/06/2026 00:07,"26,4",48,"14,5","1,79","11,95",1
18/06/2026 00:22,"26,4",48,"14,5","1,79","11,95",1
18/06/2026 00:37,"26,4",48,"14,5","1,79","11,95",1
18/06/2026 00:52,"26,4",48,"14,5","1,79","11,95",1
18/06/2026 01:07,"26,4",48,"14,5","1,79","11,95",1
18/06/2026 01:22,"26,4",48,"14,5","1,79","11,95",1
18/06/2026 01:37,"26,2",49,"14,6","1,73","12,06",1
18/06/2026 01:52,"26,2",49,"14,6","1,73","12,06",1
18/06/2026 02:07,"26,2",49,"14,6","1,73","12,06",1
18/06/2026 02:22,"26,2",49,"14,6","1,73","12,06",1
18/06/2026 02:37,"26,2",49,"14,6","1,73","12,06",1
18/06/2026 02:52,"26,2",49,"14,6","1,73","12,06",1
18/06/2026 03:07,"26,2",49,"14,6","1,73","12,06",1
18/06/2026 03:22,"26,2",49,"14,6","1,73","12,06",1
18/06/2026 03:37,"26,2",49,"14,6","1,73","12,06",1
18/06/2026 03:52,"26,2",49,"14,6","1,73","12,06",1
18/06/2026 04:07,"26,2",49,"14,6","1,73","12,06",1
18/06/2026 04:22,"26,2",49,"14,6","1,73","12,06",1
18/06/2026 04:37,"26,2",49,"14,6","1,73","12,06",1
18/06/2026 04:52,"26,2",49,"14,6","1,73","12,06",1
18/06/2026 05:07,"26,2",49,"14,6","1,73","12,06",1
18/06/2026 05:22,"26,2",49,"14,6","1,73","12,06",1
18/06/2026 05:37,"26,2",49,"14,6","1,73","12,06",1
18/06/2026 05:52,"26,2",49,"14,6","1,73","12,06",1
18/06/2026 06:07,"26,2",49,"14,6","1,73","12,06",2
18/06/2026 06:22,"26,2",49,"14,6","1,73","12,06",12
18/06/2026 06:37,"26,2",49,"14,6","1,73","12,06",12
18/06/2026 06:52,"26,2",49,"14,6","1,73","12,06",12
18/06/2026 07:07,"26,4",50,"15,1","1,72","12,45",12
18/06/2026 07:22,"26,4",50,"15,1","1,72","12,45",12
18/06/2026 07:37,"26,4",50,"15,1","1,72","12,45",12
18/06/2026 07:52,"26,6",50,"15,3","1,74","12,59",12
18/06/2026 08:07,"26,6",50,"15,3","1,74","12,59",12
18/06/2026 08:22,"26,6",50,"15,3","1,74","12,59",12
18/06/2026 08:37,"26,6",50,"15,3","1,74","12,59",11
18/06/2026 08:52,"26,4",50,"15,1","1,72","12,45",11
18/06/2026 09:07,"26,4",50,"15,1","1,72","12,45",11
18/06/2026 09:22,"26,4",50,"15,1","1,72","12,45",11
18/06/2026 09:37,"26,4",50,"15,1","1,72","12,45",11
18/06/2026 09:52,"26,4",50,"15,1","1,72","12,45",11
18/06/2026 10:07,"26,4",50,"15,1","1,72","12,45",10
18/06/2026 10:22,"26,4",50,"15,1","1,72","12,45",10
18/06/2026 10:37,"26,4",50,"15,1","1,72","12,45",10
18/06/2026 10:52,"26,4",50,"15,1","1,72","12,45",10
18/06/2026 11:07,"26,4",50,"15,1","1,72","12,45",9
18/06/2026 11:22,"26,4",50,"15,1","1,72","12,45",10
18/06/2026 11:37,"26,4",50,"15,1","1,72","12,45",10
18/06/2026 11:52,"26,4",50,"15,1","1,72","12,45",10
18/06/2026 12:07,"26,4",50,"15,1","1,72","12,45",10
18/06/2026 12:22,"26,4",50,"15,1","1,72","12,45",10
18/06/2026 12:37,"26,4",50,"15,1","1,72","12,45",11
18/06/2026 12:52,"26,4",52,"15,7","1,65","12,94",10
18/06/2026 13:07,"26,4",52,"15,7","1,65","12,94",11
18/06/2026 13:22,"26,4",52,"15,7","1,65","12,94",11
18/06/2026 13:37,"26,4",52,"15,7","1,65","12,94",11
18/06/2026 13:52,"26,6",53,"16,2","1,64","13,34",11
18/06/2026 14:07,"26,5",51,"15,5","1,70","12,77",11
18/06/2026 14:22,"26,5",51,"15,5","1,70","12,77",11
18/06/2026 14:37,"26,5",51,"15,5","1,70","12,77",11
18/06/2026 14:52,"26,5",51,"15,5","1,70","12,77",11
18/06/2026 15:07,"26,5",51,"15,5","1,70","12,77",11
18/06/2026 15:22,"26,5",51,"15,5","1,70","12,77",11
18/06/2026 15:37,"26,5",51,"15,5","1,70","12,77",11
18/06/2026 15:52,"26,5",51,"15,5","1,70","12,77",11
18/06/2026 16:07,"26,5",51,"15,5","1,70","12,77",11
18/06/2026 16:22,"26,5",51,"15,5","1,70","12,77",11
18/06/2026 16:37,"26,5",51,"15,5","1,70","12,77",11
18/06/2026 16:52,"26,7",50,"15,4","1,75","12,66",11
18/06/2026 17:07,"26,7",50,"15,4","1,75","12,66",11
18/06/2026 17:22,"26,7",50,"15,4","1,75","12,66",11
18/06/2026 17:37,"26,7",50,"15,4","1,75","12,66",10
18/06/2026 17:52,"26,7",48,"14,8","1,82","12,15",10
18/06/2026 18:07,"26,7",48,"14,8","1,82","12,15",10
18/06/2026 18:22,"26,7",48,"14,8","1,82","12,15",9
18/06/2026 18:37,"26,7",48,"14,8","1,82","12,15",9
18/06/2026 18:52,"26,6",46,"14,0","1,88","11,58",9
18/06/2026 19:07,"26,6",46,"14,0","1,88","11,58",8
18/06/2026 19:22,"26,6",46,"14,0","1,88","11,58",7
18/06/2026 19:37,"26,6",46,"14,0","1,88","11,58",6
18/06/2026 19:52,"26,6",46,"14,0","1,88","11,58",6
18/06/2026 20:07,"26,7",44,"13,4","1,96","11,14",5
18/06/2026 20:22,"26,7",44,"13,4","1,96","11,14",5
18/06/2026 20:37,"26,7",44,"13,4","1,96","11,14",10
18/06/2026 20:52,"26,7",44,"13,4","1,96","11,14",11
18/06/2026 21:07,"26,7",44,"13,4","1,96","11,14",8
18/06/2026 21:22,"26,8",42,"12,8","2,04","10,69",1
18/06/2026 21:37,"26,8",42,"12,8","2,04","10,69",1
18/06/2026 21:52,"26,8",42,"12,8","2,04","10,69",1
18/06/2026 22:07,"26,8",40,"12,1","2,11","10,18",1
18/06/2026 22:22,"26,8",40,"12,1","2,11","10,18",1
18/06/2026 22:37,"26,9",42,"12,9","2,06","10,75",1
18/06/2026 22:52,"26,9",42,"12,9","2,06","10,75",1
18/06/2026 23:07,"26,9",44,"13,6","1,98","11,26",1
18/06/2026 23:22,"26,9",44,"13,6","1,98","11,26",1
18/06/2026 23:37,"26,9",44,"13,6","1,98","11,26",1
18/06/2026 23:52,"26,9",44,"13,6","1,98","11,26",1
19/06/2026 00:07,"26,9",44,"13,6","1,98","11,26",1
19/06/2026 00:22,"26,9",44,"13,6","1,98","11,26",1
19/06/2026 00:37,"26,9",44,"13,6","1,98","11,26",1
19/06/2026 00:52,"26,9",44,"13,6","1,98","11,26",1
19/06/2026 01:07,"26,9",44,"13,6","1,98","11,26",1
19/06/2026 01:22,"26,7",45,"13,8","1,93","11,39",1
19/06/2026 01:37,"26,7",45,"13,8","1,93","11,39",1
19/06/2026 01:52,"26,7",45,"13,8","1,93","11,39",1
19/06/2026 02:07,"26,7",47,"14,5","1,86","11,90",1
19/06/2026 02:22,"26,7",47,"14,5","1,86","11,90",1
19/06/2026 02:37,"26,7",47,"14,5","1,86","11,90",1
19/06/2026 02:52,"26,7",47,"14,5","1,86","11,90",1
19/06/2026 03:07,"26,7",47,"14,5","1,86","11,90",1
19/06/2026 03:22,"26,7",47,"14,5","1,86","11,90",1
19/06/2026 03:37,"26,7",47,"14,5","1,86","11,90",1
19/06/2026 03:52,"26,7",47,"14,5","1,86","11,90",1
19/06/2026 04:07,"26,6",49,"15,0","1,78","12,33",1
19/06/2026 04:22,"26,6",49,"15,0","1,78","12,33",1
19/06/2026 04:37,"26,6",49,"15,0","1,78","12,33",1
19/06/2026 04:52,"26,6",49,"15,0","1,78","12,33",1
19/06/2026 05:07,"26,6",49,"15,0","1,78","12,33",1
19/06/2026 05:22,"26,6",49,"15,0","1,78","12,33",1
19/06/2026 05:37,"26,6",49,"15,0","1,78","12,33",1
19/06/2026 05:52,"26,6",49,"15,0","1,78","12,33",1
19/06/2026 06:07,"26,6",49,"15,0","1,78","12,33",1
19/06/2026 06:22,"26,6",49,"15,0","1,78","12,33",2
19/06/2026 06:37,"26,6",49,"15,0","1,78","12,33",12
19/06/2026 06:52,"26,6",49,"15,0","1,78","12,33",12
19/06/2026 07:07,"26,6",49,"15,0","1,78","12,33",12
19/06/2026 07:22,"26,8",50,"15,5","1,76","12,73",11
19/06/2026 07:37,"26,8",50,"15,5","1,76","12,73",8
19/06/2026 07:52,"26,8",50,"15,5","1,76","12,73",8
19/06/2026 08:07,"26,8",50,"15,5","1,76","12,73",7
19/06/2026 08:22,"26,8",50,"15,5","1,76","12,73",6
19/06/2026 08:37,"26,6",51,"15,6","1,71","12,84",8
19/06/2026 08:52,"26,6",51,"15,6","1,71","12,84",9
19/06/2026 09:07,"26,6",51,"15,6","1,71","12,84",9
19/06/2026 09:22,"26,6",51,"15,6","1,71","12,84",10
19/06/2026 09:37,"26,6",51,"15,6","1,71","12,84",10
19/06/2026 09:52,"26,6",51,"15,6","1,71","12,84",11
19/06/2026 10:07,"26,6",51,"15,6","1,71","12,84",11
19/06/2026 10:22,"26,6",51,"15,6","1,71","12,84",11
19/06/2026 10:37,"26,6",51,"15,6","1,71","12,84",10
19/06/2026 10:52,"26,6",51,"15,6","1,71","12,84",10
19/06/2026 11:07,"26,6",51,"15,6","1,71","12,84",10
19/06/2026 11:22,"26,6",51,"15,6","1,71","12,84",10
19/06/2026 11:37,"26,6",51,"15,6","1,71","12,84",10
19/06/2026 11:52,"26,6",51,"15,6","1,71","12,84",10
19/06/2026 12:07,"26,6",51,"15,6","1,71","12,84",11
19/06/2026 12:22,"26,7",49,"15,1","1,79","12,40",11
19/06/2026 12:37,"26,7",49,"15,1","1,79","12,40",11
19/06/2026 12:52,"26,7",49,"15,1","1,79","12,40",11
19/06/2026 13:07,"26,7",47,"14,5","1,86","11,90",11
19/06/2026 13:22,"26,7",47,"14,5","1,86","11,90",11
19/06/2026 13:37,"26,7",47,"14,5","1,86","11,90",11
19/06/2026 13:52,"26,7",47,"14,5","1,86","11,90",11
19/06/2026 14:07,"26,7",47,"14,5","1,86","11,90",11
19/06/2026 14:22,"26,9",47,"14,6","1,88","12,03",11
19/06/2026 14:37,"26,9",47,"14,6","1,88","12,03",11
19/06/2026 14:52,"26,9",47,"14,6","1,88","12,03",11
19/06/2026 15:07,"26,9",47,"14,6","1,88","12,03",11
19/06/2026 15:22,"26,9",47,"14,6","1,88","12,03",11
19/06/2026 15:37,"26,9",47,"14,6","1,88","12,03",11
19/06/2026 15:52,"26,9",47,"14,6","1,88","12,03",11
19/06/2026 16:07,"27,1",46,"14,5","1,94","11,90",12
19/06/2026 16:22,"27,1",46,"14,5","1,94","11,90",11
19/06/2026 16:37,"27,1",46,"14,5","1,94","11,90",10
19/06/2026 16:52,"27,1",48,"15,1","1,86","12,42",11
19/06/2026 17:07,"27,1",48,"15,1","1,86","12,42",8
19/06/2026 17:22,"27,1",48,"15,1","1,86","12,42",8
19/06/2026 17:37,"27,1",48,"15,1","1,86","12,42",4
19/06/2026 17:52,"27,1",48,"15,1","1,86","12,42",7
19/06/2026 18:07,"26,9",48,"15,0","1,84","12,29",11
19/06/2026 18:22,"26,7",49,"15,1","1,79","12,40",14
19/06/2026 18:37,"26,8",47,"14,5","1,87","11,96",14
19/06/2026 18:52,"27,0",47,"14,7","1,89","12,10",7
19/06/2026 19:07,"26,8",48,"14,9","1,83","12,22",3
19/06/2026 19:22,"26,4",49,"14,8","1,76","12,20",6
19/06/2026 19:37,"26,4",49,"14,8","1,76","12,20",10
19/06/2026 19:52,"26,6",48,"14,7","1,81","12,08",13
19/06/2026 20:07,"26,6",48,"14,7","1,81","12,08",15
19/06/2026 20:22,"26,4",48,"14,5","1,79","11,95",15
19/06/2026 20:37,"26,6",48,"14,7","1,81","12,08",14
19/06/2026 20:52,"26,8",48,"14,9","1,83","12,22",13
19/06/2026 21:07,"26,6",47,"14,4","1,85","11,83",10
19/06/2026 21:22,"26,6",47,"14,4","1,85","11,83",2
19/06/2026 21:37,"26,6",47,"14,4","1,85","11,83",1
19/06/2026 21:52,"26,6",47,"14,4","1,85","11,83",1
19/06/2026 22:07,"26,6",47,"14,4","1,85","11,83",1
19/06/2026 22:22,"26,6",49,"15,0","1,78","12,33",1
19/06/2026 22:37,"26,6",49,"15,0","1,78","12,33",1
19/06/2026 22:52,"26,4",50,"15,1","1,72","12,45",1
19/06/2026 23:07,"26,4",50,"15,1","1,72","12,45",9
19/06/2026 23:22,"26,4",50,"15,1","1,72","12,45",9
19/06/2026 23:37,"26,4",50,"15,1","1,72","12,45",9
19/06/2026 23:52,"26,4",50,"15,1","1,72","12,45",9
20/06/2026 00:07,"26,4",50,"15,1","1,72","12,45",9
20/06/2026 00:22,"26,6",50,"15,3","1,74","12,59",1
20/06/2026 00:37,"26,4",51,"15,4","1,69","12,70",1
20/06/2026 00:52,"26,4",51,"15,4","1,69","12,70",1
20/06/2026 01:07,"26,2",51,"15,3","1,67","12,56",1
20/06/2026 01:22,"26,2",51,"15,3","1,67","12,56",1
20/06/2026 01:37,"26,2",51,"15,3","1,67","12,56",1
20/06/2026 01:52,"26,2",51,"15,3","1,67","12,56",1
20/06/2026 02:07,"26,2",51,"15,3","1,67","12,56",1
20/06/2026 02:22,"26,0",52,"15,4","1,61","12,66",1
20/06/2026 02:37,"26,0",52,"15,4","1,61","12,66",1
20/06/2026 02:52,"26,0",52,"15,4","1,61","12,66",1
20/06/2026 03:07,"26,0",52,"15,4","1,61","12,66",1
20/06/2026 03:22,"25,8",51,"14,9","1,63","12,28",1
20/06/2026 03:37,"25,8",51,"14,9","1,63","12,28",1
20/06/2026 03:52,"25,8",51,"14,9","1,63","12,28",1
20/06/2026 04:07,"25,8",51,"14,9","1,63","12,28",1
20/06/2026 04:22,"25,8",51,"14,9","1,63","12,28",1
20/06/2026 04:37,"25,8",51,"14,9","1,63","12,28",1
20/06/2026 04:52,"25,8",51,"14,9","1,63","12,28",1
20/06/2026 05:07,"25,6",52,"15,0","1,58","12,38",1
20/06/2026 05:22,"25,6",52,"15,0","1,58","12,38",1
20/06/2026 05:37,"25,6",52,"15,0","1,58","12,38",1
20/06/2026 05:52,"25,6",52,"15,0","1,58","12,38",1
20/06/2026 06:07,"25,6",52,"15,0","1,58","12,38",3
20/06/2026 06:22,"25,6",52,"15,0","1,58","12,38",11
20/06/2026 06:37,"25,6",52,"15,0","1,58","12,38",11
20/06/2026 06:52,"25,6",52,"15,0","1,58","12,38",12
20/06/2026 07:07,"25,8",52,"15,2","1,59","12,52",12
20/06/2026 07:22,"25,8",52,"15,2","1,59","12,52",12
20/06/2026 07:37,"26,0",53,"15,7","1,58","12,90",12
20/06/2026 07:52,"26,0",53,"15,7","1,58","12,90",12
20/06/2026 08:07,"26,0",53,"15,7","1,58","12,90",12
20/06/2026 08:22,"26,0",53,"15,7","1,58","12,90",12
20/06/2026 08:37,"26,2",52,"15,6","1,63","12,80",12
20/06/2026 08:52,"26,2",52,"15,6","1,63","12,80",12
20/06/2026 09:07,"26,2",52,"15,6","1,63","12,80",12
20/06/2026 09:22,"26,2",52,"15,6","1,63","12,80",12
20/06/2026 09:37,"26,4",55,"16,6","1,55","13,69",11
20/06/2026 09:52,"26,4",55,"16,6","1,55","13,69",11
20/06/2026 10:07,"26,4",55,"16,6","1,55","13,69",11
20/06/2026 10:22,"26,4",53,"16,0","1,62","13,19",11
20/06/2026 10:37,"26,4",53,"16,0","1,62","13,19",11
20/06/2026 10:52,"26,4",53,"16,0","1,62","13,19",11
20/06/2026 11:07,"26,4",53,"16,0","1,62","13,19",11
20/06/2026 11:22,"26,4",53,"16,0","1,62","13,19",11
20/06/2026 11:37,"26,4",53,"16,0","1,62","13,19",11
20/06/2026 11:52,"26,4",53,"16,0","1,62","13,19",11
20/06/2026 12:07,"26,4",53,"16,0","1,62","13,19",11
20/06/2026 12:22,"26,4",53,"16,0","1,62","13,19",11
20/06/2026 12:37,"26,4",53,"16,0","1,62","13,19",11
20/06/2026 12:52,"26,4",53,"16,0","1,62","13,19",11
20/06/2026 13:07,"26,4",53,"16,0","1,62","13,19",11
20/06/2026 13:22,"26,5",51,"15,5","1,70","12,77",12
20/06/2026 13:37,"26,5",51,"15,5","1,70","12,77",12
20/06/2026 13:52,"26,5",52,"15,8","1,66","13,02",11
20/06/2026 14:07,"26,4",50,"15,1","1,72","12,45",11
20/06/2026 14:22,"26,4",52,"15,7","1,65","12,94",11
20/06/2026 14:37,"26,4",50,"15,1","1,72","12,45",12
20/06/2026 14:52,"26,4",50,"15,1","1,72","12,45",12
20/06/2026 15:07,"26,4",50,"15,1","1,72","12,45",12
20/06/2026 15:22,"26,4",50,"15,1","1,72","12,45",12
20/06/2026 15:37,"26,4",50,"15,1","1,72","12,45",12
20/06/2026 15:52,"26,4",50,"15,1","1,72","12,45",12
20/06/2026 16:07,"26,4",48,"14,5","1,79","11,95",12
20/06/2026 16:22,"26,4",48,"14,5","1,79","11,95",12
20/06/2026 16:37,"26,4",48,"14,5","1,79","11,95",12
20/06/2026 16:52,"26,6",47,"14,4","1,85","11,83",12
20/06/2026 17:07,"26,6",47,"14,4","1,85","11,83",12
20/06/2026 17:22,"26,6",47,"14,4","1,85","11,83",12
20/06/2026 17:37,"26,6",47,"14,4","1,85","11,83",12
20/06/2026 17:52,"26,8",47,"14,5","1,87","11,96",12
20/06/2026 18:07,"26,8",47,"14,5","1,87","11,96",12
20/06/2026 18:22,"26,6",46,"14,0","1,88","11,58",12
20/06/2026 18:37,"26,6",46,"14,0","1,88","11,58",12
20/06/2026 18:52,"26,6",46,"14,0","1,88","11,58",12
20/06/2026 19:07,"26,6",46,"14,0","1,88","11,58",12
20/06/2026 19:22,"26,8",45,"13,9","1,94","11,45",12
20/06/2026 19:37,"26,8",45,"13,9","1,94","11,45",12
20/06/2026 19:52,"26,8",45,"13,9","1,94","11,45",12
20/06/2026 20:07,"26,8",45,"13,9","1,94","11,45",12
20/06/2026 20:22,"26,8",45,"13,9","1,94","11,45",12
20/06/2026 20:37,"26,8",43,"13,2","2,01","10,94",12
20/06/2026 20:52,"26,8",43,"13,2","2,01","10,94",3
20/06/2026 21:07,"26,8",43,"13,2","2,01","10,94",1
20/06/2026 21:22,"26,8",43,"13,2","2,01","10,94",1
20/06/2026 21:37,"26,8",45,"13,9","1,94","11,45",1
20/06/2026 21:52,"26,9",47,"14,6","1,88","12,03",1
20/06/2026 22:07,"26,9",47,"14,6","1,88","12,03",1
20/06/2026 22:22,"26,9",47,"14,6","1,88","12,03",1
20/06/2026 22:37,"26,9",47,"14,6","1,88","12,03",8
20/06/2026 22:52,"26,7",46,"14,1","1,89","11,64",9
20/06/2026 23:07,"26,7",44,"13,4","1,96","11,14",9
20/06/2026 23:22,"26,7",44,"13,4","1,96","11,14",7
20/06/2026 23:37,"26,7",44,"13,4","1,96","11,14",7
20/06/2026 23:52,"26,6",42,"12,6","2,02","10,57",1
21/06/2026 00:07,"26,6",42,"12,6","2,02","10,57",1
21/06/2026 00:22,"26,6",42,"12,6","2,02","10,57",1
21/06/2026 00:37,"26,6",42,"12,6","2,02","10,57",1
21/06/2026 00:52,"26,6",42,"12,6","2,02","10,57",1
21/06/2026 01:07,"26,6",42,"12,6","2,02","10,57",1
21/06/2026 01:22,"26,6",42,"12,6","2,02","10,57",1
21/06/2026 01:37,"26,6",42,"12,6","2,02","10,57",1
21/06/2026 01:52,"26,6",44,"13,3","1,95","11,08",1
21/06/2026 02:07,"26,6",44,"13,3","1,95","11,08",1
21/06/2026 02:22,"26,6",44,"13,3","1,95","11,08",1
21/06/2026 02:37,"26,6",44,"13,3","1,95","11,08",1
21/06/2026 02:52,"26,7",46,"14,1","1,89","11,64",1
21/06/2026 03:07,"26,7",46,"14,1","1,89","11,64",1
21/06/2026 03:22,"26,7",46,"14,1","1,89","11,64",1
21/06/2026 03:37,"26,7",46,"14,1","1,89","11,64",1
21/06/2026 03:52,"26,7",46,"14,1","1,89","11,64",1
21/06/2026 04:07,"26,7",46,"14,1","1,89","11,64",1
21/06/2026 04:22,"26,7",46,"14,1","1,89","11,64",1
21/06/2026 04:37,"26,6",48,"14,7","1,81","12,08",1
21/06/2026 04:52,"26,6",48,"14,7","1,81","12,08",1
21/06/2026 05:07,"26,6",48,"14,7","1,81","12,08",1
21/06/2026 05:22,"26,6",48,"14,7","1,81","12,08",1
21/06/2026 05:37,"26,6",48,"14,7","1,81","12,08",1
21/06/2026 05:52,"26,6",48,"14,7","1,81","12,08",1
21/06/2026 06:07,"26,6",48,"14,7","1,81","12,08",2
21/06/2026 06:22,"26,6",48,"14,7","1,81","12,08",11
21/06/2026 06:37,"26,6",48,"14,7","1,81","12,08",11
21/06/2026 06:52,"26,8",48,"14,9","1,83","12,22",11
21/06/2026 07:07,"26,8",48,"14,9","1,83","12,22",11
21/06/2026 07:22,"26,8",48,"14,9","1,83","12,22",11
21/06/2026 07:37,"27,0",49,"15,4","1,82","12,61",11
21/06/2026 07:52,"27,0",49,"15,4","1,82","12,61",11
21/06/2026 08:07,"27,0",49,"15,4","1,82","12,61",11
21/06/2026 08:22,"27,2",49,"15,6","1,84","12,75",11
21/06/2026 08:37,"27,2",49,"15,6","1,84","12,75",11
21/06/2026 08:52,"27,2",49,"15,6","1,84","12,75",11
21/06/2026 09:07,"27,2",49,"15,6","1,84","12,75",11
21/06/2026 09:22,"27,2",49,"15,6","1,84","12,75",10
21/06/2026 09:37,"27,2",49,"15,6","1,84","12,75",9
21/06/2026 09:52,"27,2",49,"15,6","1,84","12,75",8
21/06/2026 10:07,"27,2",49,"15,6","1,84","12,75",7
21/06/2026 10:22,"27,2",49,"15,6","1,84","12,75",6
21/06/2026 10:37,"27,2",49,"15,6","1,84","12,75",6
21/06/2026 10:52,"27,2",49,"15,6","1,84","12,75",6
21/06/2026 11:07,"27,2",49,"15,6","1,84","12,75",7
21/06/2026 11:22,"27,2",49,"15,6","1,84","12,75",7
21/06/2026 11:37,"27,2",49,"15,6","1,84","12,75",7
21/06/2026 11:52,"27,2",49,"15,6","1,84","12,75",8
21/06/2026 12:07,"27,2",49,"15,6","1,84","12,75",7
21/06/2026 12:22,"27,2",49,"15,6","1,84","12,75",8
21/06/2026 12:37,"27,2",49,"15,6","1,84","12,75",8
21/06/2026 12:52,"27,2",49,"15,6","1,84","12,75",8
21/06/2026 13:07,"27,2",49,"15,6","1,84","12,75",8
21/06/2026 13:22,"27,2",49,"15,6","1,84","12,75",9
21/06/2026 13:37,"27,4",48,"15,4","1,90","12,63",9
21/06/2026 13:52,"27,4",48,"15,4","1,90","12,63",9
21/06/2026 14:07,"27,4",46,"14,8","1,97","12,10",9
21/06/2026 14:22,"27,4",46,"14,8","1,97","12,10",9
21/06/2026 14:37,"27,4",44,"14,1","2,04","11,58",9
21/06/2026 14:52,"27,4",44,"14,1","2,04","11,58",10
21/06/2026 15:07,"27,4",44,"14,1","2,04","11,58",8
21/06/2026 15:22,"27,6",44,"14,2","2,07","11,71",10
21/06/2026 15:37,"27,6",44,"14,2","2,07","11,71",10
21/06/2026 15:52,"27,6",44,"14,2","2,07","11,71",11
21/06/2026 16:07,"27,8",44,"14,4","2,09","11,83",11
21/06/2026 16:22,"27,8",44,"14,4","2,09","11,83",11
21/06/2026 16:37,"28,0",45,"15,0","2,08","12,24",11
21/06/2026 16:52,"28,0",45,"15,0","2,08","12,24",7
21/06/2026 17:07,"27,8",44,"14,4","2,09","11,83",6
21/06/2026 17:22,"27,8",44,"14,4","2,09","11,83",11
21/06/2026 17:37,"27,8",44,"14,4","2,09","11,83",10
21/06/2026 17:52,"28,0",44,"14,6","2,12","11,97",11
21/06/2026 18:07,"27,8",44,"14,4","2,09","11,83",5
21/06/2026 18:22,"27,8",44,"14,4","2,09","11,83",4
21/06/2026 18:37,"27,8",46,"15,1","2,02","12,37",4
21/06/2026 18:52,"27,6",47,"15,3","1,96","12,50",9
21/06/2026 19:07,"27,6",47,"15,3","1,96","12,50",9
21/06/2026 19:22,"27,6",47,"15,3","1,96","12,50",9
21/06/2026 19:37,"27,6",47,"15,3","1,96","12,50",7
21/06/2026 19:52,"27,6",47,"15,3","1,96","12,50",6
21/06/2026 20:07,"27,6",47,"15,3","1,96","12,50",5
21/06/2026 20:22,"27,6",49,"15,9","1,88","13,04",5
21/06/2026 20:37,"27,6",49,"15,9","1,88","13,04",4
21/06/2026 20:52,"27,6",49,"15,9","1,88","13,04",3
21/06/2026 21:07,"27,6",47,"15,3","1,96","12,50",1
21/06/2026 21:22,"27,6",47,"15,3","1,96","12,50",1
21/06/2026 21:37,"27,8",46,"15,1","2,02","12,37",1
21/06/2026 21:52,"27,8",46,"15,1","2,02","12,37",1
21/06/2026 22:07,"27,8",46,"15,1","2,02","12,37",1
21/06/2026 22:22,"27,8",46,"15,1","2,02","12,37",1
21/06/2026 22:37,"27,8",48,"15,8","1,94","12,91",1
21/06/2026 22:52,"27,8",48,"15,8","1,94","12,91",1
21/06/2026 23:07,"27,8",48,"15,8","1,94","12,91",1
21/06/2026 23:22,"27,8",48,"15,8","1,94","12,91",1
21/06/2026 23:37,"27,8",48,"15,8","1,94","12,91",1
21/06/2026 23:52,"27,7",50,"16,3","1,86","13,37",1
22/06/2026 00:07,"27,7",50,"16,3","1,86","13,37",1
22/06/2026 00:22,"27,7",50,"16,3","1,86","13,37",1
22/06/2026 00:37,"27,7",50,"16,3","1,86","13,37",1
22/06/2026 00:52,"27,7",50,"16,3","1,86","13,37",1
22/06/2026 01:07,"27,7",50,"16,3","1,86","13,37",1
22/06/2026 01:22,"27,7",50,"16,3","1,86","13,37",1
22/06/2026 01:37,"27,7",50,"16,3","1,86","13,37",1
22/06/2026 01:52,"27,7",50,"16,3","1,86","13,37",1
22/06/2026 02:07,"27,7",50,"16,3","1,86","13,37",1
22/06/2026 02:22,"27,7",50,"16,3","1,86","13,37",1
22/06/2026 02:37,"27,5",50,"16,1","1,84","13,23",1
22/06/2026 02:52,"27,5",50,"16,1","1,84","13,23",1
22/06/2026 03:07,"27,5",50,"16,1","1,84","13,23",1
22/06/2026 03:22,"27,5",50,"16,1","1,84","13,23",1
22/06/2026 03:37,"27,5",50,"16,1","1,84","13,23",1
22/06/2026 03:52,"27,5",50,"16,1","1,84","13,23",1
22/06/2026 04:07,"27,5",50,"16,1","1,84","13,23",1
22/06/2026 04:22,"27,5",50,"16,1","1,84","13,23",1
22/06/2026 04:37,"27,5",50,"16,1","1,84","13,23",1
22/06/2026 04:52,"27,5",50,"16,1","1,84","13,23",1
22/06/2026 05:07,"27,5",50,"16,1","1,84","13,23",1
22/06/2026 05:22,"27,5",50,"16,1","1,84","13,23",1
22/06/2026 05:37,"27,5",50,"16,1","1,84","13,23",1
22/06/2026 05:52,"27,5",50,"16,1","1,84","13,23",1
22/06/2026 06:07,"27,5",50,"16,1","1,84","13,23",1
22/06/2026 06:22,"27,5",50,"16,1","1,84","13,23",11
22/06/2026 06:37,"27,5",50,"16,1","1,84","13,23",11
22/06/2026 06:52,"27,5",50,"16,1","1,84","13,23",11
22/06/2026 07:07,"27,5",50,"16,1","1,84","13,23",11
22/06/2026 07:22,"27,7",50,"16,3","1,86","13,37",11
22/06/2026 07:37,"27,7",50,"16,3","1,86","13,37",11
22/06/2026 07:52,"27,7",50,"16,3","1,86","13,37",11
22/06/2026 08:07,"27,9",50,"16,5","1,88","13,52",11
22/06/2026 08:22,"27,9",50,"16,5","1,88","13,52",11
22/06/2026 08:37,"27,9",50,"16,5","1,88","13,52",11
22/06/2026 08:52,"27,9",50,"16,5","1,88","13,52",11
22/06/2026 09:07,"27,9",50,"16,5","1,88","13,52",10
22/06/2026 09:22,"27,9",50,"16,5","1,88","13,52",8
22/06/2026 09:37,"27,9",50,"16,5","1,88","13,52",7
22/06/2026 09:52,"27,7",49,"16,0","1,89","13,11",6
22/06/2026 10:07,"27,7",49,"16,0","1,89","13,11",6
22/06/2026 10:22,"27,7",49,"16,0","1,89","13,11",6
22/06/2026 10:37,"27,7",49,"16,0","1,89","13,11",6
22/06/2026 10:52,"27,7",49,"16,0","1,89","13,11",6
22/06/2026 11:07,"27,7",49,"16,0","1,89","13,11",6
22/06/2026 11:22,"27,7",49,"16,0","1,89","13,11",6
22/06/2026 11:37,"27,7",49,"16,0","1,89","13,11",6
22/06/2026 11:52,"27,7",49,"16,0","1,89","13,11",6
22/06/2026 12:07,"27,7",49,"16,0","1,89","13,11",6
22/06/2026 12:22,"27,7",49,"16,0","1,89","13,11",7
22/06/2026 12:37,"27,7",49,"16,0","1,89","13,11",7
22/06/2026 12:52,"27,7",49,"16,0","1,89","13,11",7
22/06/2026 13:07,"27,8",51,"16,7","1,83","13,72",10
22/06/2026 13:22,"27,8",51,"16,7","1,83","13,72",9
22/06/2026 13:37,"27,8",51,"16,7","1,83","13,72",9
22/06/2026 13:52,"27,8",51,"16,7","1,83","13,72",10
22/06/2026 14:07,"27,8",51,"16,7","1,83","13,72",10
22/06/2026 14:22,"27,8",51,"16,7","1,83","13,72",10
22/06/2026 14:37,"27,8",51,"16,7","1,83","13,72",10
22/06/2026 14:52,"27,8",51,"16,7","1,83","13,72",11
22/06/2026 15:07,"27,8",51,"16,7","1,83","13,72",11
22/06/2026 15:22,"27,8",51,"16,7","1,83","13,72",11
22/06/2026 15:37,"27,8",49,"16,1","1,91","13,18",11
22/06/2026 15:52,"27,8",49,"16,1","1,91","13,18",11
22/06/2026 16:07,"27,8",49,"16,1","1,91","13,18",11
22/06/2026 16:22,"27,8",49,"16,1","1,91","13,18",11
22/06/2026 16:37,"27,8",49,"16,1","1,91","13,18",11
22/06/2026 16:52,"27,8",47,"15,5","1,98","12,64",11
22/06/2026 17:07,"27,8",47,"15,5","1,98","12,64",11
22/06/2026 17:22,"27,8",47,"15,5","1,98","12,64",11
22/06/2026 17:37,"27,8",47,"15,5","1,98","12,64",11
22/06/2026 17:52,"27,8",45,"14,8","2,05","12,10",11
22/06/2026 18:07,"27,8",45,"14,8","2,05","12,10",11
22/06/2026 18:22,"27,8",45,"14,8","2,05","12,10",11
22/06/2026 18:37,"28,0",46,"15,3","2,04","12,51",11
22/06/2026 18:52,"28,0",46,"15,3","2,04","12,51",11
22/06/2026 19:07,"28,0",46,"15,3","2,04","12,51",9
22/06/2026 19:22,"28,0",46,"15,3","2,04","12,51",8
22/06/2026 19:37,"28,0",46,"15,3","2,04","12,51",7
22/06/2026 19:52,"28,0",46,"15,3","2,04","12,51",6
22/06/2026 20:07,"28,1",48,"16,1","1,98","13,13",5
22/06/2026 20:22,"28,1",48,"16,1","1,98","13,13",5
22/06/2026 20:37,"28,1",48,"16,1","1,98","13,13",4
22/06/2026 20:52,"28,1",50,"16,7","1,90","13,67",2
22/06/2026 21:07,"28,1",50,"16,7","1,90","13,67",2
22/06/2026 21:22,"28,1",48,"16,1","1,98","13,13",1
22/06/2026 21:37,"28,1",48,"16,1","1,98","13,13",1
22/06/2026 21:52,"28,1",48,"16,1","1,98","13,13",1
22/06/2026 22:07,"28,1",48,"16,1","1,98","13,13",1
22/06/2026 22:22,"28,1",48,"16,1","1,98","13,13",1
22/06/2026 22:37,"28,1",48,"16,1","1,98","13,13",1
22/06/2026 22:52,"28,1",48,"16,1","1,98","13,13",1
22/06/2026 23:07,"28,1",48,"16,1","1,98","13,13",1
22/06/2026 23:22,"28,1",48,"16,1","1,98","13,13",1
22/06/2026 23:37,"28,1",50,"16,7","1,90","13,67",1
22/06/2026 23:52,"28,2",46,"15,5","2,06","12,65",1
23/06/2026 00:07,"28,2",44,"14,8","2,14","12,10",1
23/06/2026 00:22,"28,2",44,"14,8","2,14","12,10",1
23/06/2026 00:37,"28,2",44,"14,8","2,14","12,10",1
23/06/2026 00:52,"28,2",44,"14,8","2,14","12,10",1
23/06/2026 01:07,"28,2",44,"14,8","2,14","12,10",1
23/06/2026 01:22,"28,2",44,"14,8","2,14","12,10",1
23/06/2026 01:37,"28,0",44,"14,6","2,12","11,97",1
23/06/2026 01:52,"28,0",44,"14,6","2,12","11,97",1
23/06/2026 02:07,"28,0",46,"15,3","2,04","12,51",1
23/06/2026 02:22,"28,0",46,"15,3","2,04","12,51",1
23/06/2026 02:37,"28,0",46,"15,3","2,04","12,51",1
23/06/2026 02:52,"28,0",46,"15,3","2,04","12,51",1
23/06/2026 03:07,"28,0",46,"15,3","2,04","12,51",1
23/06/2026 03:22,"28,0",46,"15,3","2,04","12,51",1
23/06/2026 03:37,"28,0",46,"15,3","2,04","12,51",1
23/06/2026 03:52,"28,0",46,"15,3","2,04","12,51",1
23/06/2026 04:07,"27,9",48,"15,9","1,95","12,98",1
23/06/2026 04:22,"27,9",48,"15,9","1,95","12,98",1
23/06/2026 04:37,"27,9",48,"15,9","1,95","12,98",1
23/06/2026 04:52,"27,9",48,"15,9","1,95","12,98",1
23/06/2026 05:07,"27,9",48,"15,9","1,95","12,98",1
23/06/2026 05:22,"27,9",48,"15,9","1,95","12,98",1
23/06/2026 05:37,"27,9",48,"15,9","1,95","12,98",1
23/06/2026 05:52,"27,9",48,"15,9","1,95","12,98",1
23/06/2026 06:07,"27,9",48,"15,9","1,95","12,98",2
23/06/2026 06:22,"27,9",48,"15,9","1,95","12,98",12
23/06/2026 06:37,"27,9",48,"15,9","1,95","12,98",12
23/06/2026 06:52,"27,9",48,"15,9","1,95","12,98",12
23/06/2026 07:07,"27,9",48,"15,9","1,95","12,98",12
23/06/2026 07:22,"28,1",49,"16,4","1,94","13,40",12
23/06/2026 07:37,"28,1",49,"16,4","1,94","13,40",12
23/06/2026 07:52,"28,3",49,"16,6","1,96","13,55",12
23/06/2026 08:07,"28,3",49,"16,6","1,96","13,55",2
23/06/2026 08:22,"28,3",49,"16,6","1,96","13,55",2
23/06/2026 08:37,"28,2",51,"17,1","1,87","14,02",2
23/06/2026 08:52,"28,2",51,"17,1","1,87","14,02",3
23/06/2026 09:07,"28,2",51,"17,1","1,87","14,02",3
23/06/2026 09:22,"28,2",51,"17,1","1,87","14,02",3
23/06/2026 09:37,"28,2",51,"17,1","1,87","14,02",1
23/06/2026 09:52,"28,2",51,"17,1","1,87","14,02",1
23/06/2026 10:07,"28,2",51,"17,1","1,87","14,02",1
23/06/2026 10:22,"28,2",51,"17,1","1,87","14,02",1
23/06/2026 10:37,"28,2",51,"17,1","1,87","14,02",1
23/06/2026 10:52,"28,2",51,"17,1","1,87","14,02",1
23/06/2026 11:07,"28,2",51,"17,1","1,87","14,02",1
23/06/2026 11:22,"28,2",51,"17,1","1,87","14,02",1
23/06/2026 11:37,"28,2",51,"17,1","1,87","14,02",1
23/06/2026 11:52,"28,2",51,"17,1","1,87","14,02",1
23/06/2026 12:07,"28,2",51,"17,1","1,87","14,02",1
23/06/2026 12:22,"28,0",50,"16,6","1,89","13,60",1
23/06/2026 12:37,"28,0",50,"16,6","1,89","13,60",1
23/06/2026 12:52,"28,0",50,"16,6","1,89","13,60",1
23/06/2026 13:07,"28,0",50,"16,6","1,89","13,60",1
23/06/2026 13:22,"28,0",50,"16,6","1,89","13,60",1
23/06/2026 13:37,"28,0",50,"16,6","1,89","13,60",1
23/06/2026 13:52,"28,0",50,"16,6","1,89","13,60",1
23/06/2026 14:07,"28,0",50,"16,6","1,89","13,60",1
23/06/2026 14:22,"28,0",50,"16,6","1,89","13,60",1
23/06/2026 14:37,"28,0",50,"16,6","1,89","13,60",1
23/06/2026 14:52,"28,0",50,"16,6","1,89","13,60",1
23/06/2026 15:07,"28,0",50,"16,6","1,89","13,60",1
23/06/2026 15:22,"28,0",50,"16,6","1,89","13,60",1
23/06/2026 15:37,"28,0",50,"16,6","1,89","13,60",1
23/06/2026 15:52,"28,0",50,"16,6","1,89","13,60",1
23/06/2026 16:07,"28,0",50,"16,6","1,89","13,60",1
23/06/2026 16:22,"28,0",50,"16,6","1,89","13,60",1
23/06/2026 16:37,"28,0",50,"16,6","1,89","13,60",1
23/06/2026 16:52,"28,0",50,"16,6","1,89","13,60",1
23/06/2026 17:07,"28,1",48,"16,1","1,98","13,13",1
23/06/2026 17:22,"28,1",48,"16,1","1,98","13,13",1
23/06/2026 17:37,"28,1",48,"16,1","1,98","13,13",1
23/06/2026 17:52,"28,1",48,"16,1","1,98","13,13",1
23/06/2026 18:07,"28,1",48,"16,1","1,98","13,13",1
23/06/2026 18:22,"28,1",48,"16,1","1,98","13,13",1
23/06/2026 18:37,"28,1",48,"16,1","1,98","13,13",1
23/06/2026 18:52,"28,0",46,"15,3","2,04","12,51",10
23/06/2026 19:07,"28,0",46,"15,3","2,04","12,51",1
23/06/2026 19:22,"28,0",46,"15,3","2,04","12,51",1
23/06/2026 19:37,"28,0",46,"15,3","2,04","12,51",1
23/06/2026 19:52,"28,1",48,"16,1","1,98","13,13",1
23/06/2026 20:07,"28,1",48,"16,1","1,98","13,13",1
23/06/2026 20:22,"28,1",48,"16,1","1,98","13,13",1
23/06/2026 20:37,"28,1",48,"16,1","1,98","13,13",1
23/06/2026 20:52,"28,1",48,"16,1","1,98","13,13",1
23/06/2026 21:07,"28,1",48,"16,1","1,98","13,13",1
23/06/2026 21:22,"28,1",48,"16,1","1,98","13,13",1
23/06/2026 21:37,"28,1",48,"16,1","1,98","13,13",1
23/06/2026 21:52,"28,1",48,"16,1","1,98","13,13",1
23/06/2026 22:07,"28,1",48,"16,1","1,98","13,13",1
23/06/2026 22:22,"28,1",48,"16,1","1,98","13,13",1
23/06/2026 22:37,"28,1",48,"16,1","1,98","13,13",1
23/06/2026 22:52,"28,1",48,"16,1","1,98","13,13",1
23/06/2026 23:07,"28,1",48,"16,1","1,98","13,13",1
23/06/2026 23:22,"28,1",48,"16,1","1,98","13,13",1
23/06/2026 23:37,"28,1",48,"16,1","1,98","13,13",1
23/06/2026 23:52,"28,1",48,"16,1","1,98","13,13",1
24/06/2026 00:07,"28,1",48,"16,1","1,98","13,13",1
24/06/2026 00:22,"28,1",48,"16,1","1,98","13,13",1
24/06/2026 00:37,"28,1",48,"16,1","1,98","13,13",1
24/06/2026 00:52,"28,1",48,"16,1","1,98","13,13",1
24/06/2026 01:07,"28,1",48,"16,1","1,98","13,13",1
24/06/2026 01:22,"28,1",48,"16,1","1,98","13,13",1
24/06/2026 01:37,"28,1",48,"16,1","1,98","13,13",1
24/06/2026 01:52,"28,1",48,"16,1","1,98","13,13",1
24/06/2026 02:07,"28,1",48,"16,1","1,98","13,13",1
24/06/2026 02:22,"28,1",48,"16,1","1,98","13,13",1
24/06/2026 02:37,"28,1",48,"16,1","1,98","13,13",1
24/06/2026 02:52,"28,1",48,"16,1","1,98","13,13",1
24/06/2026 03:07,"28,1",48,"16,1","1,98","13,13",1
24/06/2026 03:22,"28,1",48,"16,1","1,98","13,13",1
24/06/2026 03:37,"28,1",48,"16,1","1,98","13,13",1
24/06/2026 03:52,"28,1",48,"16,1","1,98","13,13",1
24/06/2026 04:07,"28,1",48,"16,1","1,98","13,13",1
24/06/2026 04:22,"28,1",48,"16,1","1,98","13,13",1
24/06/2026 04:37,"28,0",50,"16,6","1,89","13,60",1
24/06/2026 04:52,"28,0",50,"16,6","1,89","13,60",1
24/06/2026 05:07,"28,0",50,"16,6","1,89","13,60",1
24/06/2026 05:22,"28,0",50,"16,6","1,89","13,60",1
24/06/2026 05:37,"28,0",50,"16,6","1,89","13,60",1
24/06/2026 05:52,"28,0",50,"16,6","1,89","13,60",1
24/06/2026 06:07,"28,0",50,"16,6","1,89","13,60",1
24/06/2026 06:22,"28,0",50,"16,6","1,89","13,60",1
24/06/2026 06:37,"28,0",50,"16,6","1,89","13,60",1
24/06/2026 06:52,"28,0",50,"16,6","1,89","13,60",1
24/06/2026 07:07,"28,0",50,"16,6","1,89","13,60",1
24/06/2026 07:22,"28,0",50,"16,6","1,89","13,60",1
24/06/2026 07:37,"28,0",50,"16,6","1,89","13,60",1
24/06/2026 07:52,"28,0",50,"16,6","1,89","13,60",1
24/06/2026 08:07,"28,0",50,"16,6","1,89","13,60",1
24/06/2026 08:22,"28,0",50,"16,6","1,89","13,60",2
24/06/2026 08:37,"28,0",50,"16,6","1,89","13,60",2
24/06/2026 08:52,"28,0",50,"16,6","1,89","13,60",2
24/06/2026 09:07,"28,0",50,"16,6","1,89","13,60",2
24/06/2026 09:22,"28,0",50,"16,6","1,89","13,60",2
24/06/2026 09:37,"28,0",50,"16,6","1,89","13,60",2
24/06/2026 09:52,"28,0",50,"16,6","1,89","13,60",2
24/06/2026 10:07,"28,1",48,"16,1","1,98","13,13",2
24/06/2026 10:22,"28,1",48,"16,1","1,98","13,13",2
24/06/2026 10:37,"28,1",48,"16,1","1,98","13,13",2
24/06/2026 10:52,"28,1",48,"16,1","1,98","13,13",2
24/06/2026 11:07,"28,1",48,"16,1","1,98","13,13",2
24/06/2026 11:22,"28,3",49,"16,6","1,96","13,55",1
24/06/2026 11:37,"28,3",49,"16,6","1,96","13,55",1
24/06/2026 11:52,"28,3",49,"16,6","1,96","13,55",1
24/06/2026 12:07,"28,3",49,"16,6","1,96","13,55",1
24/06/2026 12:22,"28,3",49,"16,6","1,96","13,55",1
24/06/2026 12:37,"28,1",49,"16,4","1,94","13,40",1
24/06/2026 12:52,"28,1",49,"16,4","1,94","13,40",1
24/06/2026 13:07,"28,1",49,"16,4","1,94","13,40",1
24/06/2026 13:22,"28,3",50,"16,9","1,92","13,82",1
24/06/2026 13:37,"28,3",50,"16,9","1,92","13,82",1
24/06/2026 13:52,"28,3",50,"16,9","1,92","13,82",1
24/06/2026 14:07,"28,3",50,"16,9","1,92","13,82",1
24/06/2026 14:22,"28,3",50,"16,9","1,92","13,82",1
24/06/2026 14:37,"28,3",50,"16,9","1,92","13,82",1
24/06/2026 14:52,"28,3",50,"16,9","1,92","13,82",1
24/06/2026 15:07,"28,3",50,"16,9","1,92","13,82",1
24/06/2026 15:22,"28,3",50,"16,9","1,92","13,82",1
24/06/2026 15:37,"28,3",50,"16,9","1,92","13,82",1
24/06/2026 15:52,"28,3",50,"16,9","1,92","13,82",1
24/06/2026 16:07,"28,3",50,"16,9","1,92","13,82",1
24/06/2026 16:22,"28,3",50,"16,9","1,92","13,82",1
24/06/2026 16:37,"28,3",50,"16,9","1,92","13,82",1
24/06/2026 16:52,"28,3",50,"16,9","1,92","13,82",1
24/06/2026 17:07,"28,3",50,"16,9","1,92","13,82",1
24/06/2026 17:22,"28,3",50,"16,9","1,92","13,82",2
24/06/2026 17:37,"28,3",50,"16,9","1,92","13,82",2
24/06/2026 17:52,"28,3",50,"16,9","1,92","13,82",2
24/06/2026 18:07,"28,3",48,"16,2","2,00","13,27",2
24/06/2026 18:22,"28,3",48,"16,2","2,00","13,27",2
24/06/2026 18:37,"28,3",48,"16,2","2,00","13,27",2
24/06/2026 18:52,"28,3",48,"16,2","2,00","13,27",3
24/06/2026 19:07,"28,3",48,"16,2","2,00","13,27",3
24/06/2026 19:22,"28,3",48,"16,2","2,00","13,27",3
24/06/2026 19:37,"28,3",48,"16,2","2,00","13,27",3
24/06/2026 19:52,"28,5",51,"17,4","1,91","14,25",3
24/06/2026 20:07,"28,5",51,"17,4","1,91","14,25",4
24/06/2026 20:22,"28,5",51,"17,4","1,91","14,25",4
24/06/2026 20:37,"28,5",51,"17,4","1,91","14,25",3
24/06/2026 20:52,"28,5",51,"17,4","1,91","14,25",3
24/06/2026 21:07,"28,5",51,"17,4","1,91","14,25",2
24/06/2026 21:22,"28,5",51,"17,4","1,91","14,25",1
24/06/2026 21:37,"28,8",51,"17,7","1,94","14,49",1
24/06/2026 21:52,"28,6",51,"17,5","1,92","14,33",1
24/06/2026 22:07,"28,5",47,"16,1","2,06","13,14",1
24/06/2026 22:22,"28,4",45,"15,3","2,13","12,51",1
24/06/2026 22:37,"28,4",43,"14,6","2,21","11,95",1
24/06/2026 22:52,"28,5",45,"15,4","2,14","12,58",1
24/06/2026 23:07,"28,5",47,"16,1","2,06","13,14",1
24/06/2026 23:22,"28,5",49,"16,7","1,98","13,70",1
24/06/2026 23:37,"28,5",49,"16,7","1,98","13,70",1
24/06/2026 23:52,"28,5",49,"16,7","1,98","13,70",1
25/06/2026 00:07,"28,5",49,"16,7","1,98","13,70",1
25/06/2026 00:22,"28,5",49,"16,7","1,98","13,70",1
25/06/2026 00:37,"28,3",49,"16,6","1,96","13,55",1
25/06/2026 00:52,"28,3",49,"16,6","1,96","13,55",1
25/06/2026 01:07,"28,3",49,"16,6","1,96","13,55",1
25/06/2026 01:22,"28,3",49,"16,6","1,96","13,55",1
25/06/2026 01:37,"28,3",49,"16,6","1,96","13,55",1
25/06/2026 01:52,"28,3",49,"16,6","1,96","13,55",1
25/06/2026 02:07,"28,3",49,"16,6","1,96","13,55",1
25/06/2026 02:22,"28,3",49,"16,6","1,96","13,55",1
25/06/2026 02:37,"28,3",49,"16,6","1,96","13,55",1
25/06/2026 02:52,"28,3",49,"16,6","1,96","13,55",1
25/06/2026 03:07,"28,3",49,"16,6","1,96","13,55",1
25/06/2026 03:22,"28,3",49,"16,6","1,96","13,55",1
25/06/2026 03:37,"28,3",49,"16,6","1,96","13,55",1
25/06/2026 03:52,"28,3",49,"16,6","1,96","13,55",1
25/06/2026 04:07,"28,3",49,"16,6","1,96","13,55",1
25/06/2026 04:22,"28,3",49,"16,6","1,96","13,55",1
25/06/2026 04:37,"28,3",49,"16,6","1,96","13,55",1
25/06/2026 04:52,"28,3",49,"16,6","1,96","13,55",1
25/06/2026 05:07,"28,3",49,"16,6","1,96","13,55",1
25/06/2026 05:22,"28,3",49,"16,6","1,96","13,55",1
25/06/2026 05:37,"28,1",50,"16,7","1,90","13,67",1
25/06/2026 05:52,"28,1",50,"16,7","1,90","13,67",1
25/06/2026 06:07,"28,1",50,"16,7","1,90","13,67",1
25/06/2026 06:22,"28,1",50,"16,7","1,90","13,67",1
25/06/2026 06:37,"28,1",50,"16,7","1,90","13,67",1
25/06/2026 06:52,"28,1",50,"16,7","1,90","13,67",1
25/06/2026 07:07,"28,1",50,"16,7","1,90","13,67",1
25/06/2026 07:22,"28,1",50,"16,7","1,90","13,67",1
25/06/2026 07:37,"28,1",50,"16,7","1,90","13,67",1
25/06/2026 07:52,"28,1",50,"16,7","1,90","13,67",1
25/06/2026 08:07,"28,1",50,"16,7","1,90","13,67",1
25/06/2026 08:22,"28,1",50,"16,7","1,90","13,67",1
25/06/2026 08:37,"28,1",50,"16,7","1,90","13,67",1
25/06/2026 08:52,"28,1",50,"16,7","1,90","13,67",1
25/06/2026 09:07,"28,1",50,"16,7","1,90","13,67",2
25/06/2026 09:22,"28,1",52,"17,3","1,82","14,22",2
25/06/2026 09:37,"28,1",52,"17,3","1,82","14,22",1
25/06/2026 09:52,"28,1",52,"17,3","1,82","14,22",1
25/06/2026 10:07,"28,1",52,"17,3","1,82","14,22",2
25/06/2026 10:22,"28,1",52,"17,3","1,82","14,22",2
25/06/2026 10:37,"28,1",52,"17,3","1,82","14,22",2
25/06/2026 10:52,"28,1",52,"17,3","1,82","14,22",2
25/06/2026 11:07,"28,1",52,"17,3","1,82","14,22",2
25/06/2026 11:22,"28,1",52,"17,3","1,82","14,22",2
25/06/2026 11:37,"28,1",52,"17,3","1,82","14,22",2
25/06/2026 11:52,"28,1",52,"17,3","1,82","14,22",2
25/06/2026 12:07,"28,1",52,"17,3","1,82","14,22",2
25/06/2026 12:22,"28,3",53,"17,8","1,81","14,65",2
25/06/2026 12:37,"28,3",53,"17,8","1,81","14,65",2
25/06/2026 12:52,"28,3",53,"17,8","1,81","14,65",1
25/06/2026 13:07,"28,3",53,"17,8","1,81","14,65",1
25/06/2026 13:22,"28,3",53,"17,8","1,81","14,65",1
25/06/2026 13:37,"28,3",53,"17,8","1,81","14,65",1
25/06/2026 13:52,"28,3",53,"17,8","1,81","14,65",1
25/06/2026 14:07,"28,3",53,"17,8","1,81","14,65",1
25/06/2026 14:22,"28,3",53,"17,8","1,81","14,65",1
25/06/2026 14:37,"28,3",53,"17,8","1,81","14,65",1
25/06/2026 14:52,"28,3",53,"17,8","1,81","14,65",1
25/06/2026 15:07,"28,3",53,"17,8","1,81","14,65",1
25/06/2026 15:22,"28,2",51,"17,1","1,87","14,02",2
25/06/2026 15:37,"28,2",51,"17,1","1,87","14,02",2
25/06/2026 15:52,"28,2",51,"17,1","1,87","14,02",2
25/06/2026 16:07,"28,2",51,"17,1","1,87","14,02",2
25/06/2026 16:22,"28,2",51,"17,1","1,87","14,02",3
25/06/2026 16:37,"28,2",51,"17,1","1,87","14,02",3
25/06/2026 16:52,"28,2",51,"17,1","1,87","14,02",3
25/06/2026 17:07,"28,2",51,"17,1","1,87","14,02",4
25/06/2026 17:22,"28,2",49,"16,5","1,95","13,47",4
25/06/2026 17:37,"28,2",49,"16,5","1,95","13,47",6
25/06/2026 17:52,"28,2",49,"16,5","1,95","13,47",6
25/06/2026 18:07,"28,2",49,"16,5","1,95","13,47",5
25/06/2026 18:22,"28,2",49,"16,5","1,95","13,47",2
25/06/2026 18:37,"28,2",49,"16,5","1,95","13,47",1
25/06/2026 18:52,"28,2",49,"16,5","1,95","13,47",1
25/06/2026 19:07,"28,2",49,"16,5","1,95","13,47",1
25/06/2026 19:22,"28,2",49,"16,5","1,95","13,47",1
25/06/2026 19:37,"28,2",49,"16,5","1,95","13,47",1
25/06/2026 19:52,"28,2",49,"16,5","1,95","13,47",1
25/06/2026 20:07,"28,1",47,"15,7","2,01","12,85",1
25/06/2026 20:22,"28,1",47,"15,7","2,01","12,85",1
25/06/2026 20:37,"28,1",47,"15,7","2,01","12,85",1
25/06/2026 20:52,"28,1",47,"15,7","2,01","12,85",1
25/06/2026 21:07,"28,1",47,"15,7","2,01","12,85",1
25/06/2026 21:22,"28,3",48,"16,2","2,00","13,27",1
25/06/2026 21:37,"28,3",48,"16,2","2,00","13,27",1
25/06/2026 21:52,"28,3",48,"16,2","2,00","13,27",1
25/06/2026 22:07,"28,3",48,"16,2","2,00","13,27",1
25/06/2026 22:22,"28,3",48,"16,2","2,00","13,27",1
25/06/2026 22:37,"28,3",48,"16,2","2,00","13,27",1
25/06/2026 22:52,"28,3",48,"16,2","2,00","13,27",1
25/06/2026 23:07,"28,3",48,"16,2","2,00","13,27",1
25/06/2026 23:22,"28,3",48,"16,2","2,00","13,27",1
25/06/2026 23:37,"28,3",48,"16,2","2,00","13,27",1
25/06/2026 23:52,"28,3",48,"16,2","2,00","13,27",1
26/06/2026 00:07,"28,3",48,"16,2","2,00","13,27",1
26/06/2026 00:22,"28,3",48,"16,2","2,00","13,27",1
26/06/2026 00:37,"28,3",48,"16,2","2,00","13,27",1
26/06/2026 00:52,"28,3",48,"16,2","2,00","13,27",1
26/06/2026 01:07,"28,3",48,"16,2","2,00","13,27",1
26/06/2026 01:22,"28,3",48,"16,2","2,00","13,27",1
26/06/2026 01:37,"28,3",48,"16,2","2,00","13,27",1
26/06/2026 01:52,"28,3",48,"16,2","2,00","13,27",1
26/06/2026 02:07,"28,3",48,"16,2","2,00","13,27",1
26/06/2026 02:22,"28,3",48,"16,2","2,00","13,27",1
26/06/2026 02:37,"28,3",48,"16,2","2,00","13,27",1
26/06/2026 02:52,"28,3",48,"16,2","2,00","13,27",1
26/06/2026 03:07,"28,3",48,"16,2","2,00","13,27",1
26/06/2026 03:22,"28,3",48,"16,2","2,00","13,27",1
26/06/2026 03:37,"28,3",48,"16,2","2,00","13,27",1
26/06/2026 03:52,"28,3",50,"16,9","1,92","13,82",1
26/06/2026 04:07,"28,3",50,"16,9","1,92","13,82",1
26/06/2026 04:22,"28,3",50,"16,9","1,92","13,82",1
26/06/2026 04:37,"28,3",50,"16,9","1,92","13,82",1
26/06/2026 04:52,"28,3",50,"16,9","1,92","13,82",1
26/06/2026 05:07,"28,3",50,"16,9","1,92","13,82",1
26/06/2026 05:22,"28,3",50,"16,9","1,92","13,82",1
26/06/2026 05:37,"28,3",50,"16,9","1,92","13,82",1
26/06/2026 05:52,"28,3",50,"16,9","1,92","13,82",1
26/06/2026 06:07,"28,3",50,"16,9","1,92","13,82",1
26/06/2026 06:22,"28,3",50,"16,9","1,92","13,82",5
26/06/2026 06:37,"28,3",50,"16,9","1,92","13,82",6
26/06/2026 06:52,"28,3",50,"16,9","1,92","13,82",6
26/06/2026 07:07,"28,3",50,"16,9","1,92","13,82",1
26/06/2026 07:22,"28,3",50,"16,9","1,92","13,82",1
26/06/2026 07:37,"28,3",52,"17,5","1,85","14,38",1
26/06/2026 07:52,"28,3",52,"17,5","1,85","14,38",1
26/06/2026 08:07,"28,3",52,"17,5","1,85","14,38",1
26/06/2026 08:22,"28,3",52,"17,5","1,85","14,38",1
26/06/2026 08:37,"28,3",52,"17,5","1,85","14,38",1
26/06/2026 08:52,"28,4",54,"18,2","1,78","15,01",1
26/06/2026 09:07,"28,4",54,"18,2","1,78","15,01",1
26/06/2026 09:22,"28,4",54,"18,2","1,78","15,01",1
26/06/2026 09:37,"28,4",54,"18,2","1,78","15,01",1
26/06/2026 09:52,"28,4",54,"18,2","1,78","15,01",1
26/06/2026 10:07,"28,4",54,"18,2","1,78","15,01",2
26/06/2026 10:22,"28,4",54,"18,2","1,78","15,01",2
26/06/2026 10:37,"28,4",54,"18,2","1,78","15,01",2
26/06/2026 10:52,"28,4",54,"18,2","1,78","15,01",2
26/06/2026 11:07,"28,4",54,"18,2","1,78","15,01",2
26/06/2026 11:22,"28,4",54,"18,2","1,78","15,01",2
26/06/2026 11:37,"28,4",54,"18,2","1,78","15,01",2
26/06/2026 11:52,"28,4",54,"18,2","1,78","15,01",2
26/06/2026 12:07,"28,4",54,"18,2","1,78","15,01",2
26/06/2026 12:22,"28,4",54,"18,2","1,78","15,01",2
26/06/2026 12:37,"28,4",54,"18,2","1,78","15,01",2
26/06/2026 12:52,"28,4",54,"18,2","1,78","15,01",2
26/06/2026 13:07,"28,4",52,"17,6","1,86","14,45",2
26/06/2026 13:22,"28,4",52,"17,6","1,86","14,45",2
26/06/2026 13:37,"28,4",52,"17,6","1,86","14,45",2
26/06/2026 13:52,"28,4",52,"17,6","1,86","14,45",2
26/06/2026 14:07,"28,4",52,"17,6","1,86","14,45",2
26/06/2026 14:22,"28,4",52,"17,6","1,86","14,45",2
26/06/2026 14:37,"28,4",52,"17,6","1,86","14,45",2
26/06/2026 14:52,"28,4",52,"17,6","1,86","14,45",2
26/06/2026 15:07,"28,4",52,"17,6","1,86","14,45",2
26/06/2026 15:22,"28,4",52,"17,6","1,86","14,45",2
26/06/2026 15:37,"28,4",52,"17,6","1,86","14,45",2
26/06/2026 15:52,"28,4",52,"17,6","1,86","14,45",3
26/06/2026 16:07,"28,4",52,"17,6","1,86","14,45",1
26/06/2026 16:22,"28,4",52,"17,6","1,86","14,45",1
26/06/2026 16:37,"28,4",52,"17,6","1,86","14,45",1
26/06/2026 16:52,"28,4",52,"17,6","1,86","14,45",1
26/06/2026 17:07,"28,4",52,"17,6","1,86","14,45",1
26/06/2026 17:22,"28,4",52,"17,6","1,86","14,45",1
26/06/2026 17:37,"28,4",52,"17,6","1,86","14,45",1
26/06/2026 17:52,"28,4",52,"17,6","1,86","14,45",1
26/06/2026 18:07,"28,4",52,"17,6","1,86","14,45",1
26/06/2026 18:22,"28,4",52,"17,6","1,86","14,45",1
26/06/2026 18:37,"28,4",52,"17,6","1,86","14,45",1
26/06/2026 18:52,"28,4",52,"17,6","1,86","14,45",4
26/06/2026 19:07,"28,4",52,"17,6","1,86","14,45",2
26/06/2026 19:22,"28,4",52,"17,6","1,86","14,45",1
26/06/2026 19:37,"28,4",52,"17,6","1,86","14,45",1
26/06/2026 19:52,"28,4",52,"17,6","1,86","14,45",1
26/06/2026 20:07,"28,6",52,"17,8","1,88","14,61",2
26/06/2026 20:22,"28,6",52,"17,8","1,88","14,61",1
26/06/2026 20:37,"28,6",52,"17,8","1,88","14,61",1
26/06/2026 20:52,"28,6",52,"17,8","1,88","14,61",1
26/06/2026 21:07,"28,6",52,"17,8","1,88","14,61",1
26/06/2026 21:22,"28,6",52,"17,8","1,88","14,61",1
26/06/2026 21:37,"28,6",52,"17,8","1,88","14,61",1
26/06/2026 21:52,"28,6",52,"17,8","1,88","14,61",1
26/06/2026 22:07,"28,6",52,"17,8","1,88","14,61",1
26/06/2026 22:22,"28,6",54,"18,4","1,80","15,18",1
26/06/2026 22:37,"28,6",54,"18,4","1,80","15,18",1
26/06/2026 22:52,"28,6",54,"18,4","1,80","15,18",1
26/06/2026 23:07,"28,6",54,"18,4","1,80","15,18",1
26/06/2026 23:22,"28,6",54,"18,4","1,80","15,18",1
26/06/2026 23:37,"28,6",54,"18,4","1,80","15,18",1
26/06/2026 23:52,"28,6",54,"18,4","1,80","15,18",1
27/06/2026 00:07,"28,6",54,"18,4","1,80","15,18",1
27/06/2026 00:22,"28,6",54,"18,4","1,80","15,18",1
27/06/2026 00:37,"28,6",54,"18,4","1,80","15,18",1
27/06/2026 00:52,"28,6",54,"18,4","1,80","15,18",1
27/06/2026 01:07,"28,6",54,"18,4","1,80","15,18",1
27/06/2026 01:22,"28,6",54,"18,4","1,80","15,18",1
27/06/2026 01:37,"28,6",54,"18,4","1,80","15,18",1
27/06/2026 01:52,"28,6",54,"18,4","1,80","15,18",1
27/06/2026 02:07,"28,6",54,"18,4","1,80","15,18",1
27/06/2026 02:22,"28,6",54,"18,4","1,80","15,18",1
27/06/2026 02:37,"28,6",54,"18,4","1,80","15,18",1
27/06/2026 02:52,"28,6",54,"18,4","1,80","15,18",1
27/06/2026 03:07,"28,6",54,"18,4","1,80","15,18",1
27/06/2026 03:22,"28,6",54,"18,4","1,80","15,18",1
27/06/2026 03:37,"28,6",54,"18,4","1,80","15,18",1
27/06/2026 03:52,"28,6",54,"18,4","1,80","15,18",1
27/06/2026 04:07,"28,6",54,"18,4","1,80","15,18",1
27/06/2026 04:22,"28,6",54,"18,4","1,80","15,18",1
27/06/2026 04:37,"28,6",54,"18,4","1,80","15,18",1
27/06/2026 04:52,"28,6",54,"18,4","1,80","15,18",1
27/06/2026 05:07,"28,6",54,"18,4","1,80","15,18",1
27/06/2026 05:22,"28,6",54,"18,4","1,80","15,18",1
27/06/2026 05:37,"28,6",54,"18,4","1,80","15,18",1
27/06/2026 05:52,"28,6",54,"18,4","1,80","15,18",1
27/06/2026 06:07,"28,6",54,"18,4","1,80","15,18",1
27/06/2026 06:22,"28,6",54,"18,4","1,80","15,18",1
27/06/2026 06:37,"28,6",54,"18,4","1,80","15,18",1
27/06/2026 06:52,"28,6",54,"18,4","1,80","15,18",1
27/06/2026 07:07,"28,6",54,"18,4","1,80","15,18",1
27/06/2026 07:22,"28,6",54,"18,4","1,80","15,18",1
27/06/2026 07:37,"28,6",54,"18,4","1,80","15,18",1
27/06/2026 07:52,"28,6",54,"18,4","1,80","15,18",2
27/06/2026 08:07,"28,5",56,"18,9","1,71","15,65",2
27/06/2026 08:22,"28,5",56,"18,9","1,71","15,65",2
27/06/2026 08:37,"28,5",56,"18,9","1,71","15,65",2
27/06/2026 08:52,"28,5",56,"18,9","1,71","15,65",2
27/06/2026 09:07,"28,5",56,"18,9","1,71","15,65",2
27/06/2026 09:22,"28,5",56,"18,9","1,71","15,65",2
27/06/2026 09:37,"28,5",56,"18,9","1,71","15,65",3
27/06/2026 09:52,"28,5",56,"18,9","1,71","15,65",3
27/06/2026 10:07,"28,5",56,"18,9","1,71","15,65",3
27/06/2026 10:22,"28,5",56,"18,9","1,71","15,65",3
27/06/2026 10:37,"28,5",56,"18,9","1,71","15,65",3
27/06/2026 10:52,"28,5",56,"18,9","1,71","15,65",3
27/06/2026 11:07,"28,5",56,"18,9","1,71","15,65",3
27/06/2026 11:22,"28,5",56,"18,9","1,71","15,65",3
27/06/2026 11:37,"28,6",54,"18,4","1,80","15,18",3
27/06/2026 11:52,"28,6",54,"18,4","1,80","15,18",3
27/06/2026 12:07,"28,6",54,"18,4","1,80","15,18",3
27/06/2026 12:22,"28,5",52,"17,7","1,87","14,53",4
27/06/2026 12:37,"28,6",54,"18,4","1,80","15,18",3
27/06/2026 12:52,"28,6",52,"17,8","1,88","14,61",3
27/06/2026 13:07,"28,6",52,"17,8","1,88","14,61",3
27/06/2026 13:22,"28,4",52,"17,6","1,86","14,45",3
27/06/2026 13:37,"28,4",52,"17,6","1,86","14,45",3
27/06/2026 13:52,"28,5",54,"18,3","1,79","15,09",8
27/06/2026 14:07,"28,5",54,"18,3","1,79","15,09",8
27/06/2026 14:22,"28,7",55,"18,8","1,77","15,54",8
27/06/2026 14:37,"28,7",55,"18,8","1,77","15,54",9
27/06/2026 14:52,"28,7",55,"18,8","1,77","15,54",9
27/06/2026 15:07,"28,7",55,"18,8","1,77","15,54",10
27/06/2026 15:22,"28,7",55,"18,8","1,77","15,54",10
27/06/2026 15:37,"28,7",55,"18,8","1,77","15,54",10
27/06/2026 15:52,"28,7",55,"18,8","1,77","15,54",10
27/06/2026 16:07,"28,7",55,"18,8","1,77","15,54",10
27/06/2026 16:22,"28,7",55,"18,8","1,77","15,54",10
27/06/2026 16:37,"28,7",53,"18,2","1,85","14,98",10
27/06/2026 16:52,"28,7",53,"18,2","1,85","14,98",8
27/06/2026 17:07,"28,7",53,"18,2","1,85","14,98",9
27/06/2026 17:22,"28,7",53,"18,2","1,85","14,98",9
27/06/2026 17:37,"28,7",53,"18,2","1,85","14,98",9
27/06/2026 17:52,"28,9",54,"18,7","1,83","15,43",9
27/06/2026 18:07,"28,9",54,"18,7","1,83","15,43",9
27/06/2026 18:22,"28,8",52,"18,0","1,90","14,77",9
27/06/2026 18:37,"28,8",52,"18,0","1,90","14,77",8
27/06/2026 18:52,"28,8",52,"18,0","1,90","14,77",10
27/06/2026 19:07,"28,8",52,"18,0","1,90","14,77",7
27/06/2026 19:22,"28,8",52,"18,0","1,90","14,77",5
27/06/2026 19:37,"28,8",50,"17,3","1,98","14,21",8
27/06/2026 19:52,"28,8",50,"17,3","1,98","14,21",7
27/06/2026 20:07,"28,8",50,"17,3","1,98","14,21",15
27/06/2026 20:22,"28,8",50,"17,3","1,98","14,21",17
27/06/2026 20:37,"29,0",51,"17,8","1,96","14,65",17
27/06/2026 20:52,"29,0",51,"17,8","1,96","14,65",16
27/06/2026 21:07,"29,0",51,"17,8","1,96","14,65",13
27/06/2026 21:22,"29,0",51,"17,8","1,96","14,65",1
27/06/2026 21:37,"29,0",51,"17,8","1,96","14,65",1
27/06/2026 21:52,"29,0",51,"17,8","1,96","14,65",1
27/06/2026 22:07,"29,0",51,"17,8","1,96","14,65",1
27/06/2026 22:22,"29,0",51,"17,8","1,96","14,65",1
27/06/2026 22:37,"29,0",51,"17,8","1,96","14,65",1
27/06/2026 22:52,"29,0",51,"17,8","1,96","14,65",1
27/06/2026 23:07,"29,0",51,"17,8","1,96","14,65",1
27/06/2026 23:22,"29,0",51,"17,8","1,96","14,65",1
27/06/2026 23:37,"29,0",51,"17,8","1,96","14,65",1
27/06/2026 23:52,"29,0",51,"17,8","1,96","14,65",1
28/06/2026 00:07,"29,0",51,"17,8","1,96","14,65",1
28/06/2026 00:22,"29,0",51,"17,8","1,96","14,65",1
28/06/2026 00:37,"28,8",52,"18,0","1,90","14,77",1
28/06/2026 00:52,"28,8",52,"18,0","1,90","14,77",1
28/06/2026 01:07,"28,8",52,"18,0","1,90","14,77",1
28/06/2026 01:22,"28,8",52,"18,0","1,90","14,77",1
28/06/2026 01:37,"28,8",52,"18,0","1,90","14,77",1
28/06/2026 01:52,"29,0",53,"18,5","1,88","15,22",1
28/06/2026 02:07,"29,0",53,"18,5","1,88","15,22",1
28/06/2026 02:22,"29,0",53,"18,5","1,88","15,22",1
28/06/2026 02:37,"29,0",53,"18,5","1,88","15,22",1
28/06/2026 02:52,"29,0",53,"18,5","1,88","15,22",1
28/06/2026 03:07,"29,0",53,"18,5","1,88","15,22",1
28/06/2026 03:22,"29,0",53,"18,5","1,88","15,22",1
28/06/2026 03:37,"29,0",53,"18,5","1,88","15,22",1
28/06/2026 03:52,"29,0",53,"18,5","1,88","15,22",1
28/06/2026 04:07,"29,0",53,"18,5","1,88","15,22",1
28/06/2026 04:22,"28,8",53,"18,3","1,86","15,06",1
28/06/2026 04:37,"28,8",53,"18,3","1,86","15,06",1
28/06/2026 04:52,"28,8",53,"18,3","1,86","15,06",1
28/06/2026 05:07,"28,8",53,"18,3","1,86","15,06",1
28/06/2026 05:22,"28,8",53,"18,3","1,86","15,06",1
28/06/2026 05:37,"28,8",53,"18,3","1,86","15,06",1
28/06/2026 05:52,"28,8",53,"18,3","1,86","15,06",1
28/06/2026 06:07,"28,8",53,"18,3","1,86","15,06",1
28/06/2026 06:22,"28,8",53,"18,3","1,86","15,06",1
28/06/2026 06:37,"28,8",53,"18,3","1,86","15,06",1
28/06/2026 06:52,"28,8",53,"18,3","1,86","15,06",1
28/06/2026 07:07,"28,8",53,"18,3","1,86","15,06",1
28/06/2026 07:22,"28,8",53,"18,3","1,86","15,06",1
28/06/2026 07:37,"28,8",53,"18,3","1,86","15,06",1
28/06/2026 07:52,"28,8",53,"18,3","1,86","15,06",1
28/06/2026 08:07,"28,8",53,"18,3","1,86","15,06",1
28/06/2026 08:22,"28,8",53,"18,3","1,86","15,06",1
28/06/2026 08:37,"28,8",53,"18,3","1,86","15,06",1
28/06/2026 08:52,"28,8",53,"18,3","1,86","15,06",1
28/06/2026 09:07,"28,8",55,"18,9","1,78","15,63",1
28/06/2026 09:22,"28,8",55,"18,9","1,78","15,63",1
28/06/2026 09:37,"28,8",55,"18,9","1,78","15,63",2
28/06/2026 09:52,"28,8",55,"18,9","1,78","15,63",1
28/06/2026 10:07,"28,8",55,"18,9","1,78","15,63",1
28/06/2026 10:22,"28,8",55,"18,9","1,78","15,63",1
28/06/2026 10:37,"28,8",55,"18,9","1,78","15,63",1
28/06/2026 10:52,"28,8",55,"18,9","1,78","15,63",2
28/06/2026 11:07,"28,8",55,"18,9","1,78","15,63",3
28/06/2026 11:22,"28,8",55,"18,9","1,78","15,63",3
28/06/2026 11:37,"28,8",55,"18,9","1,78","15,63",3
28/06/2026 11:52,"28,9",53,"18,4","1,87","15,14",3
28/06/2026 12:07,"28,9",53,"18,4","1,87","15,14",3
28/06/2026 12:22,"28,9",53,"18,4","1,87","15,14",3
28/06/2026 12:37,"28,9",53,"18,4","1,87","15,14",3
28/06/2026 12:52,"28,9",53,"18,4","1,87","15,14",3
28/06/2026 13:07,"28,9",53,"18,4","1,87","15,14",3
28/06/2026 13:22,"28,9",53,"18,4","1,87","15,14",3
28/06/2026 13:37,"29,0",51,"17,8","1,96","14,65",3
28/06/2026 13:52,"29,0",51,"17,8","1,96","14,65",3
28/06/2026 14:07,"29,0",51,"17,8","1,96","14,65",3
28/06/2026 14:22,"29,0",49,"17,2","2,04","14,07",3
28/06/2026 14:37,"29,0",49,"17,2","2,04","14,07",2
28/06/2026 14:52,"29,0",49,"17,2","2,04","14,07",3
28/06/2026 15:07,"29,0",49,"17,2","2,04","14,07",3
28/06/2026 15:22,"28,9",47,"16,5","2,11","13,43",3
28/06/2026 15:37,"28,9",47,"16,5","2,11","13,43",3
28/06/2026 15:52,"28,9",47,"16,5","2,11","13,43",4
28/06/2026 16:07,"28,9",47,"16,5","2,11","13,43",4
28/06/2026 16:22,"28,9",47,"16,5","2,11","13,43",4
28/06/2026 16:37,"28,9",49,"17,1","2,03","14,00",5
28/06/2026 16:52,"29,1",49,"17,3","2,05","14,15",6
28/06/2026 17:07,"29,1",49,"17,3","2,05","14,15",6
28/06/2026 17:22,"29,1",49,"17,3","2,05","14,15",7
28/06/2026 17:37,"29,1",49,"17,3","2,05","14,15",7
28/06/2026 17:52,"29,1",49,"17,3","2,05","14,15",8
28/06/2026 18:07,"29,1",49,"17,3","2,05","14,15",8
28/06/2026 18:22,"29,1",49,"17,3","2,05","14,15",6
28/06/2026 18:37,"29,1",49,"17,3","2,05","14,15",7
28/06/2026 18:52,"29,1",49,"17,3","2,05","14,15",8
28/06/2026 19:07,"29,1",47,"16,6","2,14","13,57",8
28/06/2026 19:22,"29,1",47,"16,6","2,14","13,57",6
28/06/2026 19:37,"29,1",47,"16,6","2,14","13,57",10
28/06/2026 19:52,"29,1",47,"16,6","2,14","13,57",7
28/06/2026 20:07,"29,1",47,"16,6","2,14","13,57",5
28/06/2026 20:22,"29,2",51,"18,0","1,99","14,81",9
28/06/2026 20:37,"29,3",53,"18,7","1,92","15,47",11
28/06/2026 20:52,"29,5",54,"19,2","1,90","15,94",11
28/06/2026 21:07,"29,3",53,"18,7","1,92","15,47",3
28/06/2026 21:22,"29,3",53,"18,7","1,92","15,47",1
28/06/2026 21:37,"29,3",53,"18,7","1,92","15,47",1
28/06/2026 21:52,"29,3",53,"18,7","1,92","15,47",1
28/06/2026 22:07,"29,2",51,"18,0","1,99","14,81",1
28/06/2026 22:22,"29,2",51,"18,0","1,99","14,81",1
28/06/2026 22:37,"29,2",51,"18,0","1,99","14,81",1
28/06/2026 22:52,"29,2",49,"17,4","2,07","14,23",1
28/06/2026 23:07,"29,2",49,"17,4","2,07","14,23",1
28/06/2026 23:22,"29,2",49,"17,4","2,07","14,23",1
28/06/2026 23:37,"29,2",49,"17,4","2,07","14,23",1
28/06/2026 23:52,"29,2",49,"17,4","2,07","14,23",1
29/06/2026 00:07,"29,2",49,"17,4","2,07","14,23",1
29/06/2026 00:22,"29,2",49,"17,4","2,07","14,23",1
29/06/2026 00:37,"29,2",49,"17,4","2,07","14,23",1
29/06/2026 00:52,"29,2",49,"17,4","2,07","14,23",1
29/06/2026 01:07,"29,2",49,"17,4","2,07","14,23",1
29/06/2026 01:22,"29,2",49,"17,4","2,07","14,23",1
29/06/2026 01:37,"29,0",50,"17,5","2,00","14,36",1
29/06/2026 01:52,"29,0",50,"17,5","2,00","14,36",1
29/06/2026 02:07,"29,0",50,"17,5","2,00","14,36",1
29/06/2026 02:22,"29,0",50,"17,5","2,00","14,36",1
29/06/2026 02:37,"29,0",50,"17,5","2,00","14,36",1
29/06/2026 02:52,"29,0",50,"17,5","2,00","14,36",1
29/06/2026 03:07,"28,8",49,"17,0","2,02","13,92",1
29/06/2026 03:22,"28,8",49,"17,0","2,02","13,92",1
29/06/2026 03:37,"28,8",49,"17,0","2,02","13,92",1
29/06/2026 03:52,"28,8",49,"17,0","2,02","13,92",1
29/06/2026 04:07,"28,8",49,"17,0","2,02","13,92",1
29/06/2026 04:22,"28,6",48,"16,5","2,04","13,49",1
29/06/2026 04:37,"28,6",48,"16,5","2,04","13,49",1
29/06/2026 04:52,"28,6",48,"16,5","2,04","13,49",1
29/06/2026 05:07,"28,6",48,"16,5","2,04","13,49",1
29/06/2026 05:22,"28,8",49,"17,0","2,02","13,92",1
29/06/2026 05:37,"28,8",49,"17,0","2,02","13,92",1
29/06/2026 05:52,"28,8",49,"17,0","2,02","13,92",1
29/06/2026 06:07,"28,8",49,"17,0","2,02","13,92",1
29/06/2026 06:22,"28,8",49,"17,0","2,02","13,92",1
29/06/2026 06:37,"28,6",49,"16,8","2,00","13,77",1
29/06/2026 06:52,"28,6",49,"16,8","2,00","13,77",1
29/06/2026 07:07,"28,6",49,"16,8","2,00","13,77",1
29/06/2026 07:22,"28,6",49,"16,8","2,00","13,77",1
29/06/2026 07:37,"28,6",49,"16,8","2,00","13,77",1
29/06/2026 07:52,"28,6",49,"16,8","2,00","13,77",1
29/06/2026 08:07,"28,6",49,"16,8","2,00","13,77",1
29/06/2026 08:22,"28,6",49,"16,8","2,00","13,77",1
29/06/2026 08:37,"28,6",49,"16,8","2,00","13,77",1
29/06/2026 08:52,"28,6",49,"16,8","2,00","13,77",1
29/06/2026 09:07,"28,6",49,"16,8","2,00","13,77",1
29/06/2026 09:22,"28,6",49,"16,8","2,00","13,77",1
29/06/2026 09:37,"28,6",49,"16,8","2,00","13,77",6
29/06/2026 09:52,"28,6",49,"16,8","2,00","13,77",6
29/06/2026 10:07,"28,6",49,"16,8","2,00","13,77",8
29/06/2026 10:22,"28,6",49,"16,8","2,00","13,77",8
29/06/2026 10:37,"28,6",49,"16,8","2,00","13,77",8
29/06/2026 10:52,"28,6",49,"16,8","2,00","13,77",8
29/06/2026 11:07,"28,8",49,"17,0","2,02","13,92",9
29/06/2026 11:22,"28,8",49,"17,0","2,02","13,92",8
29/06/2026 11:37,"28,6",48,"16,5","2,04","13,49",7
29/06/2026 11:52,"28,6",48,"16,5","2,04","13,49",8
29/06/2026 12:07,"28,8",48,"16,7","2,06","13,64",7
29/06/2026 12:22,"28,8",48,"16,7","2,06","13,64",9
29/06/2026 12:37,"28,8",48,"16,7","2,06","13,64",8
29/06/2026 12:52,"28,8",48,"16,7","2,06","13,64",8
29/06/2026 13:07,"28,7",46,"15,9","2,13","13,00",8
29/06/2026 13:22,"28,8",48,"16,7","2,06","13,64",9
29/06/2026 13:37,"28,8",48,"16,7","2,06","13,64",8
29/06/2026 13:52,"28,8",48,"16,7","2,06","13,64",8
29/06/2026 14:07,"28,9",46,"16,1","2,15","13,14",11
29/06/2026 14:22,"28,9",46,"16,1","2,15","13,14",9
29/06/2026 14:37,"28,9",46,"16,1","2,15","13,14",10
29/06/2026 14:52,"28,9",44,"15,4","2,23","12,57",10
29/06/2026 15:07,"28,9",44,"15,4","2,23","12,57",10
29/06/2026 15:22,"29,0",42,"14,8","2,32","12,06",5
29/06/2026 15:37,"29,0",42,"14,8","2,32","12,06",4
29/06/2026 15:52,"29,0",42,"14,8","2,32","12,06",4
29/06/2026 16:07,"29,0",46,"16,2","2,16","13,21",4
29/06/2026 16:22,"29,0",48,"16,9","2,08","13,79",5
29/06/2026 16:37,"29,0",48,"16,9","2,08","13,79",4
29/06/2026 16:52,"29,0",48,"16,9","2,08","13,79",2
29/06/2026 17:07,"28,8",49,"17,0","2,02","13,92",2
29/06/2026 17:22,"28,8",49,"17,0","2,02","13,92",2
29/06/2026 17:37,"28,8",49,"17,0","2,02","13,92",2
29/06/2026 17:52,"28,8",49,"17,0","2,02","13,92",3
29/06/2026 18:07,"28,8",49,"17,0","2,02","13,92",10
29/06/2026 18:22,"28,8",49,"17,0","2,02","13,92",8
29/06/2026 18:37,"28,8",49,"17,0","2,02","13,92",6
29/06/2026 18:52,"28,9",51,"17,7","1,95","14,57",1
29/06/2026 19:07,"28,7",50,"17,2","1,97","14,13",1
29/06/2026 19:22,"28,8",52,"18,0","1,90","14,77",1
29/06/2026 19:37,"28,8",52,"18,0","1,90","14,77",1
29/06/2026 19:52,"28,8",52,"18,0","1,90","14,77",1
29/06/2026 20:07,"28,7",50,"17,2","1,97","14,13",4
29/06/2026 20:22,"28,7",50,"17,2","1,97","14,13",6
29/06/2026 20:37,"28,7",50,"17,2","1,97","14,13",2
29/06/2026 20:52,"28,9",51,"17,7","1,95","14,57",2
29/06/2026 21:07,"28,9",51,"17,7","1,95","14,57",1
29/06/2026 21:22,"28,9",51,"17,7","1,95","14,57",1
29/06/2026 21:37,"28,9",53,"18,4","1,87","15,14",1
29/06/2026 21:52,"28,8",51,"17,7","1,94","14,49",1
29/06/2026 22:07,"28,6",51,"17,5","1,92","14,33",1
29/06/2026 22:22,"28,6",51,"17,5","1,92","14,33",1
29/06/2026 22:37,"28,6",51,"17,5","1,92","14,33",1
29/06/2026 22:52,"28,4",52,"17,6","1,86","14,45",1
29/06/2026 23:07,"28,6",52,"17,8","1,88","14,61",1
29/06/2026 23:22,"28,6",52,"17,8","1,88","14,61",1
29/06/2026 23:37,"28,6",52,"17,8","1,88","14,61",1
29/06/2026 23:52,"28,6",52,"17,8","1,88","14,61",1
30/06/2026 00:07,"28,6",52,"17,8","1,88","14,61",1
30/06/2026 00:22,"28,6",54,"18,4","1,80","15,18",1
30/06/2026 00:37,"28,2",53,"17,7","1,80","14,57",1
30/06/2026 00:52,"28,0",53,"17,5","1,78","14,41",1
30/06/2026 01:07,"28,2",54,"18,0","1,76","14,85",1
30/06/2026 01:22,"28,0",54,"17,8","1,74","14,68",1
30/06/2026 01:37,"28,2",54,"18,0","1,76","14,85",1
30/06/2026 01:52,"28,2",54,"18,0","1,76","14,85",1
30/06/2026 02:07,"28,2",54,"18,0","1,76","14,85",1
30/06/2026 02:22,"28,2",54,"18,0","1,76","14,85",1
30/06/2026 02:37,"28,4",53,"17,9","1,82","14,73",1
30/06/2026 02:52,"28,4",53,"17,9","1,82","14,73",1
30/06/2026 03:07,"28,4",53,"17,9","1,82","14,73",1
30/06/2026 03:22,"28,4",53,"17,9","1,82","14,73",1
30/06/2026 03:37,"28,4",53,"17,9","1,82","14,73",1
30/06/2026 03:52,"28,4",53,"17,9","1,82","14,73",1
30/06/2026 04:07,"28,4",53,"17,9","1,82","14,73",1
30/06/2026 04:22,"28,4",53,"17,9","1,82","14,73",1
30/06/2026 04:37,"28,4",53,"17,9","1,82","14,73",1
30/06/2026 04:52,"28,4",53,"17,9","1,82","14,73",1
30/06/2026 05:07,"28,4",53,"17,9","1,82","14,73",1
30/06/2026 05:22,"28,4",53,"17,9","1,82","14,73",1
30/06/2026 05:37,"28,4",53,"17,9","1,82","14,73",1
30/06/2026 05:52,"28,4",53,"17,9","1,82","14,73",1
30/06/2026 06:07,"28,4",53,"17,9","1,82","14,73",2
30/06/2026 06:22,"28,4",53,"17,9","1,82","14,73",11
30/06/2026 06:37,"28,4",53,"17,9","1,82","14,73",11
30/06/2026 06:52,"28,6",53,"18,1","1,84","14,89",11
30/06/2026 07:07,"28,6",53,"18,1","1,84","14,89",11
30/06/2026 07:22,"28,6",53,"18,1","1,84","14,89",11
30/06/2026 07:37,"28,6",53,"18,1","1,84","14,89",11
30/06/2026 07:52,"28,6",53,"18,1","1,84","14,89",11
30/06/2026 08:07,"28,6",53,"18,1","1,84","14,89",11
30/06/2026 08:22,"28,6",53,"18,1","1,84","14,89",11
30/06/2026 08:37,"28,6",53,"18,1","1,84","14,89",11
30/06/2026 08:52,"28,6",53,"18,1","1,84","14,89",11
30/06/2026 09:07,"28,6",53,"18,1","1,84","14,89",6
30/06/2026 09:22,"28,6",53,"18,1","1,84","14,89",5
30/06/2026 09:37,"28,5",55,"18,6","1,75","15,37",3
30/06/2026 09:52,"28,5",55,"18,6","1,75","15,37",3
30/06/2026 10:07,"28,6",53,"18,1","1,84","14,89",3
30/06/2026 10:22,"28,6",53,"18,1","1,84","14,89",4
30/06/2026 10:37,"28,6",53,"18,1","1,84","14,89",4
30/06/2026 10:52,"28,6",53,"18,1","1,84","14,89",3
30/06/2026 11:07,"28,6",53,"18,1","1,84","14,89",3
30/06/2026 11:22,"28,6",53,"18,1","1,84","14,89",3
30/06/2026 11:37,"28,6",53,"18,1","1,84","14,89",3
30/06/2026 11:52,"28,6",53,"18,1","1,84","14,89",3
30/06/2026 12:07,"28,6",53,"18,1","1,84","14,89",3
30/06/2026 12:22,"28,6",53,"18,1","1,84","14,89",3
30/06/2026 12:37,"28,6",53,"18,1","1,84","14,89",3
30/06/2026 12:52,"28,6",55,"18,7","1,76","15,46",3
30/06/2026 13:07,"28,6",55,"18,7","1,76","15,46",3
30/06/2026 13:22,"28,6",55,"18,7","1,76","15,46",3
30/06/2026 13:37,"28,6",55,"18,7","1,76","15,46",4
30/06/2026 13:52,"28,6",55,"18,7","1,76","15,46",4
30/06/2026 14:07,"28,6",55,"18,7","1,76","15,46",4
30/06/2026 14:22,"28,6",55,"18,7","1,76","15,46",4
30/06/2026 14:37,"28,6",55,"18,7","1,76","15,46",4
30/06/2026 14:52,"28,6",55,"18,7","1,76","15,46",4
30/06/2026 15:07,"28,6",55,"18,7","1,76","15,46",2
30/06/2026 15:22,"28,6",55,"18,7","1,76","15,46",2
30/06/2026 15:37,"28,6",55,"18,7","1,76","15,46",1
30/06/2026 15:52,"28,6",55,"18,7","1,76","15,46",1
30/06/2026 16:07,"28,6",53,"18,1","1,84","14,89",2
30/06/2026 16:22,"28,6",53,"18,1","1,84","14,89",5
30/06/2026 16:37,"28,6",53,"18,1","1,84","14,89",3
30/06/2026 16:52,"28,6",53,"18,1","1,84","14,89",4
30/06/2026 17:07,"28,6",53,"18,1","1,84","14,89",3
30/06/2026 17:22,"28,6",53,"18,1","1,84","14,89",9
30/06/2026 17:37,"28,6",53,"18,1","1,84","14,89",9
30/06/2026 17:52,"28,6",53,"18,1","1,84","14,89",6
30/06/2026 18:07,"28,8",54,"18,6","1,82","15,34",8
30/06/2026 18:22,"28,8",52,"18,0","1,90","14,77",3
30/06/2026 18:37,"28,8",52,"18,0","1,90","14,77",11
30/06/2026 18:52,"28,8",52,"18,0","1,90","14,77",11
30/06/2026 19:07,"28,8",52,"18,0","1,90","14,77",11
30/06/2026 19:22,"28,7",54,"18,5","1,81","15,26",2
30/06/2026 19:37,"28,7",54,"18,5","1,81","15,26",2
30/06/2026 19:52,"28,7",54,"18,5","1,81","15,26",1
30/06/2026 20:07,"28,7",54,"18,5","1,81","15,26",1
30/06/2026 20:22,"28,6",52,"17,8","1,88","14,61",2
30/06/2026 20:37,"28,6",52,"17,8","1,88","14,61",1
30/06/2026 20:52,"28,6",52,"17,8","1,88","14,61",6
30/06/2026 21:07,"28,6",52,"17,8","1,88","14,61",1
30/06/2026 21:22,"28,6",52,"17,8","1,88","14,61",1
30/06/2026 21:37,"28,6",52,"17,8","1,88","14,61",1
30/06/2026 21:52,"28,6",52,"17,8","1,88","14,61",1
30/06/2026 22:07,"28,6",52,"17,8","1,88","14,61",1
30/06/2026 22:22,"28,6",52,"17,8","1,88","14,61",1
30/06/2026 22:37,"28,7",54,"18,5","1,81","15,26",1
30/06/2026 22:52,"28,7",54,"18,5","1,81","15,26",1
30/06/2026 23:07,"28,7",54,"18,5","1,81","15,26",1
30/06/2026 23:22,"28,7",54,"18,5","1,81","15,26",1
30/06/2026 23:37,"28,7",54,"18,5","1,81","15,26",1
30/06/2026 23:52,"28,7",54,"18,5","1,81","15,26",1
01/07/2026 00:07,"28,7",54,"18,5","1,81","15,26",1
01/07/2026 00:22,"28,7",54,"18,5","1,81","15,26",1
01/07/2026 00:37,"28,7",54,"18,5","1,81","15,26",1
01/07/2026 00:52,"28,7",54,"18,5","1,81","15,26",1
01/07/2026 01:07,"28,7",54,"18,5","1,81","15,26",1
01/07/2026 01:22,"28,7",54,"18,5","1,81","15,26",1
01/07/2026 01:37,"28,7",54,"18,5","1,81","15,26",1
01/07/2026 01:52,"28,7",54,"18,5","1,81","15,26",1
01/07/2026 02:07,"28,5",55,"18,6","1,75","15,37",1
01/07/2026 02:22,"28,5",55,"18,6","1,75","15,37",1
01/07/2026 02:37,"28,5",55,"18,6","1,75","15,37",1
01/07/2026 02:52,"28,5",55,"18,6","1,75","15,37",1
01/07/2026 03:07,"28,5",55,"18,6","1,75","15,37",1
01/07/2026 03:22,"28,5",55,"18,6","1,75","15,37",1
01/07/2026 03:37,"28,5",55,"18,6","1,75","15,37",1
01/07/2026 03:52,"28,5",55,"18,6","1,75","15,37",1
01/07/2026 04:07,"28,5",55,"18,6","1,75","15,37",1
01/07/2026 04:22,"28,5",55,"18,6","1,75","15,37",1
01/07/2026 04:37,"28,5",55,"18,6","1,75","15,37",1
01/07/2026 04:52,"28,5",55,"18,6","1,75","15,37",1
01/07/2026 05:07,"28,5",55,"18,6","1,75","15,37",1
01/07/2026 05:22,"28,5",55,"18,6","1,75","15,37",1
01/07/2026 05:37,"28,5",55,"18,6","1,75","15,37",1
01/07/2026 05:52,"28,5",55,"18,6","1,75","15,37",1
01/07/2026 06:07,"28,5",55,"18,6","1,75","15,37",1
01/07/2026 06:22,"28,5",55,"18,6","1,75","15,37",1
01/07/2026 06:37,"28,5",55,"18,6","1,75","15,37",1
01/07/2026 06:52,"28,5",55,"18,6","1,75","15,37",1
01/07/2026 07:07,"28,5",55,"18,6","1,75","15,37",1
01/07/2026 07:22,"28,5",55,"18,6","1,75","15,37",1
01/07/2026 07:37,"28,5",55,"18,6","1,75","15,37",1
01/07/2026 07:52,"28,5",55,"18,6","1,75","15,37",1
01/07/2026 08:07,"28,5",55,"18,6","1,75","15,37",1
01/07/2026 08:22,"28,5",57,"19,2","1,67","15,93",1
01/07/2026 08:37,"28,5",57,"19,2","1,67","15,93",1
01/07/2026 08:52,"28,5",57,"19,2","1,67","15,93",1
01/07/2026 09:07,"28,5",57,"19,2","1,67","15,93",13
01/07/2026 09:22,"28,3",57,"19,0","1,65","15,76",14
01/07/2026 09:37,"28,3",57,"19,0","1,65","15,76",16
01/07/2026 09:52,"28,5",57,"19,2","1,67","15,93",17
01/07/2026 10:07,"28,5",57,"19,2","1,67","15,93",14
01/07/2026 10:22,"28,5",57,"19,2","1,67","15,93",12
01/07/2026 10:37,"28,5",57,"19,2","1,67","15,93",11
01/07/2026 10:52,"28,5",57,"19,2","1,67","15,93",1
01/07/2026 11:07,"28,3",57,"19,0","1,65","15,76",1
01/07/2026 11:22,"28,5",57,"19,2","1,67","15,93",6
01/07/2026 11:37,"28,5",57,"19,2","1,67","15,93",10
01/07/2026 11:52,"28,5",57,"19,2","1,67","15,93",12
01/07/2026 12:07,"28,5",57,"19,2","1,67","15,93",12
01/07/2026 12:22,"28,5",57,"19,2","1,67","15,93",14
01/07/2026 12:37,"28,5",57,"19,2","1,67","15,93",16
01/07/2026 12:52,"28,5",57,"19,2","1,67","15,93",17
01/07/2026 13:07,"28,7",57,"19,3","1,69","16,11",18
01/07/2026 13:22,"28,7",57,"19,3","1,69","16,11",19
01/07/2026 13:37,"28,7",57,"19,3","1,69","16,11",18
01/07/2026 13:52,"28,7",57,"19,3","1,69","16,11",18
01/07/2026 14:07,"28,7",57,"19,3","1,69","16,11",18
01/07/2026 14:22,"28,7",57,"19,3","1,69","16,11",17
01/07/2026 14:37,"28,8",55,"18,9","1,78","15,63",18
01/07/2026 14:52,"28,8",55,"18,9","1,78","15,63",17
01/07/2026 15:07,"28,8",55,"18,9","1,78","15,63",18
01/07/2026 15:22,"28,8",55,"18,9","1,78","15,63",17
01/07/2026 15:37,"28,8",55,"18,9","1,78","15,63",16
01/07/2026 15:52,"28,8",55,"18,9","1,78","15,63",15
01/07/2026 16:07,"28,8",55,"18,9","1,78","15,63",15
01/07/2026 16:22,"28,8",55,"18,9","1,78","15,63",18
01/07/2026 16:37,"28,8",55,"18,9","1,78","15,63",16
01/07/2026 16:52,"28,8",55,"18,9","1,78","15,63",17
01/07/2026 17:07,"29,0",54,"18,7","1,84","15,51",17
01/07/2026 17:22,"29,0",54,"18,7","1,84","15,51",15
01/07/2026 17:37,"29,0",54,"18,7","1,84","15,51",17
01/07/2026 17:52,"29,0",54,"18,7","1,84","15,51",13
01/07/2026 18:07,"28,8",53,"18,3","1,86","15,06",12
01/07/2026 18:22,"28,7",51,"17,6","1,93","14,41",12
01/07/2026 18:37,"28,3",46,"15,6","2,08","12,72",12
01/07/2026 18:52,"28,1",45,"15,0","2,09","12,30",12
01/07/2026 19:07,"28,1",45,"15,0","2,09","12,30",12
01/07/2026 19:22,"28,1",45,"15,0","2,09","12,30",12
01/07/2026 19:37,"28,1",45,"15,0","2,09","12,30",12
01/07/2026 19:52,"28,1",45,"15,0","2,09","12,30",10
01/07/2026 20:07,"28,0",47,"15,6","2,00","12,78",6
01/07/2026 20:22,"28,0",47,"15,6","2,00","12,78",12
01/07/2026 20:37,"28,0",47,"15,6","2,00","12,78",12
01/07/2026 20:52,"28,0",47,"15,6","2,00","12,78",7
01/07/2026 21:07,"27,9",45,"14,9","2,07","12,17",10
01/07/2026 21:22,"27,9",45,"14,9","2,07","12,17",2
01/07/2026 21:37,"27,9",45,"14,9","2,07","12,17",1
01/07/2026 21:52,"27,7",46,"15,0","2,01","12,30",1
01/07/2026 22:07,"27,5",45,"14,5","2,02","11,91",1
01/07/2026 22:22,"27,3",45,"14,3","2,00","11,77",1
01/07/2026 22:37,"27,3",45,"14,3","2,00","11,77",1
01/07/2026 22:52,"27,3",45,"14,3","2,00","11,77",1
01/07/2026 23:07,"27,1",46,"14,5","1,94","11,90",1
01/07/2026 23:22,"27,1",46,"14,5","1,94","11,90",1
01/07/2026 23:37,"27,0",44,"13,7","2,00","11,32",1
01/07/2026 23:52,"27,0",44,"13,7","2,00","11,32",1
02/07/2026 00:07,"26,8",42,"12,8","2,04","10,69",1
02/07/2026 00:22,"26,8",42,"12,8","2,04","10,69",1
02/07/2026 00:37,"26,6",42,"12,6","2,02","10,57",1
02/07/2026 00:52,"26,6",42,"12,6","2,02","10,57",1
02/07/2026 01:07,"26,6",42,"12,6","2,02","10,57",1
02/07/2026 01:22,"26,6",42,"12,6","2,02","10,57",1
02/07/2026 01:37,"26,6",42,"12,6","2,02","10,57",1
02/07/2026 01:52,"26,4",41,"12,1","2,03","10,21",1
02/07/2026 02:07,"26,4",41,"12,1","2,03","10,21",1
02/07/2026 02:22,"26,4",41,"12,1","2,03","10,21",1
02/07/2026 02:37,"26,2",40,"11,5","2,04","9,85",1
02/07/2026 02:52,"26,2",40,"11,5","2,04","9,85",1
02/07/2026 03:07,"26,0",40,"11,4","2,02","9,74",1
02/07/2026 03:22,"25,8",40,"11,2","1,99","9,63",1
02/07/2026 03:37,"25,8",40,"11,2","1,99","9,63",1
02/07/2026 03:52,"25,6",40,"11,0","1,97","9,52",1
02/07/2026 04:07,"25,6",40,"11,0","1,97","9,52",1
02/07/2026 04:22,"25,6",40,"11,0","1,97","9,52",1
02/07/2026 04:37,"25,6",40,"11,0","1,97","9,52",1
02/07/2026 04:52,"25,6",40,"11,0","1,97","9,52",1
02/07/2026 05:07,"25,8",41,"11,5","1,96","9,87",1
02/07/2026 05:22,"25,8",41,"11,5","1,96","9,87",1
02/07/2026 05:37,"25,7",43,"12,2","1,88","10,29",1
02/07/2026 05:52,"25,5",42,"11,6","1,89","9,94",2
02/07/2026 06:07,"25,5",42,"11,6","1,89","9,94",4
02/07/2026 06:22,"25,1",42,"11,3","1,85","9,72",14
02/07/2026 06:37,"25,1",42,"11,3","1,85","9,72",14
02/07/2026 06:52,"25,1",42,"11,3","1,85","9,72",14
02/07/2026 07:07,"25,1",42,"11,3","1,85","9,72",14
02/07/2026 07:22,"25,3",42,"11,5","1,87","9,83",14
02/07/2026 07:37,"25,3",42,"11,5","1,87","9,83",14
02/07/2026 07:52,"25,3",42,"11,5","1,87","9,83",14
02/07/2026 08:07,"25,5",43,"12,0","1,86","10,18",1
02/07/2026 08:22,"25,5",43,"12,0","1,86","10,18",1
02/07/2026 08:37,"25,7",44,"12,5","1,85","10,53",1
02/07/2026 08:52,"25,7",44,"12,5","1,85","10,53",1
02/07/2026 09:07,"25,7",44,"12,5","1,85","10,53",4
02/07/2026 09:22,"25,9",44,"12,7","1,87","10,65",4
02/07/2026 09:37,"25,9",44,"12,7","1,87","10,65",4
02/07/2026 09:52,"25,9",44,"12,7","1,87","10,65",4
02/07/2026 10:07,"26,0",42,"12,1","1,95","10,22",4
02/07/2026 10:22,"26,0",42,"12,1","1,95","10,22",4
02/07/2026 10:37,"26,0",42,"12,1","1,95","10,22",4
02/07/2026 10:52,"26,0",40,"11,4","2,02","9,74",5
02/07/2026 11:07,"26,0",40,"11,4","2,02","9,74",4
02/07/2026 11:22,"26,0",40,"11,4","2,02","9,74",4
02/07/2026 11:37,"26,0",40,"11,4","2,02","9,74",4
02/07/2026 11:52,"26,0",40,"11,4","2,02","9,74",3
02/07/2026 12:07,"26,0",40,"11,4","2,02","9,74",3
02/07/2026 12:22,"26,1",38,"10,7","2,10","9,30",3
02/07/2026 12:37,"26,1",38,"10,7","2,10","9,30",3
02/07/2026 12:52,"26,3",39,"11,2","2,09","9,65",3
02/07/2026 13:07,"26,3",39,"11,2","2,09","9,65",3
02/07/2026 13:22,"26,3",39,"11,2","2,09","9,65",3
02/07/2026 13:37,"26,3",39,"11,2","2,09","9,65",4
02/07/2026 13:52,"26,3",39,"11,2","2,09","9,65",4
02/07/2026 14:07,"26,5",39,"11,4","2,11","9,76",4
02/07/2026 14:22,"26,5",39,"11,4","2,11","9,76",4
02/07/2026 14:37,"26,5",39,"11,4","2,11","9,76",2
02/07/2026 14:52,"26,5",39,"11,4","2,11","9,76",3
02/07/2026 15:07,"26,5",39,"11,4","2,11","9,76",3
02/07/2026 15:22,"26,5",39,"11,4","2,11","9,76",3
02/07/2026 15:37,"26,7",38,"11,2","2,17","9,62",3
02/07/2026 15:52,"26,7",38,"11,2","2,17","9,62",3
02/07/2026 16:07,"26,7",38,"11,2","2,17","9,62",3
02/07/2026 16:22,"26,7",38,"11,2","2,17","9,62",4
02/07/2026 16:37,"26,7",38,"11,2","2,17","9,62",3
02/07/2026 16:52,"26,9",39,"11,8","2,16","9,98",5
02/07/2026 17:07,"26,9",39,"11,8","2,16","9,98",6
02/07/2026 17:22,"26,9",39,"11,8","2,16","9,98",8
02/07/2026 17:37,"26,9",39,"11,8","2,16","9,98",8
02/07/2026 17:52,"27,1",40,"12,3","2,15","10,35",9
02/07/2026 18:07,"27,1",40,"12,3","2,15","10,35",9
02/07/2026 18:22,"27,1",40,"12,3","2,15","10,35",9
02/07/2026 18:37,"27,1",40,"12,3","2,15","10,35",9
02/07/2026 18:52,"27,1",40,"12,3","2,15","10,35",10
02/07/2026 19:07,"27,1",40,"12,3","2,15","10,35",11
02/07/2026 19:22,"27,5",38,"11,9","2,28","10,05",11
02/07/2026 19:37,"27,3",38,"11,7","2,25","9,94",11
02/07/2026 19:52,"27,5",38,"11,9","2,28","10,05",12
02/07/2026 20:07,"27,5",40,"12,7","2,20","10,58",13
02/07/2026 20:22,"27,5",40,"12,7","2,20","10,58",13
02/07/2026 20:37,"27,5",40,"12,7","2,20","10,58",14
02/07/2026 20:52,"27,5",40,"12,7","2,20","10,58",14
02/07/2026 21:07,"27,5",40,"12,7","2,20","10,58",13
02/07/2026 21:22,"27,3",39,"12,1","2,21","10,20",1
02/07/2026 21:37,"27,3",39,"12,1","2,21","10,20",1
02/07/2026 21:52,"27,1",39,"11,9","2,19","10,09",1
02/07/2026 22:07,"26,9",39,"11,8","2,16","9,98",1
02/07/2026 22:22,"26,9",39,"11,8","2,16","9,98",1
02/07/2026 22:37,"26,9",39,"11,8","2,16","9,98",1
02/07/2026 22:52,"26,9",39,"11,8","2,16","9,98",1
02/07/2026 23:07,"26,9",39,"11,8","2,16","9,98",1
02/07/2026 23:22,"26,9",39,"11,8","2,16","9,98",1
02/07/2026 23:37,"26,9",39,"11,8","2,16","9,98",1
02/07/2026 23:52,"26,9",39,"11,8","2,16","9,98",1
03/07/2026 00:07,"26,9",39,"11,8","2,16","9,98",1
03/07/2026 00:22,"26,9",39,"11,8","2,16","9,98",1
03/07/2026 00:37,"26,9",39,"11,8","2,16","9,98",1
03/07/2026 00:52,"26,9",39,"11,8","2,16","9,98",1
03/07/2026 01:07,"27,1",39,"11,9","2,19","10,09",1
03/07/2026 01:22,"27,1",39,"11,9","2,19","10,09",1
03/07/2026 01:37,"27,1",39,"11,9","2,19","10,09",1
03/07/2026 01:52,"27,1",39,"11,9","2,19","10,09",1
03/07/2026 02:07,"27,1",39,"11,9","2,19","10,09",1
03/07/2026 02:22,"27,1",39,"11,9","2,19","10,09",1
03/07/2026 02:37,"27,1",39,"11,9","2,19","10,09",1
03/07/2026 02:52,"27,2",41,"12,8","2,13","10,67",1
03/07/2026 03:07,"27,2",41,"12,8","2,13","10,67",1
03/07/2026 03:22,"27,2",41,"12,8","2,13","10,67",1
03/07/2026 03:37,"27,2",41,"12,8","2,13","10,67",1
03/07/2026 03:52,"27,2",41,"12,8","2,13","10,67",1
03/07/2026 04:07,"27,2",41,"12,8","2,13","10,67",1
03/07/2026 04:22,"27,2",41,"12,8","2,13","10,67",1
03/07/2026 04:37,"27,2",41,"12,8","2,13","10,67",1
03/07/2026 04:52,"27,2",41,"12,8","2,13","10,67",1
03/07/2026 05:07,"27,2",43,"13,5","2,06","11,19",1
03/07/2026 05:22,"27,2",43,"13,5","2,06","11,19",1
03/07/2026 05:37,"26,8",44,"13,5","1,97","11,20",1
03/07/2026 05:52,"26,6",44,"13,3","1,95","11,08",1
03/07/2026 06:07,"26,2",46,"13,7","1,84","11,32",1
03/07/2026 06:22,"25,8",47,"13,6","1,76","11,32",10
03/07/2026 06:37,"25,8",47,"13,6","1,76","11,32",2
03/07/2026 06:52,"26,0",47,"13,8","1,78","11,44",1
03/07/2026 07:07,"26,2",47,"14,0","1,80","11,57",2
03/07/2026 07:22,"26,4",47,"14,2","1,82","11,70",1
03/07/2026 07:37,"26,4",47,"14,2","1,82","11,70",1
03/07/2026 07:52,"26,6",47,"14,4","1,85","11,83",1
03/07/2026 08:07,"26,6",47,"14,4","1,85","11,83",9
03/07/2026 08:22,"26,8",48,"14,9","1,83","12,22",1
03/07/2026 08:37,"26,8",48,"14,9","1,83","12,22",1
03/07/2026 08:52,"26,8",48,"14,9","1,83","12,22",1
03/07/2026 09:07,"26,8",48,"14,9","1,83","12,22",1
03/07/2026 09:22,"26,8",48,"14,9","1,83","12,22",1
03/07/2026 09:37,"26,8",48,"14,9","1,83","12,22",1
03/07/2026 09:52,"26,8",48,"14,9","1,83","12,22",4
03/07/2026 10:07,"26,8",48,"14,9","1,83","12,22",4
03/07/2026 10:22,"26,8",48,"14,9","1,83","12,22",4
03/07/2026 10:37,"26,8",48,"14,9","1,83","12,22",4
03/07/2026 10:52,"26,8",48,"14,9","1,83","12,22",4
03/07/2026 11:07,"26,9",46,"14,3","1,91","11,77",5
03/07/2026 11:22,"26,9",46,"14,3","1,91","11,77",5
03/07/2026 11:37,"26,9",46,"14,3","1,91","11,77",5
03/07/2026 11:52,"26,9",46,"14,3","1,91","11,77",5
03/07/2026 12:07,"26,9",46,"14,3","1,91","11,77",5
03/07/2026 12:22,"26,9",46,"14,3","1,91","11,77",4
03/07/2026 12:37,"26,9",46,"14,3","1,91","11,77",4
03/07/2026 12:52,"26,9",44,"13,6","1,98","11,26",5
03/07/2026 13:07,"26,9",44,"13,6","1,98","11,26",4
03/07/2026 13:22,"26,9",44,"13,6","1,98","11,26",4
03/07/2026 13:37,"26,9",44,"13,6","1,98","11,26",4
03/07/2026 13:52,"26,9",44,"13,6","1,98","11,26",4
03/07/2026 14:07,"26,8",42,"12,8","2,04","10,69",4
03/07/2026 14:22,"26,8",42,"12,8","2,04","10,69",4
03/07/2026 14:37,"26,8",42,"12,8","2,04","10,69",3
03/07/2026 14:52,"26,8",42,"12,8","2,04","10,69",4
03/07/2026 15:07,"26,8",42,"12,8","2,04","10,69",3
03/07/2026 15:22,"26,8",42,"12,8","2,04","10,69",4
03/07/2026 15:37,"27,0",42,"13,0","2,07","10,81",5
03/07/2026 15:52,"27,0",42,"13,0","2,07","10,81",5
03/07/2026 16:07,"27,0",42,"13,0","2,07","10,81",5
03/07/2026 16:22,"27,0",42,"13,0","2,07","10,81",5
03/07/2026 16:37,"27,0",42,"13,0","2,07","10,81",6
03/07/2026 16:52,"27,0",42,"13,0","2,07","10,81",7
03/07/2026 17:07,"27,0",40,"12,2","2,14","10,29",9
03/07/2026 17:22,"27,0",40,"12,2","2,14","10,29",10
03/07/2026 17:37,"27,0",40,"12,2","2,14","10,29",11
03/07/2026 17:52,"27,0",40,"12,2","2,14","10,29",11
03/07/2026 18:07,"27,2",40,"12,4","2,16","10,41",11
03/07/2026 18:22,"27,2",40,"12,4","2,16","10,41",11
03/07/2026 18:37,"27,2",40,"12,4","2,16","10,41",11
03/07/2026 18:52,"27,2",40,"12,4","2,16","10,41",12
03/07/2026 19:07,"27,2",40,"12,4","2,16","10,41",13
03/07/2026 19:22,"27,2",40,"12,4","2,16","10,41",13
03/07/2026 19:37,"27,4",39,"12,2","2,23","10,26",13
03/07/2026 19:52,"27,4",39,"12,2","2,23","10,26",14
03/07/2026 20:07,"27,4",39,"12,2","2,23","10,26",14
03/07/2026 20:22,"27,4",39,"12,2","2,23","10,26",13
03/07/2026 20:37,"27,4",39,"12,2","2,23","10,26",13
03/07/2026 20:52,"27,4",39,"12,2","2,23","10,26",13
03/07/2026 21:07,"27,4",39,"12,2","2,23","10,26",13
03/07/2026 21:22,"27,4",39,"12,2","2,23","10,26",1
03/07/2026 21:37,"27,4",39,"12,2","2,23","10,26",1
03/07/2026 21:52,"27,2",39,"12,0","2,20","10,15",1
03/07/2026 22:07,"27,2",39,"12,0","2,20","10,15",1
03/07/2026 22:22,"27,0",39,"11,9","2,17","10,04",1
03/07/2026 22:37,"27,0",39,"11,9","2,17","10,04",1
03/07/2026 22:52,"27,0",39,"11,9","2,17","10,04",1
03/07/2026 23:07,"26,9",41,"12,5","2,09","10,49",1
03/07/2026 23:22,"26,9",41,"12,5","2,09","10,49",8
03/07/2026 23:37,"26,7",41,"12,4","2,07","10,38",8
03/07/2026 23:52,"26,7",41,"12,4","2,07","10,38",8
04/07/2026 00:07,"26,5",41,"12,2","2,04","10,26",8
04/07/2026 00:22,"26,4",39,"11,3","2,10","9,71",8
04/07/2026 00:37,"26,2",39,"11,1","2,07","9,60",8
04/07/2026 00:52,"26,0",38,"10,6","2,08","9,25",1
04/07/2026 01:07,"26,2",39,"11,1","2,07","9,60",1
04/07/2026 01:22,"26,2",39,"11,1","2,07","9,60",1
04/07/2026 01:37,"26,2",39,"11,1","2,07","9,60",1
04/07/2026 01:52,"26,4",39,"11,3","2,10","9,71",1
04/07/2026 02:07,"26,4",39,"11,3","2,10","9,71",1
04/07/2026 02:22,"26,4",39,"11,3","2,10","9,71",1
04/07/2026 02:37,"26,4",39,"11,3","2,10","9,71",1
04/07/2026 02:52,"26,4",39,"11,3","2,10","9,71",1
04/07/2026 03:07,"26,4",39,"11,3","2,10","9,71",1
04/07/2026 03:22,"26,6",40,"11,9","2,09","10,07",1
04/07/2026 03:37,"26,6",40,"11,9","2,09","10,07",1
04/07/2026 03:52,"26,6",40,"11,9","2,09","10,07",1
04/07/2026 04:07,"26,6",40,"11,9","2,09","10,07",1
04/07/2026 04:22,"26,6",40,"11,9","2,09","10,07",1
04/07/2026 04:37,"26,6",40,"11,9","2,09","10,07",1
04/07/2026 04:52,"26,6",40,"11,9","2,09","10,07",1
04/07/2026 05:07,"26,7",42,"12,7","2,03","10,63",1
04/07/2026 05:22,"26,7",42,"12,7","2,03","10,63",1
04/07/2026 05:37,"26,7",42,"12,7","2,03","10,63",1
04/07/2026 05:52,"26,7",42,"12,7","2,03","10,63",1
04/07/2026 06:07,"26,7",42,"12,7","2,03","10,63",1
04/07/2026 06:22,"26,7",42,"12,7","2,03","10,63",1
04/07/2026 06:37,"26,7",42,"12,7","2,03","10,63",1
04/07/2026 06:52,"26,7",42,"12,7","2,03","10,63",1
04/07/2026 07:07,"26,7",42,"12,7","2,03","10,63",1
04/07/2026 07:22,"26,7",42,"12,7","2,03","10,63",1
04/07/2026 07:37,"26,7",42,"12,7","2,03","10,63",1
04/07/2026 07:52,"26,7",42,"12,7","2,03","10,63",1
04/07/2026 08:07,"26,7",42,"12,7","2,03","10,63",1
04/07/2026 08:22,"26,7",42,"12,7","2,03","10,63",1
04/07/2026 08:37,"26,7",42,"12,7","2,03","10,63",1
04/07/2026 08:52,"26,7",42,"12,7","2,03","10,63",1
04/07/2026 09:07,"26,7",42,"12,7","2,03","10,63",1
04/07/2026 09:22,"26,7",42,"12,7","2,03","10,63",1
04/07/2026 09:37,"26,7",42,"12,7","2,03","10,63",1
04/07/2026 09:52,"26,7",42,"12,7","2,03","10,63",1
04/07/2026 10:07,"26,7",42,"12,7","2,03","10,63",1
04/07/2026 10:22,"26,7",42,"12,7","2,03","10,63",1
04/07/2026 10:37,"26,7",40,"12,0","2,10","10,12",1
04/07/2026 10:52,"26,7",40,"12,0","2,10","10,12",1
04/07/2026 11:07,"26,7",40,"12,0","2,10","10,12",1
04/07/2026 11:22,"26,7",40,"12,0","2,10","10,12",1
04/07/2026 11:37,"26,7",40,"12,0","2,10","10,12",1
04/07/2026 11:52,"26,7",40,"12,0","2,10","10,12",1
04/07/2026 12:07,"26,7",40,"12,0","2,10","10,12",1
04/07/2026 12:22,"26,7",40,"12,0","2,10","10,12",1
04/07/2026 12:37,"26,7",40,"12,0","2,10","10,12",1
04/07/2026 12:52,"26,7",40,"12,0","2,10","10,12",1
04/07/2026 13:07,"26,7",40,"12,0","2,10","10,12",4
04/07/2026 13:22,"26,7",40,"12,0","2,10","10,12",4
04/07/2026 13:37,"26,7",40,"12,0","2,10","10,12",4
04/07/2026 13:52,"26,7",40,"12,0","2,10","10,12",4
04/07/2026 14:07,"26,7",40,"12,0","2,10","10,12",4
04/07/2026 14:22,"26,8",42,"12,8","2,04","10,69",4
04/07/2026 14:37,"26,8",42,"12,8","2,04","10,69",4
04/07/2026 14:52,"26,8",42,"12,8","2,04","10,69",4
04/07/2026 15:07,"26,8",42,"12,8","2,04","10,69",5
04/07/2026 15:22,"26,8",42,"12,8","2,04","10,69",5
04/07/2026 15:37,"26,8",42,"12,8","2,04","10,69",5
04/07/2026 15:52,"27,0",42,"13,0","2,07","10,81",5
04/07/2026 16:07,"27,0",42,"13,0","2,07","10,81",6
04/07/2026 16:22,"27,0",42,"13,0","2,07","10,81",6
04/07/2026 16:37,"27,0",42,"13,0","2,07","10,81",7
04/07/2026 16:52,"26,9",40,"12,2","2,13","10,24",8
04/07/2026 17:07,"26,9",40,"12,2","2,13","10,24",10
04/07/2026 17:22,"26,9",40,"12,2","2,13","10,24",11
04/07/2026 17:37,"26,9",40,"12,2","2,13","10,24",11
04/07/2026 17:52,"26,9",40,"12,2","2,13","10,24",11
04/07/2026 18:07,"26,9",40,"12,2","2,13","10,24",11
04/07/2026 18:22,"27,0",38,"11,5","2,21","9,78",11
04/07/2026 18:37,"26,9",36,"10,6","2,27","9,21",11
04/07/2026 18:52,"26,9",34,"9,7","2,34","8,70",11
04/07/2026 19:07,"26,9",34,"9,7","2,34","8,70",12
04/07/2026 19:22,"26,9",34,"9,7","2,34","8,70",13
04/07/2026 19:37,"26,9",34,"9,7","2,34","8,70",13
04/07/2026 19:52,"27,1",34,"9,9","2,37","8,80",14
04/07/2026 20:07,"27,1",34,"9,9","2,37","8,80",15
04/07/2026 20:22,"27,1",34,"9,9","2,37","8,80",16
04/07/2026 20:37,"27,1",32,"9,0","2,44","8,28",16
04/07/2026 20:52,"27,1",32,"9,0","2,44","8,28",16
04/07/2026 21:07,"27,1",32,"9,0","2,44","8,28",15
04/07/2026 21:22,"27,1",32,"9,0","2,44","8,28",1
04/07/2026 21:37,"27,1",32,"9,0","2,44","8,28",1
04/07/2026 21:52,"26,9",32,"8,8","2,41","8,19",1
04/07/2026 22:07,"26,7",31,"8,2","2,42","7,85",1
04/07/2026 22:22,"26,7",31,"8,2","2,42","7,85",1
04/07/2026 22:37,"26,7",31,"8,2","2,42","7,85",1
04/07/2026 22:52,"26,7",31,"8,2","2,42","7,85",1
04/07/2026 23:07,"26,5",31,"8,0","2,39","7,76",1
04/07/2026 23:22,"26,5",31,"8,0","2,39","7,76",1
04/07/2026 23:37,"26,5",31,"8,0","2,39","7,76",1
04/07/2026 23:52,"26,3",31,"7,8","2,36","7,67",1
05/07/2026 00:07,"26,5",32,"8,5","2,35","8,01",1
05/07/2026 00:22,"26,5",32,"8,5","2,35","8,01",1
05/07/2026 00:37,"26,5",32,"8,5","2,35","8,01",1
05/07/2026 00:52,"26,5",32,"8,5","2,35","8,01",1
05/07/2026 01:07,"26,5",32,"8,5","2,35","8,01",1
05/07/2026 01:22,"26,5",32,"8,5","2,35","8,01",1
05/07/2026 01:37,"26,5",32,"8,5","2,35","8,01",1
05/07/2026 01:52,"26,6",34,"9,4","2,30","8,56",1
05/07/2026 02:07,"26,3",32,"8,3","2,33","7,92",1
05/07/2026 02:22,"26,3",32,"8,3","2,33","7,92",1
05/07/2026 02:37,"26,1",32,"8,1","2,30","7,83",1
05/07/2026 02:52,"26,3",32,"8,3","2,33","7,92",1
05/07/2026 03:07,"26,3",32,"8,3","2,33","7,92",1
05/07/2026 03:22,"26,3",32,"8,3","2,33","7,92",1
05/07/2026 03:37,"26,5",33,"8,9","2,32","8,26",1
05/07/2026 03:52,"26,5",33,"8,9","2,32","8,26",1
05/07/2026 04:07,"26,6",35,"9,9","2,26","8,81",1
05/07/2026 04:22,"26,6",35,"9,9","2,26","8,81",1
05/07/2026 04:37,"26,6",35,"9,9","2,26","8,81",1
05/07/2026 04:52,"26,6",35,"9,9","2,26","8,81",1
05/07/2026 05:07,"26,8",36,"10,5","2,26","9,16",1
05/07/2026 05:22,"26,8",36,"10,5","2,26","9,16",1
05/07/2026 05:37,"26,8",36,"10,5","2,26","9,16",1
05/07/2026 05:52,"26,8",36,"10,5","2,26","9,16",1
05/07/2026 06:07,"26,8",36,"10,5","2,26","9,16",1
05/07/2026 06:22,"26,8",38,"11,3","2,18","9,67",11
05/07/2026 06:37,"26,8",38,"11,3","2,18","9,67",12
05/07/2026 06:52,"26,8",38,"11,3","2,18","9,67",12
05/07/2026 07:07,"26,8",38,"11,3","2,18","9,67",12
05/07/2026 07:22,"26,8",38,"11,3","2,18","9,67",12
05/07/2026 07:37,"27,0",38,"11,5","2,21","9,78",11
05/07/2026 07:52,"27,0",38,"11,5","2,21","9,78",9
05/07/2026 08:07,"27,0",38,"11,5","2,21","9,78",8
05/07/2026 08:22,"27,0",38,"11,5","2,21","9,78",6
05/07/2026 08:37,"27,0",38,"11,5","2,21","9,78",5
05/07/2026 08:52,"27,0",38,"11,5","2,21","9,78",5
05/07/2026 09:07,"27,0",38,"11,5","2,21","9,78",5
05/07/2026 09:22,"27,0",38,"11,5","2,21","9,78",5
05/07/2026 09:37,"27,0",38,"11,5","2,21","9,78",5
05/07/2026 09:52,"27,0",38,"11,5","2,21","9,78",5
05/07/2026 10:07,"27,0",40,"12,2","2,14","10,29",5
05/07/2026 10:22,"27,0",40,"12,2","2,14","10,29",5
05/07/2026 10:37,"27,0",40,"12,2","2,14","10,29",5
05/07/2026 10:52,"27,0",40,"12,2","2,14","10,29",5
05/07/2026 11:07,"27,0",40,"12,2","2,14","10,29",5
05/07/2026 11:22,"27,0",40,"12,2","2,14","10,29",4
05/07/2026 11:37,"27,0",40,"12,2","2,14","10,29",4
05/07/2026 11:52,"27,0",40,"12,2","2,14","10,29",4
05/07/2026 12:07,"27,0",40,"12,2","2,14","10,29",4
05/07/2026 12:22,"27,0",40,"12,2","2,14","10,29",4
05/07/2026 12:37,"27,0",40,"12,2","2,14","10,29",4
05/07/2026 12:52,"27,0",40,"12,2","2,14","10,29",4
05/07/2026 13:07,"27,0",40,"12,2","2,14","10,29",4
05/07/2026 13:22,"27,0",40,"12,2","2,14","10,29",4
05/07/2026 13:37,"27,0",40,"12,2","2,14","10,29",4
05/07/2026 13:52,"27,0",40,"12,2","2,14","10,29",4
05/07/2026 14:07,"27,0",40,"12,2","2,14","10,29",4
05/07/2026 14:22,"27,0",40,"12,2","2,14","10,29",4
05/07/2026 14:37,"27,0",40,"12,2","2,14","10,29",4
05/07/2026 14:52,"27,0",40,"12,2","2,14","10,29",4
05/07/2026 15:07,"27,0",40,"12,2","2,14","10,29",5
05/07/2026 15:22,"27,0",40,"12,2","2,14","10,29",5
05/07/2026 15:37,"27,0",40,"12,2","2,14","10,29",6
05/07/2026 15:52,"27,0",40,"12,2","2,14","10,29",6
05/07/2026 16:07,"27,0",40,"12,2","2,14","10,29",6
05/07/2026 16:22,"27,0",40,"12,2","2,14","10,29",7
05/07/2026 16:37,"27,0",40,"12,2","2,14","10,29",8
05/07/2026 16:52,"27,2",39,"12,0","2,20","10,15",9
05/07/2026 17:07,"27,2",39,"12,0","2,20","10,15",10
05/07/2026 17:22,"27,2",39,"12,0","2,20","10,15",11
05/07/2026 17:37,"27,2",39,"12,0","2,20","10,15",11
05/07/2026 17:52,"27,3",37,"11,3","2,29","9,68",11
05/07/2026 18:07,"27,3",37,"11,3","2,29","9,68",11
05/07/2026 18:22,"27,3",37,"11,3","2,29","9,68",11
05/07/2026 18:37,"27,5",36,"11,1","2,35","9,52",11
05/07/2026 18:52,"27,5",36,"11,1","2,35","9,52",11
05/07/2026 19:07,"27,5",36,"11,1","2,35","9,52",12
05/07/2026 19:22,"27,5",36,"11,1","2,35","9,52",12
05/07/2026 19:37,"27,5",36,"11,1","2,35","9,52",13
05/07/2026 19:52,"27,5",36,"11,1","2,35","9,52",14
05/07/2026 20:07,"27,5",36,"11,1","2,35","9,52",10
05/07/2026 20:22,"27,5",36,"11,1","2,35","9,52",15
05/07/2026 20:37,"27,5",36,"11,1","2,35","9,52",15
05/07/2026 20:52,"27,5",36,"11,1","2,35","9,52",15
05/07/2026 21:07,"27,5",36,"11,1","2,35","9,52",14
05/07/2026 21:22,"27,5",36,"11,1","2,35","9,52",2
05/07/2026 21:37,"27,5",36,"11,1","2,35","9,52",1
05/07/2026 21:52,"27,5",36,"11,1","2,35","9,52",1
05/07/2026 22:07,"27,5",36,"11,1","2,35","9,52",1
05/07/2026 22:22,"27,5",36,"11,1","2,35","9,52",1
05/07/2026 22:37,"27,3",37,"11,3","2,29","9,68",1
05/07/2026 22:52,"27,3",37,"11,3","2,29","9,68",1
05/07/2026 23:07,"27,3",37,"11,3","2,29","9,68",1
05/07/2026 23:22,"27,3",37,"11,3","2,29","9,68",1
05/07/2026 23:37,"27,3",37,"11,3","2,29","9,68",1
05/07/2026 23:52,"27,3",37,"11,3","2,29","9,68",1
06/07/2026 00:07,"27,3",37,"11,3","2,29","9,68",1
06/07/2026 00:22,"27,3",37,"11,3","2,29","9,68",1
06/07/2026 00:37,"27,1",38,"11,6","2,22","9,83",1
06/07/2026 00:52,"27,1",38,"11,6","2,22","9,83",1
06/07/2026 01:07,"27,1",38,"11,6","2,22","9,83",1
06/07/2026 01:22,"26,9",39,"11,8","2,16","9,98",1
06/07/2026 01:37,"26,9",39,"11,8","2,16","9,98",1
06/07/2026 01:52,"26,9",39,"11,8","2,16","9,98",1
06/07/2026 02:07,"26,7",40,"12,0","2,10","10,12",1
06/07/2026 02:22,"26,7",40,"12,0","2,10","10,12",1
06/07/2026 02:37,"26,7",40,"12,0","2,10","10,12",1
06/07/2026 02:52,"26,7",40,"12,0","2,10","10,12",1
06/07/2026 03:07,"26,5",40,"11,8","2,08","10,01",1
06/07/2026 03:22,"26,5",40,"11,8","2,08","10,01",1
06/07/2026 03:37,"26,7",41,"12,4","2,07","10,38",1
06/07/2026 03:52,"26,7",41,"12,4","2,07","10,38",1
06/07/2026 04:07,"26,7",41,"12,4","2,07","10,38",1
06/07/2026 04:22,"26,5",41,"12,2","2,04","10,26",1
06/07/2026 04:37,"26,5",41,"12,2","2,04","10,26",1
06/07/2026 04:52,"26,5",41,"12,2","2,04","10,26",1
06/07/2026 05:07,"26,3",41,"12,0","2,02","10,15",1
06/07/2026 05:22,"26,3",41,"12,0","2,02","10,15",1
06/07/2026 05:37,"26,4",43,"12,8","1,96","10,70",1
06/07/2026 05:52,"26,4",43,"12,8","1,96","10,70",1
06/07/2026 06:07,"26,4",43,"12,8","1,96","10,70",1
06/07/2026 06:22,"26,4",43,"12,8","1,96","10,70",10
06/07/2026 06:37,"26,4",43,"12,8","1,96","10,70",9
06/07/2026 06:52,"26,4",43,"12,8","1,96","10,70",11
06/07/2026 07:07,"26,6",43,"13,0","1,98","10,82",11
06/07/2026 07:22,"26,6",43,"13,0","1,98","10,82",11
06/07/2026 07:37,"26,6",43,"13,0","1,98","10,82",11
06/07/2026 07:52,"26,8",43,"13,2","2,01","10,94",7
06/07/2026 08:07,"26,8",43,"13,2","2,01","10,94",7
06/07/2026 08:22,"26,8",43,"13,2","2,01","10,94",6
06/07/2026 08:37,"26,8",43,"13,2","2,01","10,94",4
06/07/2026 08:52,"26,8",43,"13,2","2,01","10,94",5
06/07/2026 09:07,"26,8",43,"13,2","2,01","10,94",5
06/07/2026 09:22,"26,9",45,"14,0","1,95","11,52",5
06/07/2026 09:37,"26,9",45,"14,0","1,95","11,52",5
06/07/2026 09:52,"26,9",45,"14,0","1,95","11,52",5
06/07/2026 10:07,"26,9",45,"14,0","1,95","11,52",5
06/07/2026 10:22,"26,9",45,"14,0","1,95","11,52",5
06/07/2026 10:37,"26,9",45,"14,0","1,95","11,52",5
06/07/2026 10:52,"26,9",45,"14,0","1,95","11,52",5
06/07/2026 11:07,"26,9",45,"14,0","1,95","11,52",5
06/07/2026 11:22,"26,9",45,"14,0","1,95","11,52",5
06/07/2026 11:37,"26,9",45,"14,0","1,95","11,52",5
06/07/2026 11:52,"26,9",45,"14,0","1,95","11,52",5
06/07/2026 12:07,"26,9",45,"14,0","1,95","11,52",5
06/07/2026 12:22,"26,9",45,"14,0","1,95","11,52",5
06/07/2026 12:37,"26,9",45,"14,0","1,95","11,52",5
06/07/2026 12:52,"26,9",45,"14,0","1,95","11,52",5
06/07/2026 13:07,"26,9",45,"14,0","1,95","11,52",5
06/07/2026 13:22,"26,9",45,"14,0","1,95","11,52",5
06/07/2026 13:37,"26,9",43,"13,3","2,02","11,01",5
06/07/2026 13:52,"26,9",43,"13,3","2,02","11,01",5
06/07/2026 14:07,"26,9",43,"13,3","2,02","11,01",5
06/07/2026 14:22,"26,9",43,"13,3","2,02","11,01",5
06/07/2026 14:37,"26,9",43,"13,3","2,02","11,01",5
06/07/2026 14:52,"26,9",43,"13,3","2,02","11,01",5
06/07/2026 15:07,"26,9",43,"13,3","2,02","11,01",5
06/07/2026 15:22,"26,9",43,"13,3","2,02","11,01",5
06/07/2026 15:37,"26,9",43,"13,3","2,02","11,01",5
06/07/2026 15:52,"26,9",43,"13,3","2,02","11,01",6
06/07/2026 16:07,"26,9",43,"13,3","2,02","11,01",6
06/07/2026 16:22,"26,9",43,"13,3","2,02","11,01",7
06/07/2026 16:37,"27,1",43,"13,4","2,04","11,13",6
06/07/2026 16:52,"27,1",43,"13,4","2,04","11,13",6
06/07/2026 17:07,"27,1",43,"13,4","2,04","11,13",10
06/07/2026 17:22,"27,1",43,"13,4","2,04","11,13",4
06/07/2026 17:37,"27,0",41,"12,6","2,10","10,55",3
06/07/2026 17:52,"27,0",41,"12,6","2,10","10,55",4
06/07/2026 18:07,"27,0",41,"12,6","2,10","10,55",4
06/07/2026 18:22,"27,0",41,"12,6","2,10","10,55",4
06/07/2026 18:37,"27,0",41,"12,6","2,10","10,55",4
06/07/2026 18:52,"27,0",41,"12,6","2,10","10,55",4
06/07/2026 19:07,"27,0",39,"11,9","2,17","10,04",4
06/07/2026 19:22,"27,0",39,"11,9","2,17","10,04",4
06/07/2026 19:37,"27,0",39,"11,9","2,17","10,04",4
06/07/2026 19:52,"27,0",39,"11,9","2,17","10,04",3
06/07/2026 20:07,"27,2",39,"12,0","2,20","10,15",3
06/07/2026 20:22,"27,2",39,"12,0","2,20","10,15",2
06/07/2026 20:37,"27,2",39,"12,0","2,20","10,15",2
06/07/2026 20:52,"27,2",39,"12,0","2,20","10,15",2
06/07/2026 21:07,"27,2",39,"12,0","2,20","10,15",2
06/07/2026 21:22,"27,2",39,"12,0","2,20","10,15",1
06/07/2026 21:37,"27,2",39,"12,0","2,20","10,15",1
06/07/2026 21:52,"27,2",39,"12,0","2,20","10,15",1
06/07/2026 22:07,"27,2",39,"12,0","2,20","10,15",1
06/07/2026 22:22,"27,2",39,"12,0","2,20","10,15",1
06/07/2026 22:37,"27,2",39,"12,0","2,20","10,15",1
06/07/2026 22:52,"27,2",39,"12,0","2,20","10,15",1
06/07/2026 23:07,"27,2",39,"12,0","2,20","10,15",1
06/07/2026 23:22,"27,2",39,"12,0","2,20","10,15",1
06/07/2026 23:37,"27,2",39,"12,0","2,20","10,15",1
06/07/2026 23:52,"27,2",39,"12,0","2,20","10,15",1
07/07/2026 00:07,"27,2",39,"12,0","2,20","10,15",1
07/07/2026 00:22,"27,2",39,"12,0","2,20","10,15",1
07/07/2026 00:37,"27,2",39,"12,0","2,20","10,15",1
07/07/2026 00:52,"27,2",39,"12,0","2,20","10,15",1
07/07/2026 01:07,"27,2",39,"12,0","2,20","10,15",1
07/07/2026 01:22,"27,0",39,"11,9","2,17","10,04",1
07/07/2026 01:37,"27,0",39,"11,9","2,17","10,04",1
07/07/2026 01:52,"27,0",39,"11,9","2,17","10,04",1
07/07/2026 02:07,"27,0",39,"11,9","2,17","10,04",1
07/07/2026 02:22,"26,8",38,"11,3","2,18","9,67",1
07/07/2026 02:37,"26,8",38,"11,3","2,18","9,67",1
07/07/2026 02:52,"26,8",38,"11,3","2,18","9,67",1
07/07/2026 03:07,"26,9",40,"12,2","2,13","10,24",1
07/07/2026 03:22,"26,9",40,"12,2","2,13","10,24",1
07/07/2026 03:37,"26,9",40,"12,2","2,13","10,24",1
07/07/2026 03:52,"26,9",40,"12,2","2,13","10,24",1
07/07/2026 04:07,"26,7",40,"12,0","2,10","10,12",1
07/07/2026 04:22,"26,7",40,"12,0","2,10","10,12",1
07/07/2026 04:37,"26,7",40,"12,0","2,10","10,12",1
07/07/2026 04:52,"26,7",40,"12,0","2,10","10,12",1
07/07/2026 05:07,"26,5",39,"11,4","2,11","9,76",1
07/07/2026 05:22,"26,5",39,"11,4","2,11","9,76",1
07/07/2026 05:37,"26,5",39,"11,4","2,11","9,76",1
07/07/2026 05:52,"26,5",39,"11,4","2,11","9,76",1
07/07/2026 06:07,"26,5",39,"11,4","2,11","9,76",1
07/07/2026 06:22,"26,5",39,"11,4","2,11","9,76",6
07/07/2026 06:37,"26,5",39,"11,4","2,11","9,76",12
07/07/2026 06:52,"26,5",39,"11,4","2,11","9,76",12
07/07/2026 07:07,"26,5",39,"11,4","2,11","9,76",12
07/07/2026 07:22,"26,5",39,"11,4","2,11","9,76",12
07/07/2026 07:37,"26,5",39,"11,4","2,11","9,76",11
07/07/2026 07:52,"26,5",39,"11,4","2,11","9,76",9
07/07/2026 08:07,"26,5",39,"11,4","2,11","9,76",8
07/07/2026 08:22,"26,5",39,"11,4","2,11","9,76",6
07/07/2026 08:37,"26,5",39,"11,4","2,11","9,76",5
07/07/2026 08:52,"26,5",39,"11,4","2,11","9,76",5
07/07/2026 09:07,"26,5",39,"11,4","2,11","9,76",5
07/07/2026 09:22,"26,5",39,"11,4","2,11","9,76",5
07/07/2026 09:37,"26,5",39,"11,4","2,11","9,76",5
07/07/2026 09:52,"26,5",39,"11,4","2,11","9,76",5
07/07/2026 10:07,"26,7",40,"12,0","2,10","10,12",5
07/07/2026 10:22,"26,7",42,"12,7","2,03","10,63",4
07/07/2026 10:37,"26,9",42,"12,9","2,06","10,75",4
07/07/2026 10:52,"26,9",42,"12,9","2,06","10,75",4
07/07/2026 11:07,"26,9",42,"12,9","2,06","10,75",4
07/07/2026 11:22,"26,9",42,"12,9","2,06","10,75",4
07/07/2026 11:37,"26,9",42,"12,9","2,06","10,75",4
07/07/2026 11:52,"26,9",42,"12,9","2,06","10,75",4
07/07/2026 12:07,"26,9",42,"12,9","2,06","10,75",5
07/07/2026 12:22,"26,9",42,"12,9","2,06","10,75",5
07/07/2026 12:37,"26,9",42,"12,9","2,06","10,75",5
07/07/2026 12:52,"26,9",42,"12,9","2,06","10,75",5
07/07/2026 13:07,"26,9",42,"12,9","2,06","10,75",5
07/07/2026 13:22,"26,9",42,"12,9","2,06","10,75",5
07/07/2026 13:37,"26,9",42,"12,9","2,06","10,75",6
07/07/2026 13:52,"26,9",42,"12,9","2,06","10,75",7
07/07/2026 14:07,"26,9",42,"12,9","2,06","10,75",7
07/07/2026 14:22,"26,9",42,"12,9","2,06","10,75",6
07/07/2026 14:37,"26,9",42,"12,9","2,06","10,75",6
07/07/2026 14:52,"26,9",42,"12,9","2,06","10,75",6
07/07/2026 15:07,"26,9",42,"12,9","2,06","10,75",7
07/07/2026 15:22,"26,9",42,"12,9","2,06","10,75",9
07/07/2026 15:37,"26,9",42,"12,9","2,06","10,75",9
07/07/2026 15:52,"26,9",42,"12,9","2,06","10,75",8
07/07/2026 16:07,"26,9",42,"12,9","2,06","10,75",8
07/07/2026 16:22,"26,9",42,"12,9","2,06","10,75",6
07/07/2026 16:37,"26,9",42,"12,9","2,06","10,75",6
07/07/2026 16:52,"26,9",42,"12,9","2,06","10,75",6
07/07/2026 17:07,"26,9",42,"12,9","2,06","10,75",11
07/07/2026 17:22,"27,1",41,"12,7","2,12","10,61",7
07/07/2026 17:37,"27,1",41,"12,7","2,12","10,61",11
07/07/2026 17:52,"27,1",41,"12,7","2,12","10,61",11
07/07/2026 18:07,"27,1",41,"12,7","2,12","10,61",11
07/07/2026 18:22,"27,1",41,"12,7","2,12","10,61",11
07/07/2026 18:37,"27,1",41,"12,7","2,12","10,61",11
07/07/2026 18:52,"27,1",41,"12,7","2,12","10,61",11
07/07/2026 19:07,"27,1",41,"12,7","2,12","10,61",12
07/07/2026 19:22,"27,1",41,"12,7","2,12","10,61",12
07/07/2026 19:37,"27,1",41,"12,7","2,12","10,61",11
07/07/2026 19:52,"27,1",41,"12,7","2,12","10,61",6
07/07/2026 20:07,"27,1",41,"12,7","2,12","10,61",10
07/07/2026 20:22,"27,1",41,"12,7","2,12","10,61",9
07/07/2026 20:37,"27,1",41,"12,7","2,12","10,61",8
07/07/2026 20:52,"27,1",41,"12,7","2,12","10,61",15
07/07/2026 21:07,"27,1",41,"12,7","2,12","10,61",11
07/07/2026 21:22,"27,2",39,"12,0","2,20","10,15",2
07/07/2026 21:37,"27,2",39,"12,0","2,20","10,15",1
07/07/2026 21:52,"27,2",39,"12,0","2,20","10,15",1
07/07/2026 22:07,"27,2",39,"12,0","2,20","10,15",1
07/07/2026 22:22,"27,2",39,"12,0","2,20","10,15",1
07/07/2026 22:37,"27,2",39,"12,0","2,20","10,15",1
07/07/2026 22:52,"27,2",39,"12,0","2,20","10,15",1
07/07/2026 23:07,"27,2",39,"12,0","2,20","10,15",9
07/07/2026 23:22,"27,2",39,"12,0","2,20","10,15",1
07/07/2026 23:37,"27,2",39,"12,0","2,20","10,15",1
07/07/2026 23:52,"27,2",39,"12,0","2,20","10,15",1
08/07/2026 00:07,"27,2",39,"12,0","2,20","10,15",1
08/07/2026 00:22,"27,2",39,"12,0","2,20","10,15",1
08/07/2026 00:37,"27,2",39,"12,0","2,20","10,15",1
08/07/2026 00:52,"27,2",39,"12,0","2,20","10,15",1
08/07/2026 01:07,"27,2",39,"12,0","2,20","10,15",1
08/07/2026 01:22,"27,2",39,"12,0","2,20","10,15",1
08/07/2026 01:37,"27,2",39,"12,0","2,20","10,15",1
08/07/2026 01:52,"27,2",39,"12,0","2,20","10,15",1
08/07/2026 02:07,"27,2",39,"12,0","2,20","10,15",1
08/07/2026 02:22,"27,2",39,"12,0","2,20","10,15",1
08/07/2026 02:37,"27,0",40,"12,2","2,14","10,29",1
08/07/2026 02:52,"27,0",40,"12,2","2,14","10,29",1
08/07/2026 03:07,"27,0",40,"12,2","2,14","10,29",1
08/07/2026 03:22,"27,1",42,"13,1","2,08","10,87",1
08/07/2026 03:37,"27,1",42,"13,1","2,08","10,87",1
08/07/2026 03:52,"27,1",42,"13,1","2,08","10,87",1
08/07/2026 04:07,"27,1",42,"13,1","2,08","10,87",1
08/07/2026 04:22,"27,1",42,"13,1","2,08","10,87",1
08/07/2026 04:37,"26,9",42,"12,9","2,06","10,75",1
08/07/2026 04:52,"26,8",40,"12,1","2,11","10,18",1
08/07/2026 05:07,"26,8",40,"12,1","2,11","10,18",1
08/07/2026 05:22,"26,8",40,"12,1","2,11","10,18",1
08/07/2026 05:37,"26,8",40,"12,1","2,11","10,18",1
08/07/2026 05:52,"26,8",40,"12,1","2,11","10,18",1
08/07/2026 06:07,"26,8",40,"12,1","2,11","10,18",1
08/07/2026 06:22,"26,7",42,"12,7","2,03","10,63",1
08/07/2026 06:37,"26,7",42,"12,7","2,03","10,63",12
08/07/2026 06:52,"26,7",42,"12,7","2,03","10,63",12
08/07/2026 07:07,"26,7",42,"12,7","2,03","10,63",12
08/07/2026 07:22,"26,7",42,"12,7","2,03","10,63",12
08/07/2026 07:37,"26,7",42,"12,7","2,03","10,63",11
08/07/2026 07:52,"26,7",42,"12,7","2,03","10,63",8
08/07/2026 08:07,"26,6",40,"11,9","2,09","10,07",7
08/07/2026 08:22,"26,6",40,"11,9","2,09","10,07",7
08/07/2026 08:37,"26,6",40,"11,9","2,09","10,07",5
08/07/2026 08:52,"26,6",40,"11,9","2,09","10,07",5
08/07/2026 09:07,"26,6",40,"11,9","2,09","10,07",5
08/07/2026 09:22,"26,6",40,"11,9","2,09","10,07",5
08/07/2026 09:37,"26,6",40,"11,9","2,09","10,07",4
08/07/2026 09:52,"26,6",40,"11,9","2,09","10,07",4
08/07/2026 10:07,"26,8",41,"12,4","2,08","10,44",4
08/07/2026 10:22,"26,8",41,"12,4","2,08","10,44",4
08/07/2026 10:37,"26,8",41,"12,4","2,08","10,44",4
08/07/2026 10:52,"27,0",42,"13,0","2,07","10,81",5
08/07/2026 11:07,"27,0",42,"13,0","2,07","10,81",5
08/07/2026 11:22,"27,0",42,"13,0","2,07","10,81",5
08/07/2026 11:37,"27,0",42,"13,0","2,07","10,81",5
08/07/2026 11:52,"27,0",42,"13,0","2,07","10,81",5
08/07/2026 12:07,"27,0",42,"13,0","2,07","10,81",5
08/07/2026 12:22,"27,0",42,"13,0","2,07","10,81",4
08/07/2026 12:37,"27,0",42,"13,0","2,07","10,81",4
08/07/2026 12:52,"27,0",42,"13,0","2,07","10,81",4
08/07/2026 13:07,"27,0",42,"13,0","2,07","10,81",4
08/07/2026 13:22,"27,0",42,"13,0","2,07","10,81",4
08/07/2026 13:37,"27,0",40,"12,2","2,14","10,29",4
08/07/2026 13:52,"27,0",40,"12,2","2,14","10,29",4
08/07/2026 14:07,"27,0",40,"12,2","2,14","10,29",4
08/07/2026 14:22,"27,0",40,"12,2","2,14","10,29",4
08/07/2026 14:37,"27,0",40,"12,2","2,14","10,29",4
08/07/2026 14:52,"27,0",40,"12,2","2,14","10,29",5
08/07/2026 15:07,"27,0",40,"12,2","2,14","10,29",5
08/07/2026 15:22,"27,2",40,"12,4","2,16","10,41",5
08/07/2026 15:37,"27,2",40,"12,4","2,16","10,41",5
08/07/2026 15:52,"27,2",40,"12,4","2,16","10,41",5
08/07/2026 16:07,"27,2",40,"12,4","2,16","10,41",5
08/07/2026 16:22,"27,2",40,"12,4","2,16","10,41",6
08/07/2026 16:37,"27,2",40,"12,4","2,16","10,41",9
08/07/2026 16:52,"27,2",40,"12,4","2,16","10,41",10
08/07/2026 17:07,"27,4",40,"12,6","2,19","10,52",11
08/07/2026 17:22,"27,4",40,"12,6","2,19","10,52",11
08/07/2026 17:37,"27,4",38,"11,8","2,26","10,00",11
08/07/2026 17:52,"27,4",38,"11,8","2,26","10,00",10
08/07/2026 18:07,"27,4",36,"11,0","2,34","9,47",10
08/07/2026 18:22,"27,4",36,"11,0","2,34","9,47",10
08/07/2026 18:37,"27,4",36,"11,0","2,34","9,47",10
08/07/2026 18:52,"27,6",36,"11,2","2,36","9,58",10
08/07/2026 19:07,"27,6",36,"11,2","2,36","9,58",10
08/07/2026 19:22,"27,6",36,"11,2","2,36","9,58",10
08/07/2026 19:37,"27,8",36,"11,4","2,39","9,68",9
08/07/2026 19:52,"27,8",36,"11,4","2,39","9,68",8
08/07/2026 20:07,"27,9",38,"12,3","2,33","10,28",7
08/07/2026 20:22,"27,9",38,"12,3","2,33","10,28",7
08/07/2026 20:37,"27,9",38,"12,3","2,33","10,28",5
08/07/2026 20:52,"27,9",38,"12,3","2,33","10,28",4
08/07/2026 21:07,"27,9",38,"12,3","2,33","10,28",1
08/07/2026 21:22,"27,9",38,"12,3","2,33","10,28",1
08/07/2026 21:37,"27,9",40,"13,0","2,25","10,82",1
08/07/2026 21:52,"27,9",40,"13,0","2,25","10,82",1
08/07/2026 22:07,"27,9",40,"13,0","2,25","10,82",1
08/07/2026 22:22,"27,9",40,"13,0","2,25","10,82",1
08/07/2026 22:37,"27,9",40,"13,0","2,25","10,82",1
08/07/2026 22:52,"27,9",40,"13,0","2,25","10,82",1
08/07/2026 23:07,"27,7",40,"12,9","2,23","10,70",1
08/07/2026 23:22,"27,7",40,"12,9","2,23","10,70",1
08/07/2026 23:37,"27,7",40,"12,9","2,23","10,70",1
08/07/2026 23:52,"27,7",40,"12,9","2,23","10,70",1
09/07/2026 00:07,"27,7",40,"12,9","2,23","10,70",1
09/07/2026 00:22,"27,5",41,"13,1","2,17","10,85",1
09/07/2026 00:37,"27,5",41,"13,1","2,17","10,85",1
09/07/2026 00:52,"27,5",41,"13,1","2,17","10,85",1
09/07/2026 01:07,"27,5",41,"13,1","2,17","10,85",1
09/07/2026 01:22,"27,3",41,"12,9","2,14","10,73",1
09/07/2026 01:37,"27,3",41,"12,9","2,14","10,73",1
09/07/2026 01:52,"27,3",41,"12,9","2,14","10,73",1
09/07/2026 02:07,"27,3",41,"12,9","2,14","10,73",1
09/07/2026 02:22,"27,3",41,"12,9","2,14","10,73",1
09/07/2026 02:37,"27,1",42,"13,1","2,08","10,87",1
09/07/2026 02:52,"27,1",42,"13,1","2,08","10,87",1
09/07/2026 03:07,"27,1",42,"13,1","2,08","10,87",1
09/07/2026 03:22,"26,9",42,"12,9","2,06","10,75",1
09/07/2026 03:37,"26,9",42,"12,9","2,06","10,75",1
09/07/2026 03:52,"26,7",42,"12,7","2,03","10,63",1
09/07/2026 04:07,"26,7",42,"12,7","2,03","10,63",1
09/07/2026 04:22,"26,7",42,"12,7","2,03","10,63",1
09/07/2026 04:37,"26,7",42,"12,7","2,03","10,63",1
09/07/2026 04:52,"26,7",42,"12,7","2,03","10,63",1
09/07/2026 05:07,"26,7",42,"12,7","2,03","10,63",1
09/07/2026 05:22,"26,7",42,"12,7","2,03","10,63",1
09/07/2026 05:37,"26,7",42,"12,7","2,03","10,63",1
09/07/2026 05:52,"26,7",42,"12,7","2,03","10,63",1
09/07/2026 06:07,"26,7",42,"12,7","2,03","10,63",1
09/07/2026 06:22,"26,7",42,"12,7","2,03","10,63",1
09/07/2026 06:37,"26,7",42,"12,7","2,03","10,63",12
09/07/2026 06:52,"26,7",42,"12,7","2,03","10,63",12
09/07/2026 07:07,"26,7",42,"12,7","2,03","10,63",12
09/07/2026 07:22,"26,7",42,"12,7","2,03","10,63",12
09/07/2026 07:37,"26,7",42,"12,7","2,03","10,63",12
09/07/2026 07:52,"26,9",43,"13,3","2,02","11,01",12
09/07/2026 08:07,"26,9",43,"13,3","2,02","11,01",12
09/07/2026 08:22,"26,9",43,"13,3","2,02","11,01",12
09/07/2026 08:37,"26,9",43,"13,3","2,02","11,01",11
09/07/2026 08:52,"26,9",43,"13,3","2,02","11,01",10
09/07/2026 09:07,"26,9",43,"13,3","2,02","11,01",10
09/07/2026 09:22,"26,9",43,"13,3","2,02","11,01",10
09/07/2026 09:37,"26,9",43,"13,3","2,02","11,01",10
09/07/2026 09:52,"27,1",43,"13,4","2,04","11,13",10
09/07/2026 10:07,"27,1",43,"13,4","2,04","11,13",10
09/07/2026 10:22,"27,1",43,"13,4","2,04","11,13",11
09/07/2026 10:37,"27,1",43,"13,4","2,04","11,13",11
09/07/2026 10:52,"27,3",44,"14,0","2,03","11,51",11
09/07/2026 11:07,"27,3",44,"14,0","2,03","11,51",11
09/07/2026 11:22,"27,3",44,"14,0","2,03","11,51",11
09/07/2026 11:37,"27,3",44,"14,0","2,03","11,51",11
09/07/2026 11:52,"27,3",44,"14,0","2,03","11,51",11
09/07/2026 12:07,"27,3",44,"14,0","2,03","11,51",11
09/07/2026 12:22,"27,3",44,"14,0","2,03","11,51",11
09/07/2026 12:37,"27,3",44,"14,0","2,03","11,51",11
09/07/2026 12:52,"27,3",44,"14,0","2,03","11,51",11
09/07/2026 13:07,"27,3",44,"14,0","2,03","11,51",11
09/07/2026 13:22,"27,3",44,"14,0","2,03","11,51",11
09/07/2026 13:37,"27,5",45,"14,5","2,02","11,91",11
09/07/2026 13:52,"27,5",45,"14,5","2,02","11,91",11
09/07/2026 14:07,"27,5",45,"14,5","2,02","11,91",11
09/07/2026 14:22,"27,5",45,"14,5","2,02","11,91",11
09/07/2026 14:37,"27,5",45,"14,5","2,02","11,91",11
09/07/2026 14:52,"27,5",45,"14,5","2,02","11,91",11
09/07/2026 15:07,"27,5",43,"13,8","2,09","11,38",11
09/07/2026 15:22,"27,5",43,"13,8","2,09","11,38",11
09/07/2026 15:37,"27,5",43,"13,8","2,09","11,38",11
09/07/2026 15:52,"27,5",43,"13,8","2,09","11,38",11
09/07/2026 16:07,"27,5",43,"13,8","2,09","11,38",11
09/07/2026 16:22,"27,4",41,"13,0","2,15","10,79",11
09/07/2026 16:37,"27,4",41,"13,0","2,15","10,79",10
09/07/2026 16:52,"27,4",41,"13,0","2,15","10,79",10
09/07/2026 17:07,"27,4",39,"12,2","2,23","10,26",10
09/07/2026 17:22,"27,4",39,"12,2","2,23","10,26",10
09/07/2026 17:37,"27,4",39,"12,2","2,23","10,26",9
09/07/2026 17:52,"27,4",39,"12,2","2,23","10,26",9
09/07/2026 18:07,"27,4",39,"12,2","2,23","10,26",9
09/07/2026 18:22,"27,4",39,"12,2","2,23","10,26",9
09/07/2026 18:37,"27,4",39,"12,2","2,23","10,26",9
09/07/2026 18:52,"27,4",39,"12,2","2,23","10,26",9
09/07/2026 19:07,"27,6",39,"12,4","2,25","10,37",8
09/07/2026 19:22,"27,6",39,"12,4","2,25","10,37",8
09/07/2026 19:37,"27,6",39,"12,4","2,25","10,37",7
09/07/2026 19:52,"27,6",39,"12,4","2,25","10,37",6
09/07/2026 20:07,"27,6",39,"12,4","2,25","10,37",5
09/07/2026 20:22,"27,6",39,"12,4","2,25","10,37",5
09/07/2026 20:37,"27,6",39,"12,4","2,25","10,37",4
09/07/2026 20:52,"27,6",41,"13,2","2,18","10,91",3
09/07/2026 21:07,"27,7",43,"14,0","2,12","11,50",8
09/07/2026 21:22,"27,7",43,"14,0","2,12","11,50",1
09/07/2026 21:37,"27,7",43,"14,0","2,12","11,50",1
09/07/2026 21:52,"27,7",43,"14,0","2,12","11,50",1
09/07/2026 22:07,"27,7",43,"14,0","2,12","11,50",1
09/07/2026 22:22,"27,6",39,"12,4","2,25","10,37",1
09/07/2026 22:37,"27,6",39,"12,4","2,25","10,37",1
09/07/2026 22:52,"27,4",38,"11,8","2,26","10,00",1
09/07/2026 23:07,"27,4",36,"11,0","2,34","9,47",1
09/07/2026 23:22,"27,4",36,"11,0","2,34","9,47",1
09/07/2026 23:37,"27,4",36,"11,0","2,34","9,47",1
09/07/2026 23:52,"27,4",36,"11,0","2,34","9,47",1
10/07/2026 00:07,"27,4",36,"11,0","2,34","9,47",1
10/07/2026 00:22,"27,4",36,"11,0","2,34","9,47",1
10/07/2026 00:37,"27,4",36,"11,0","2,34","9,47",1
10/07/2026 00:52,"27,4",36,"11,0","2,34","9,47",1
10/07/2026 01:07,"27,3",38,"11,7","2,25","9,94",1
10/07/2026 01:22,"27,3",38,"11,7","2,25","9,94",1
10/07/2026 01:37,"27,3",38,"11,7","2,25","9,94",1
10/07/2026 01:52,"27,3",38,"11,7","2,25","9,94",1
10/07/2026 02:07,"27,1",39,"11,9","2,19","10,09",1
10/07/2026 02:22,"27,1",39,"11,9","2,19","10,09",1
10/07/2026 02:37,"27,1",39,"11,9","2,19","10,09",1
10/07/2026 02:52,"27,1",39,"11,9","2,19","10,09",1
10/07/2026 03:07,"27,1",39,"11,9","2,19","10,09",1
10/07/2026 03:22,"27,0",41,"12,6","2,10","10,55",1
10/07/2026 03:37,"27,0",41,"12,6","2,10","10,55",1
10/07/2026 03:52,"26,8",41,"12,4","2,08","10,44",1
10/07/2026 04:07,"26,8",41,"12,4","2,08","10,44",1
10/07/2026 04:22,"26,8",41,"12,4","2,08","10,44",1
10/07/2026 04:37,"26,8",41,"12,4","2,08","10,44",1
10/07/2026 04:52,"26,8",41,"12,4","2,08","10,44",1
10/07/2026 05:07,"26,8",41,"12,4","2,08","10,44",1
10/07/2026 05:22,"26,6",42,"12,6","2,02","10,57",1
10/07/2026 05:37,"26,6",42,"12,6","2,02","10,57",1
10/07/2026 05:52,"26,6",42,"12,6","2,02","10,57",1
10/07/2026 06:07,"26,6",42,"12,6","2,02","10,57",1
10/07/2026 06:22,"26,6",42,"12,6","2,02","10,57",1
10/07/2026 06:37,"26,8",43,"13,2","2,01","10,94",12
10/07/2026 06:52,"26,8",43,"13,2","2,01","10,94",12
10/07/2026 07:07,"26,8",43,"13,2","2,01","10,94",12
10/07/2026 07:22,"26,6",43,"13,0","1,98","10,82",12
10/07/2026 07:37,"26,8",43,"13,2","2,01","10,94",12
10/07/2026 07:52,"26,8",43,"13,2","2,01","10,94",12
10/07/2026 08:07,"26,8",43,"13,2","2,01","10,94",12
10/07/2026 08:22,"26,8",43,"13,2","2,01","10,94",11
10/07/2026 08:37,"26,8",43,"13,2","2,01","10,94",10
10/07/2026 08:52,"26,8",43,"13,2","2,01","10,94",10
10/07/2026 09:07,"26,8",43,"13,2","2,01","10,94",10
10/07/2026 09:22,"26,8",43,"13,2","2,01","10,94",10
10/07/2026 09:37,"27,0",44,"13,7","2,00","11,32",10
10/07/2026 09:52,"27,0",44,"13,7","2,00","11,32",10
10/07/2026 10:07,"27,0",44,"13,7","2,00","11,32",10
10/07/2026 10:22,"27,2",44,"13,9","2,02","11,45",10
10/07/2026 10:37,"27,2",44,"13,9","2,02","11,45",10
10/07/2026 10:52,"27,2",44,"13,9","2,02","11,45",10
10/07/2026 11:07,"27,2",44,"13,9","2,02","11,45",10
10/07/2026 11:22,"27,2",44,"13,9","2,02","11,45",10
10/07/2026 11:37,"27,2",44,"13,9","2,02","11,45",10
10/07/2026 11:52,"27,2",44,"13,9","2,02","11,45",10
10/07/2026 12:07,"27,2",44,"13,9","2,02","11,45",10
10/07/2026 12:22,"27,2",44,"13,9","2,02","11,45",10
10/07/2026 12:37,"27,4",45,"14,4","2,01","11,84",11
10/07/2026 12:52,"27,4",45,"14,4","2,01","11,84",10
10/07/2026 13:07,"27,4",45,"14,4","2,01","11,84",10
10/07/2026 13:22,"27,4",47,"15,1","1,93","12,37",10
10/07/2026 13:37,"27,4",47,"15,1","1,93","12,37",10
10/07/2026 13:52,"27,4",47,"15,1","1,93","12,37",10
10/07/2026 14:07,"27,4",47,"15,1","1,93","12,37",10
10/07/2026 14:22,"27,4",47,"15,1","1,93","12,37",10
10/07/2026 14:37,"27,4",47,"15,1","1,93","12,37",10
10/07/2026 14:52,"27,4",47,"15,1","1,93","12,37",11
10/07/2026 15:07,"27,4",47,"15,1","1,93","12,37",11
10/07/2026 15:22,"27,6",46,"14,9","1,99","12,24",11
10/07/2026 15:37,"27,6",46,"14,9","1,99","12,24",11
10/07/2026 15:52,"27,6",46,"14,9","1,99","12,24",11
10/07/2026 16:07,"27,6",46,"14,9","1,99","12,24",11
10/07/2026 16:22,"27,6",46,"14,9","1,99","12,24",11
10/07/2026 16:37,"27,8",45,"14,8","2,05","12,10",9
10/07/2026 16:52,"27,8",45,"14,8","2,05","12,10",9
10/07/2026 17:07,"27,8",45,"14,8","2,05","12,10",9
10/07/2026 17:22,"27,8",45,"14,8","2,05","12,10",9
10/07/2026 17:37,"27,8",45,"14,8","2,05","12,10",9
10/07/2026 17:52,"27,8",45,"14,8","2,05","12,10",9
10/07/2026 18:07,"28,0",44,"14,6","2,12","11,97",4
10/07/2026 18:22,"28,0",44,"14,6","2,12","11,97",4
10/07/2026 18:37,"28,0",44,"14,6","2,12","11,97",3
10/07/2026 18:52,"28,0",44,"14,6","2,12","11,97",2
10/07/2026 19:07,"27,9",42,"13,8","2,18","11,36",2
10/07/2026 19:22,"27,9",42,"13,8","2,18","11,36",2
10/07/2026 19:37,"27,9",42,"13,8","2,18","11,36",4
10/07/2026 19:52,"27,9",42,"13,8","2,18","11,36",4
10/07/2026 20:07,"27,9",42,"13,8","2,18","11,36",3
10/07/2026 20:22,"27,9",40,"13,0","2,25","10,82",2
10/07/2026 20:37,"27,9",40,"13,0","2,25","10,82",2
10/07/2026 20:52,"27,9",40,"13,0","2,25","10,82",1
10/07/2026 21:07,"27,9",40,"13,0","2,25","10,82",1
10/07/2026 21:22,"27,9",40,"13,0","2,25","10,82",1
10/07/2026 21:37,"27,8",42,"13,7","2,17","11,30",1
10/07/2026 21:52,"27,8",42,"13,7","2,17","11,30",1
10/07/2026 22:07,"27,9",44,"14,5","2,10","11,90",1
10/07/2026 22:22,"27,9",44,"14,5","2,10","11,90",1
10/07/2026 22:37,"27,9",44,"14,5","2,10","11,90",1
10/07/2026 22:52,"27,9",44,"14,5","2,10","11,90",1
10/07/2026 23:07,"27,9",44,"14,5","2,10","11,90",1
10/07/2026 23:22,"27,9",44,"14,5","2,10","11,90",1
10/07/2026 23:37,"27,9",44,"14,5","2,10","11,90",1
10/07/2026 23:52,"27,9",44,"14,5","2,10","11,90",1
11/07/2026 00:07,"27,9",44,"14,5","2,10","11,90",1
11/07/2026 00:22,"27,9",44,"14,5","2,10","11,90",1
11/07/2026 00:37,"27,9",44,"14,5","2,10","11,90",1
11/07/2026 00:52,"27,9",44,"14,5","2,10","11,90",1
11/07/2026 01:07,"27,9",44,"14,5","2,10","11,90",1
11/07/2026 01:22,"27,9",44,"14,5","2,10","11,90",1
11/07/2026 01:37,"27,9",44,"14,5","2,10","11,90",1
11/07/2026 01:52,"27,8",46,"15,1","2,02","12,37",1
11/07/2026 02:07,"27,8",46,"15,1","2,02","12,37",1
11/07/2026 02:22,"27,8",48,"15,8","1,94","12,91",1
11/07/2026 02:37,"27,8",48,"15,8","1,94","12,91",1
11/07/2026 02:52,"27,8",48,"15,8","1,94","12,91",1
11/07/2026 03:07,"27,8",48,"15,8","1,94","12,91",1
11/07/2026 03:22,"27,8",48,"15,8","1,94","12,91",1
11/07/2026 03:37,"27,8",48,"15,8","1,94","12,91",1
11/07/2026 03:52,"27,8",48,"15,8","1,94","12,91",1
11/07/2026 04:07,"27,6",49,"15,9","1,88","13,04",1
11/07/2026 04:22,"27,6",49,"15,9","1,88","13,04",1
11/07/2026 04:37,"27,6",49,"15,9","1,88","13,04",1
11/07/2026 04:52,"27,6",49,"15,9","1,88","13,04",1
11/07/2026 05:07,"27,6",49,"15,9","1,88","13,04",1
11/07/2026 05:22,"27,6",49,"15,9","1,88","13,04",1
11/07/2026 05:37,"27,6",49,"15,9","1,88","13,04",1
11/07/2026 05:52,"27,6",49,"15,9","1,88","13,04",1
11/07/2026 06:07,"27,6",49,"15,9","1,88","13,04",1
11/07/2026 06:22,"27,6",49,"15,9","1,88","13,04",1
11/07/2026 06:37,"27,5",51,"16,5","1,80","13,49",3
11/07/2026 06:52,"27,5",51,"16,5","1,80","13,49",4
11/07/2026 07:07,"27,5",51,"16,5","1,80","13,49",4
11/07/2026 07:22,"27,5",51,"16,5","1,80","13,49",4
11/07/2026 07:37,"27,5",51,"16,5","1,80","13,49",3
11/07/2026 07:52,"27,4",49,"15,7","1,86","12,89",4
11/07/2026 08:07,"27,4",49,"15,7","1,86","12,89",7
11/07/2026 08:22,"27,4",49,"15,7","1,86","12,89",7
11/07/2026 08:37,"27,4",49,"15,7","1,86","12,89",7
11/07/2026 08:52,"27,4",49,"15,7","1,86","12,89",5
11/07/2026 09:07,"27,4",49,"15,7","1,86","12,89",8
11/07/2026 09:22,"27,4",49,"15,7","1,86","12,89",9
11/07/2026 09:37,"27,4",49,"15,7","1,86","12,89",9
11/07/2026 09:52,"27,4",49,"15,7","1,86","12,89",9
11/07/2026 10:07,"27,4",49,"15,7","1,86","12,89",9
11/07/2026 10:22,"27,4",49,"15,7","1,86","12,89",8
11/07/2026 10:37,"27,6",48,"15,6","1,92","12,77",9
11/07/2026 10:52,"27,6",48,"15,6","1,92","12,77",8
11/07/2026 11:07,"27,6",48,"15,6","1,92","12,77",8
11/07/2026 11:22,"27,6",48,"15,6","1,92","12,77",9
11/07/2026 11:37,"27,6",48,"15,6","1,92","12,77",9
11/07/2026 11:52,"27,6",48,"15,6","1,92","12,77",10
11/07/2026 12:07,"27,6",48,"15,6","1,92","12,77",10
11/07/2026 12:22,"27,6",48,"15,6","1,92","12,77",10
11/07/2026 12:37,"27,6",48,"15,6","1,92","12,77",10
11/07/2026 12:52,"27,6",48,"15,6","1,92","12,77",10
11/07/2026 13:07,"27,6",48,"15,6","1,92","12,77",10
11/07/2026 13:22,"27,6",48,"15,6","1,92","12,77",10
11/07/2026 13:37,"27,7",46,"15,0","2,01","12,30",10
11/07/2026 13:52,"27,7",46,"15,0","2,01","12,30",10
11/07/2026 14:07,"27,7",46,"15,0","2,01","12,30",10
11/07/2026 14:22,"27,7",46,"15,0","2,01","12,30",10
11/07/2026 14:37,"27,8",48,"15,8","1,94","12,91",10
11/07/2026 14:52,"27,8",48,"15,8","1,94","12,91",11
11/07/2026 15:07,"27,8",46,"15,1","2,02","12,37",11
11/07/2026 15:22,"27,8",44,"14,4","2,09","11,83",11
11/07/2026 15:37,"27,8",44,"14,4","2,09","11,83",11
11/07/2026 15:52,"27,8",42,"13,7","2,17","11,30",11
11/07/2026 16:07,"27,8",42,"13,7","2,17","11,30",10
11/07/2026 16:22,"27,8",42,"13,7","2,17","11,30",11
11/07/2026 16:37,"27,8",42,"13,7","2,17","11,30",11
11/07/2026 16:52,"28,0",43,"14,3","2,15","11,69",11
11/07/2026 17:07,"28,0",43,"14,3","2,15","11,69",4
11/07/2026 17:22,"28,1",45,"15,0","2,09","12,30",3
11/07/2026 17:37,"28,1",45,"15,0","2,09","12,30",2
11/07/2026 17:52,"28,1",45,"15,0","2,09","12,30",2
11/07/2026 18:07,"28,1",45,"15,0","2,09","12,30",2
11/07/2026 18:22,"27,7",45,"14,7","2,04","12,04",2
11/07/2026 18:37,"27,5",45,"14,5","2,02","11,91",2
11/07/2026 18:52,"27,5",45,"14,5","2,02","11,91",2
11/07/2026 19:07,"27,7",46,"15,0","2,01","12,30",2
11/07/2026 19:22,"27,9",46,"15,2","2,03","12,44",2
11/07/2026 19:37,"27,9",46,"15,2","2,03","12,44",2
11/07/2026 19:52,"28,1",46,"15,4","2,05","12,58",2
11/07/2026 20:07,"28,1",46,"15,4","2,05","12,58",10
11/07/2026 20:22,"28,1",46,"15,4","2,05","12,58",4
11/07/2026 20:37,"28,1",46,"15,4","2,05","12,58",2
11/07/2026 20:52,"28,1",46,"15,4","2,05","12,58",1
11/07/2026 21:07,"28,1",46,"15,4","2,05","12,58",1
11/07/2026 21:22,"28,1",46,"15,4","2,05","12,58",1
11/07/2026 21:37,"28,1",46,"15,4","2,05","12,58",1
11/07/2026 21:52,"27,9",45,"14,9","2,07","12,17",1
11/07/2026 22:07,"27,9",45,"14,9","2,07","12,17",1
11/07/2026 22:22,"27,9",45,"14,9","2,07","12,17",1
11/07/2026 22:37,"27,9",45,"14,9","2,07","12,17",1
11/07/2026 22:52,"27,9",45,"14,9","2,07","12,17",1
11/07/2026 23:07,"27,9",45,"14,9","2,07","12,17",1
11/07/2026 23:22,"27,9",45,"14,9","2,07","12,17",1
11/07/2026 23:37,"27,9",45,"14,9","2,07","12,17",1
11/07/2026 23:52,"27,7",44,"14,3","2,08","11,77",1
12/07/2026 00:07,"27,7",44,"14,3","2,08","11,77",1
12/07/2026 00:22,"27,7",44,"14,3","2,08","11,77",1
12/07/2026 00:37,"27,7",44,"14,3","2,08","11,77",1
12/07/2026 00:52,"27,7",44,"14,3","2,08","11,77",1
12/07/2026 01:07,"27,5",44,"14,2","2,06","11,64",1
12/07/2026 01:22,"27,5",44,"14,2","2,06","11,64",1
12/07/2026 01:37,"27,5",44,"14,2","2,06","11,64",1
12/07/2026 01:52,"27,5",44,"14,2","2,06","11,64",1
12/07/2026 02:07,"27,5",44,"14,2","2,06","11,64",1
12/07/2026 02:22,"27,5",44,"14,2","2,06","11,64",1
12/07/2026 02:37,"27,5",44,"14,2","2,06","11,64",1
12/07/2026 02:52,"27,5",44,"14,2","2,06","11,64",1
12/07/2026 03:07,"27,5",44,"14,2","2,06","11,64",1
12/07/2026 03:22,"27,3",44,"14,0","2,03","11,51",1
12/07/2026 03:37,"27,3",44,"14,0","2,03","11,51",1
12/07/2026 03:52,"27,3",44,"14,0","2,03","11,51",1
12/07/2026 04:07,"27,3",44,"14,0","2,03","11,51",1
12/07/2026 04:22,"27,3",44,"14,0","2,03","11,51",1
12/07/2026 04:37,"27,3",44,"14,0","2,03","11,51",1
12/07/2026 04:52,"27,1",44,"13,8","2,01","11,39",1
12/07/2026 05:07,"27,1",44,"13,8","2,01","11,39",1
12/07/2026 05:22,"27,1",44,"13,8","2,01","11,39",1
12/07/2026 05:37,"27,1",44,"13,8","2,01","11,39",1
12/07/2026 05:52,"27,1",44,"13,8","2,01","11,39",1
12/07/2026 06:07,"27,0",46,"14,4","1,93","11,84",1
12/07/2026 06:22,"27,0",46,"14,4","1,93","11,84",1
12/07/2026 06:37,"27,0",46,"14,4","1,93","11,84",6
12/07/2026 06:52,"27,0",46,"14,4","1,93","11,84",7
12/07/2026 07:07,"27,2",46,"14,6","1,95","11,97",8
12/07/2026 07:22,"27,2",46,"14,6","1,95","11,97",9
12/07/2026 07:37,"27,2",46,"14,6","1,95","11,97",9
12/07/2026 07:52,"27,2",46,"14,6","1,95","11,97",9
12/07/2026 08:07,"27,4",45,"14,4","2,01","11,84",9
12/07/2026 08:22,"27,4",45,"14,4","2,01","11,84",9
12/07/2026 08:37,"27,2",46,"14,6","1,95","11,97",9
12/07/2026 08:52,"27,4",46,"14,8","1,97","12,10",10
12/07/2026 09:07,"27,4",46,"14,8","1,97","12,10",10
12/07/2026 09:22,"27,4",46,"14,8","1,97","12,10",10
12/07/2026 09:37,"27,6",46,"14,9","1,99","12,24",10
12/07/2026 09:52,"27,6",46,"14,9","1,99","12,24",10
12/07/2026 10:07,"27,6",46,"14,9","1,99","12,24",1
12/07/2026 10:22,"27,6",46,"14,9","1,99","12,24",1
12/07/2026 10:37,"27,6",46,"14,9","1,99","12,24",1
12/07/2026 10:52,"27,6",46,"14,9","1,99","12,24",1
12/07/2026 11:07,"27,6",46,"14,9","1,99","12,24",1
12/07/2026 11:22,"27,6",46,"14,9","1,99","12,24",1
12/07/2026 11:37,"27,6",46,"14,9","1,99","12,24",1
12/07/2026 11:52,"27,6",46,"14,9","1,99","12,24",1
12/07/2026 12:07,"27,6",48,"15,6","1,92","12,77",1
12/07/2026 12:22,"27,6",48,"15,6","1,92","12,77",1
12/07/2026 12:37,"27,6",48,"15,6","1,92","12,77",1
12/07/2026 12:52,"27,6",48,"15,6","1,92","12,77",1
12/07/2026 13:07,"27,6",48,"15,6","1,92","12,77",1
12/07/2026 13:22,"27,6",48,"15,6","1,92","12,77",1
12/07/2026 13:37,"27,6",48,"15,6","1,92","12,77",1
12/07/2026 13:52,"27,6",48,"15,6","1,92","12,77",1
12/07/2026 14:07,"27,6",48,"15,6","1,92","12,77",1
12/07/2026 14:22,"27,6",48,"15,6","1,92","12,77",1
12/07/2026 14:37,"27,6",48,"15,6","1,92","12,77",1
12/07/2026 14:52,"27,6",48,"15,6","1,92","12,77",1
12/07/2026 15:07,"27,6",48,"15,6","1,92","12,77",1
12/07/2026 15:22,"27,6",48,"15,6","1,92","12,77",1
12/07/2026 15:37,"27,5",46,"14,8","1,98","12,17",1
12/07/2026 15:52,"27,5",46,"14,8","1,98","12,17",1
12/07/2026 16:07,"27,5",46,"14,8","1,98","12,17",1
12/07/2026 16:22,"27,5",44,"14,2","2,06","11,64",7
12/07/2026 16:37,"27,5",44,"14,2","2,06","11,64",7
12/07/2026 16:52,"27,5",44,"14,2","2,06","11,64",7
12/07/2026 17:07,"27,6",42,"13,5","2,14","11,17",8
12/07/2026 17:22,"27,6",42,"13,5","2,14","11,17",11
12/07/2026 17:37,"27,6",42,"13,5","2,14","11,17",7
12/07/2026 17:52,"27,6",42,"13,5","2,14","11,17",7
12/07/2026 18:07,"27,7",40,"12,9","2,23","10,70",7
12/07/2026 18:22,"27,7",40,"12,9","2,23","10,70",7
12/07/2026 18:37,"27,7",40,"12,9","2,23","10,70",7
12/07/2026 18:52,"27,7",40,"12,9","2,23","10,70",7
12/07/2026 19:07,"27,8",38,"12,2","2,32","10,22",7
12/07/2026 19:22,"27,8",38,"12,2","2,32","10,22",7
12/07/2026 19:37,"27,8",38,"12,2","2,32","10,22",6
12/07/2026 19:52,"27,8",38,"12,2","2,32","10,22",6
12/07/2026 20:07,"27,8",38,"12,2","2,32","10,22",5
12/07/2026 20:22,"27,8",38,"12,2","2,32","10,22",5
12/07/2026 20:37,"27,8",38,"12,2","2,32","10,22",4
12/07/2026 20:52,"27,9",36,"11,4","2,41","9,74",3
12/07/2026 21:07,"27,9",36,"11,4","2,41","9,74",1
12/07/2026 21:22,"27,9",36,"11,4","2,41","9,74",1
12/07/2026 21:37,"27,9",36,"11,4","2,41","9,74",1
12/07/2026 21:52,"27,9",36,"11,4","2,41","9,74",1
12/07/2026 22:07,"28,0",38,"12,4","2,34","10,33",1
12/07/2026 22:22,"28,0",36,"11,5","2,42","9,79",1
12/07/2026 22:37,"27,9",34,"10,6","2,48","9,20",1
12/07/2026 22:52,"27,9",34,"10,6","2,48","9,20",1
12/07/2026 23:07,"27,9",34,"10,6","2,48","9,20",1
12/07/2026 23:22,"27,9",34,"10,6","2,48","9,20",1
12/07/2026 23:37,"28,0",36,"11,5","2,42","9,79",1
12/07/2026 23:52,"28,0",36,"11,5","2,42","9,79",1
13/07/2026 00:07,"28,0",36,"11,5","2,42","9,79",1
13/07/2026 00:22,"27,8",35,"10,9","2,43","9,41",1
13/07/2026 00:37,"27,8",35,"10,9","2,43","9,41",1
13/07/2026 00:52,"27,6",34,"10,3","2,44","9,04",1
13/07/2026 01:07,"27,6",34,"10,3","2,44","9,04",1
13/07/2026 01:22,"27,6",34,"10,3","2,44","9,04",1
13/07/2026 01:37,"27,4",35,"10,6","2,37","9,21",1
13/07/2026 01:52,"27,4",35,"10,6","2,37","9,21",1
13/07/2026 02:07,"27,4",35,"10,6","2,37","9,21",1
13/07/2026 02:22,"27,4",35,"10,6","2,37","9,21",1
13/07/2026 02:37,"27,4",35,"10,6","2,37","9,21",1
13/07/2026 02:52,"27,4",35,"10,6","2,37","9,21",1
13/07/2026 03:07,"27,4",35,"10,6","2,37","9,21",1
13/07/2026 03:22,"27,4",35,"10,6","2,37","9,21",1
13/07/2026 03:37,"27,4",35,"10,6","2,37","9,21",1
13/07/2026 03:52,"27,2",36,"10,8","2,31","9,37",1
13/07/2026 04:07,"27,2",36,"10,8","2,31","9,37",1
13/07/2026 04:22,"27,0",35,"10,2","2,32","9,01",1
13/07/2026 04:37,"26,8",35,"10,1","2,29","8,91",1
13/07/2026 04:52,"26,8",35,"10,1","2,29","8,91",1
13/07/2026 05:07,"27,0",36,"10,7","2,28","9,26",1
13/07/2026 05:22,"27,0",36,"10,7","2,28","9,26",1
13/07/2026 05:37,"27,2",37,"11,2","2,27","9,63",1
13/07/2026 05:52,"27,2",37,"11,2","2,27","9,63",1
13/07/2026 06:07,"27,2",37,"11,2","2,27","9,63",1
13/07/2026 06:22,"27,2",37,"11,2","2,27","9,63",1
13/07/2026 06:37,"27,2",37,"11,2","2,27","9,63",4
13/07/2026 06:52,"27,2",39,"12,0","2,20","10,15",2
13/07/2026 07:07,"27,2",39,"12,0","2,20","10,15",1
13/07/2026 07:22,"27,2",39,"12,0","2,20","10,15",2
13/07/2026 07:37,"27,2",39,"12,0","2,20","10,15",1
13/07/2026 07:52,"27,2",39,"12,0","2,20","10,15",1
13/07/2026 08:07,"27,2",39,"12,0","2,20","10,15",3
13/07/2026 08:22,"27,2",39,"12,0","2,20","10,15",3
13/07/2026 08:37,"27,4",39,"12,2","2,23","10,26",3
13/07/2026 08:52,"27,4",39,"12,2","2,23","10,26",3
13/07/2026 09:07,"27,4",39,"12,2","2,23","10,26",3
13/07/2026 09:22,"27,5",41,"13,1","2,17","10,85",2
13/07/2026 09:37,"27,5",41,"13,1","2,17","10,85",1
13/07/2026 09:52,"27,5",41,"13,1","2,17","10,85",2
13/07/2026 10:07,"27,5",41,"13,1","2,17","10,85",1
13/07/2026 10:22,"27,5",41,"13,1","2,17","10,85",2
13/07/2026 10:37,"27,5",41,"13,1","2,17","10,85",2
13/07/2026 10:52,"27,5",41,"13,1","2,17","10,85",2
13/07/2026 11:07,"27,5",41,"13,1","2,17","10,85",2
13/07/2026 11:22,"27,5",41,"13,1","2,17","10,85",2
13/07/2026 11:37,"27,5",41,"13,1","2,17","10,85",2
13/07/2026 11:52,"27,7",41,"13,2","2,19","10,97",2
13/07/2026 12:07,"27,7",41,"13,2","2,19","10,97",2
13/07/2026 12:22,"27,7",41,"13,2","2,19","10,97",2
13/07/2026 12:37,"27,7",41,"13,2","2,19","10,97",2
13/07/2026 12:52,"27,7",41,"13,2","2,19","10,97",2
13/07/2026 13:07,"27,7",41,"13,2","2,19","10,97",2
13/07/2026 13:22,"27,7",43,"14,0","2,12","11,50",1
13/07/2026 13:37,"27,8",43,"14,1","2,13","11,57",2
13/07/2026 13:52,"27,8",45,"14,8","2,05","12,10",2
13/07/2026 14:07,"27,8",45,"14,8","2,05","12,10",2
13/07/2026 14:22,"27,8",45,"14,8","2,05","12,10",2
13/07/2026 14:37,"27,8",45,"14,8","2,05","12,10",2
13/07/2026 14:52,"27,8",45,"14,8","2,05","12,10",2
13/07/2026 15:07,"27,8",45,"14,8","2,05","12,10",2
13/07/2026 15:22,"27,8",45,"14,8","2,05","12,10",1
13/07/2026 15:37,"27,8",45,"14,8","2,05","12,10",1
13/07/2026 15:52,"27,8",45,"14,8","2,05","12,10",1
13/07/2026 16:07,"27,8",45,"14,8","2,05","12,10",1
13/07/2026 16:22,"27,8",45,"14,8","2,05","12,10",3
13/07/2026 16:37,"27,8",45,"14,8","2,05","12,10",3
13/07/2026 16:52,"27,8",45,"14,8","2,05","12,10",2
13/07/2026 17:07,"27,8",45,"14,8","2,05","12,10",2
13/07/2026 17:22,"28,0",45,"15,0","2,08","12,24",2
13/07/2026 17:37,"28,0",45,"15,0","2,08","12,24",1
13/07/2026 17:52,"28,0",45,"15,0","2,08","12,24",1
13/07/2026 18:07,"28,0",45,"15,0","2,08","12,24",1
13/07/2026 18:22,"28,0",45,"15,0","2,08","12,24",3
13/07/2026 18:37,"28,0",45,"15,0","2,08","12,24",3
13/07/2026 18:52,"28,0",47,"15,6","2,00","12,78",2
13/07/2026 19:07,"28,0",47,"15,6","2,00","12,78",2
13/07/2026 19:22,"28,0",47,"15,6","2,00","12,78",2
13/07/2026 19:37,"28,0",47,"15,6","2,00","12,78",3
13/07/2026 19:52,"28,0",47,"15,6","2,00","12,78",2
13/07/2026 20:07,"28,0",47,"15,6","2,00","12,78",1
13/07/2026 20:22,"28,0",47,"15,6","2,00","12,78",1
13/07/2026 20:37,"28,0",47,"15,6","2,00","12,78",1
13/07/2026 20:52,"28,0",47,"15,6","2,00","12,78",1
13/07/2026 21:07,"28,0",47,"15,6","2,00","12,78",1
13/07/2026 21:22,"28,0",47,"15,6","2,00","12,78",1
13/07/2026 21:37,"28,0",47,"15,6","2,00","12,78",1
13/07/2026 21:52,"28,0",47,"15,6","2,00","12,78",1
13/07/2026 22:07,"28,0",47,"15,6","2,00","12,78",9
13/07/2026 22:22,"28,0",47,"15,6","2,00","12,78",1
13/07/2026 22:37,"27,8",45,"14,8","2,05","12,10",1
13/07/2026 22:52,"27,8",45,"14,8","2,05","12,10",1
13/07/2026 23:07,"27,6",44,"14,2","2,07","11,71",1
13/07/2026 23:22,"27,6",44,"14,2","2,07","11,71",1
13/07/2026 23:37,"27,4",43,"13,7","2,08","11,31",1
13/07/2026 23:52,"27,4",43,"13,7","2,08","11,31",1
14/07/2026 00:07,"27,4",43,"13,7","2,08","11,31",1
14/07/2026 00:22,"27,4",43,"13,7","2,08","11,31",1
14/07/2026 00:37,"27,2",43,"13,5","2,06","11,19",1
14/07/2026 00:52,"27,2",43,"13,5","2,06","11,19",1
14/07/2026 01:07,"27,2",43,"13,5","2,06","11,19",1
14/07/2026 01:22,"27,2",45,"14,2","1,98","11,71",1
14/07/2026 01:37,"27,2",45,"14,2","1,98","11,71",1
14/07/2026 01:52,"27,2",45,"14,2","1,98","11,71",1
14/07/2026 02:07,"27,4",45,"14,4","2,01","11,84",1
14/07/2026 02:22,"27,4",45,"14,4","2,01","11,84",1
14/07/2026 02:37,"27,4",45,"14,4","2,01","11,84",1
14/07/2026 02:52,"27,6",45,"14,6","2,03","11,97",1
14/07/2026 03:07,"27,6",45,"14,6","2,03","11,97",1
14/07/2026 03:22,"27,6",45,"14,6","2,03","11,97",1
14/07/2026 03:37,"27,6",45,"14,6","2,03","11,97",1
14/07/2026 03:52,"27,6",45,"14,6","2,03","11,97",1
14/07/2026 04:07,"27,6",45,"14,6","2,03","11,97",1
14/07/2026 04:22,"27,6",45,"14,6","2,03","11,97",1
14/07/2026 04:37,"27,6",45,"14,6","2,03","11,97",1
14/07/2026 04:52,"27,7",47,"15,4","1,97","12,57",1
14/07/2026 05:07,"27,7",47,"15,4","1,97","12,57",1
14/07/2026 05:22,"27,7",47,"15,4","1,97","12,57",1
14/07/2026 05:37,"27,7",47,"15,4","1,97","12,57",1
14/07/2026 05:52,"27,7",47,"15,4","1,97","12,57",1
14/07/2026 06:07,"27,7",47,"15,4","1,97","12,57",1
14/07/2026 06:22,"27,7",47,"15,4","1,97","12,57",1
14/07/2026 06:37,"27,7",47,"15,4","1,97","12,57",1
14/07/2026 06:52,"27,7",47,"15,4","1,97","12,57",2
14/07/2026 07:07,"27,7",47,"15,4","1,97","12,57",2
14/07/2026 07:22,"27,7",49,"16,0","1,89","13,11",2
14/07/2026 07:37,"27,7",49,"16,0","1,89","13,11",4
14/07/2026 07:52,"27,7",49,"16,0","1,89","13,11",4
14/07/2026 08:07,"27,7",49,"16,0","1,89","13,11",1
14/07/2026 08:22,"27,7",49,"16,0","1,89","13,11",1
14/07/2026 08:37,"27,7",49,"16,0","1,89","13,11",2
14/07/2026 08:52,"27,7",49,"16,0","1,89","13,11",2
14/07/2026 09:07,"27,7",49,"16,0","1,89","13,11",2
14/07/2026 09:22,"27,7",49,"16,0","1,89","13,11",2
14/07/2026 09:37,"27,7",49,"16,0","1,89","13,11",2
14/07/2026 09:52,"27,9",49,"16,2","1,92","13,25",2
14/07/2026 10:07,"27,9",49,"16,2","1,92","13,25",2
14/07/2026 10:22,"27,9",49,"16,2","1,92","13,25",2
14/07/2026 10:37,"27,9",49,"16,2","1,92","13,25",2
14/07/2026 10:52,"27,9",49,"16,2","1,92","13,25",2
14/07/2026 11:07,"27,9",49,"16,2","1,92","13,25",2
14/07/2026 11:22,"27,9",49,"16,2","1,92","13,25",2
14/07/2026 11:37,"27,9",49,"16,2","1,92","13,25",2
14/07/2026 11:52,"27,9",49,"16,2","1,92","13,25",2
14/07/2026 12:07,"27,9",49,"16,2","1,92","13,25",2
14/07/2026 12:22,"27,9",49,"16,2","1,92","13,25",3
14/07/2026 12:37,"27,9",49,"16,2","1,92","13,25",3
14/07/2026 12:52,"27,9",49,"16,2","1,92","13,25",4
14/07/2026 13:07,"27,9",49,"16,2","1,92","13,25",4
14/07/2026 13:22,"27,9",49,"16,2","1,92","13,25",4
14/07/2026 13:37,"27,9",49,"16,2","1,92","13,25",4
14/07/2026 13:52,"27,9",49,"16,2","1,92","13,25",4
14/07/2026 14:07,"27,9",49,"16,2","1,92","13,25",4
14/07/2026 14:22,"28,0",47,"15,6","2,00","12,78",4
14/07/2026 14:37,"28,0",47,"15,6","2,00","12,78",4
14/07/2026 14:52,"28,0",47,"15,6","2,00","12,78",5
14/07/2026 15:07,"28,0",45,"15,0","2,08","12,24",3
14/07/2026 15:22,"28,0",45,"15,0","2,08","12,24",3
14/07/2026 15:37,"28,0",45,"15,0","2,08","12,24",2
14/07/2026 15:52,"28,0",45,"15,0","2,08","12,24",2
14/07/2026 16:07,"28,0",45,"15,0","2,08","12,24",2
14/07/2026 16:22,"28,0",45,"15,0","2,08","12,24",4
14/07/2026 16:37,"28,0",45,"15,0","2,08","12,24",5
14/07/2026 16:52,"28,2",44,"14,8","2,14","12,10",3
14/07/2026 17:07,"28,2",44,"14,8","2,14","12,10",1
14/07/2026 17:22,"28,2",44,"14,8","2,14","12,10",11
14/07/2026 17:37,"28,2",44,"14,8","2,14","12,10",2
14/07/2026 17:52,"28,2",44,"14,8","2,14","12,10",4
14/07/2026 18:07,"28,2",44,"14,8","2,14","12,10",5
14/07/2026 18:22,"28,2",44,"14,8","2,14","12,10",5
14/07/2026 18:37,"28,2",44,"14,8","2,14","12,10",2
14/07/2026 18:52,"28,2",44,"14,8","2,14","12,10",4
14/07/2026 19:07,"28,2",44,"14,8","2,14","12,10",4
14/07/2026 19:22,"28,4",43,"14,6","2,21","11,95",2
14/07/2026 19:37,"28,4",43,"14,6","2,21","11,95",2
14/07/2026 19:52,"28,4",43,"14,6","2,21","11,95",1
14/07/2026 20:07,"28,4",43,"14,6","2,21","11,95",1
14/07/2026 20:22,"28,4",43,"14,6","2,21","11,95",4
14/07/2026 20:37,"28,4",43,"14,6","2,21","11,95",5
14/07/2026 20:52,"28,4",43,"14,6","2,21","11,95",5
14/07/2026 21:07,"28,4",43,"14,6","2,21","11,95",1
14/07/2026 21:22,"28,4",43,"14,6","2,21","11,95",1
14/07/2026 21:37,"28,2",42,"14,1","2,22","11,55",1
14/07/2026 21:52,"28,2",42,"14,1","2,22","11,55",1
14/07/2026 22:07,"28,2",42,"14,1","2,22","11,55",1
14/07/2026 22:22,"28,0",42,"13,9","2,19","11,42",1
14/07/2026 22:37,"28,0",42,"13,9","2,19","11,42",1
14/07/2026 22:52,"27,8",43,"14,1","2,13","11,57",1
14/07/2026 23:07,"27,8",43,"14,1","2,13","11,57",1
14/07/2026 23:22,"27,8",43,"14,1","2,13","11,57",1
14/07/2026 23:37,"27,8",43,"14,1","2,13","11,57",1
14/07/2026 23:52,"28,0",44,"14,6","2,12","11,97",1
15/07/2026 00:07,"28,0",44,"14,6","2,12","11,97",1
15/07/2026 00:22,"28,0",44,"14,6","2,12","11,97",1
15/07/2026 00:37,"28,0",44,"14,6","2,12","11,97",1
15/07/2026 00:52,"28,2",44,"14,8","2,14","12,10",1
15/07/2026 01:07,"28,2",44,"14,8","2,14","12,10",1
15/07/2026 01:22,"28,2",44,"14,8","2,14","12,10",1
15/07/2026 01:37,"28,2",44,"14,8","2,14","12,10",1
15/07/2026 01:52,"28,2",44,"14,8","2,14","12,10",1
15/07/2026 02:07,"28,2",44,"14,8","2,14","12,10",1
15/07/2026 02:22,"28,2",44,"14,8","2,14","12,10",1
15/07/2026 02:37,"28,2",44,"14,8","2,14","12,10",1
15/07/2026 02:52,"28,2",44,"14,8","2,14","12,10",1
15/07/2026 03:07,"28,2",44,"14,8","2,14","12,10",1
15/07/2026 03:22,"28,2",44,"14,8","2,14","12,10",1
15/07/2026 03:37,"28,2",44,"14,8","2,14","12,10",1
15/07/2026 03:52,"28,2",46,"15,5","2,06","12,65",1
15/07/2026 04:07,"28,2",46,"15,5","2,06","12,65",1
15/07/2026 04:22,"28,2",46,"15,5","2,06","12,65",1
15/07/2026 04:37,"28,2",46,"15,5","2,06","12,65",1
15/07/2026 04:52,"28,2",46,"15,5","2,06","12,65",1
15/07/2026 05:07,"28,2",46,"15,5","2,06","12,65",1
15/07/2026 05:22,"28,2",46,"15,5","2,06","12,65",1
15/07/2026 05:37,"28,2",46,"15,5","2,06","12,65",1
15/07/2026 05:52,"28,2",46,"15,5","2,06","12,65",1
15/07/2026 06:07,"28,2",48,"16,1","1,99","13,20",1
15/07/2026 06:22,"28,2",48,"16,1","1,99","13,20",1
15/07/2026 06:37,"28,2",48,"16,1","1,99","13,20",1
15/07/2026 06:52,"28,2",48,"16,1","1,99","13,20",1
15/07/2026 07:07,"28,2",48,"16,1","1,99","13,20",3
15/07/2026 07:22,"28,2",48,"16,1","1,99","13,20",5
15/07/2026 07:37,"28,2",48,"16,1","1,99","13,20",11
15/07/2026 07:52,"28,2",48,"16,1","1,99","13,20",12
15/07/2026 08:07,"28,2",48,"16,1","1,99","13,20",12
15/07/2026 08:22,"28,2",48,"16,1","1,99","13,20",11
15/07/2026 08:37,"28,2",48,"16,1","1,99","13,20",12
15/07/2026 08:52,"28,2",48,"16,1","1,99","13,20",11
15/07/2026 09:07,"28,2",48,"16,1","1,99","13,20",11
15/07/2026 09:22,"28,2",48,"16,1","1,99","13,20",11
15/07/2026 09:37,"28,2",48,"16,1","1,99","13,20",7
15/07/2026 09:52,"28,2",48,"16,1","1,99","13,20",12
15/07/2026 10:07,"28,2",48,"16,1","1,99","13,20",12
15/07/2026 10:22,"28,4",48,"16,3","2,01","13,34",12
15/07/2026 10:37,"28,4",48,"16,3","2,01","13,34",12
15/07/2026 10:52,"28,4",48,"16,3","2,01","13,34",12
15/07/2026 11:07,"28,4",48,"16,3","2,01","13,34",12
15/07/2026 11:22,"28,4",48,"16,3","2,01","13,34",12
15/07/2026 11:37,"28,4",48,"16,3","2,01","13,34",12
15/07/2026 11:52,"28,4",48,"16,3","2,01","13,34",12
15/07/2026 12:07,"28,4",48,"16,3","2,01","13,34",13
15/07/2026 12:22,"28,4",48,"16,3","2,01","13,34",13
15/07/2026 12:37,"28,4",48,"16,3","2,01","13,34",11
15/07/2026 12:52,"28,4",48,"16,3","2,01","13,34",12
15/07/2026 13:07,"28,4",50,"17,0","1,93","13,90",8
15/07/2026 13:22,"28,4",48,"16,3","2,01","13,34",5
15/07/2026 13:37,"28,4",48,"16,3","2,01","13,34",2
15/07/2026 13:52,"28,4",48,"16,3","2,01","13,34",1
15/07/2026 14:07,"28,4",48,"16,3","2,01","13,34",3
15/07/2026 14:22,"28,4",48,"16,3","2,01","13,34",11
15/07/2026 14:37,"28,4",48,"16,3","2,01","13,34",12
15/07/2026 14:52,"28,4",48,"16,3","2,01","13,34",16
15/07/2026 15:07,"28,5",50,"17,1","1,95","13,97",16
15/07/2026 15:22,"28,5",50,"17,1","1,95","13,97",18
15/07/2026 15:37,"28,7",51,"17,6","1,93","14,41",15
15/07/2026 15:52,"28,7",51,"17,6","1,93","14,41",16
15/07/2026 16:07,"28,7",51,"17,6","1,93","14,41",16
15/07/2026 16:22,"28,7",51,"17,6","1,93","14,41",16
15/07/2026 16:37,"28,7",51,"17,6","1,93","14,41",15
15/07/2026 16:52,"28,7",51,"17,6","1,93","14,41",14
15/07/2026 17:07,"28,7",51,"17,6","1,93","14,41",13
15/07/2026 17:22,"28,7",51,"17,6","1,93","14,41",13
15/07/2026 17:37,"28,7",51,"17,6","1,93","14,41",16
15/07/2026 17:52,"28,7",51,"17,6","1,93","14,41",16
15/07/2026 18:07,"28,7",51,"17,6","1,93","14,41",15
15/07/2026 18:22,"28,7",51,"17,6","1,93","14,41",13
15/07/2026 18:37,"28,7",51,"17,6","1,93","14,41",13
15/07/2026 18:52,"28,7",51,"17,6","1,93","14,41",12
15/07/2026 19:07,"28,7",51,"17,6","1,93","14,41",12
15/07/2026 19:22,"28,7",51,"17,6","1,93","14,41",11
15/07/2026 19:37,"28,7",51,"17,6","1,93","14,41",12
15/07/2026 19:52,"28,9",52,"18,1","1,91","14,85",12
15/07/2026 20:07,"28,9",52,"18,1","1,91","14,85",11
15/07/2026 20:22,"28,9",52,"18,1","1,91","14,85",3
15/07/2026 20:37,"28,7",51,"17,6","1,93","14,41",5
15/07/2026 20:52,"28,7",51,"17,6","1,93","14,41",2
15/07/2026 21:07,"28,7",51,"17,6","1,93","14,41",1
15/07/2026 21:22,"28,5",50,"17,1","1,95","13,97",1
15/07/2026 21:37,"28,5",50,"17,1","1,95","13,97",1
15/07/2026 21:52,"28,5",50,"17,1","1,95","13,97",1
15/07/2026 22:07,"28,5",50,"17,1","1,95","13,97",1
15/07/2026 22:22,"28,5",50,"17,1","1,95","13,97",1
15/07/2026 22:37,"28,5",50,"17,1","1,95","13,97",1
15/07/2026 22:52,"28,5",52,"17,7","1,87","14,53",1
15/07/2026 23:07,"28,5",52,"17,7","1,87","14,53",1
15/07/2026 23:22,"28,5",52,"17,7","1,87","14,53",1
15/07/2026 23:37,"28,5",52,"17,7","1,87","14,53",9
15/07/2026 23:52,"28,5",52,"17,7","1,87","14,53",9
16/07/2026 00:07,"28,5",52,"17,7","1,87","14,53",9
16/07/2026 00:22,"28,5",52,"17,7","1,87","14,53",8
16/07/2026 00:37,"28,5",52,"17,7","1,87","14,53",1
16/07/2026 00:52,"28,5",52,"17,7","1,87","14,53",1
16/07/2026 01:07,"28,5",52,"17,7","1,87","14,53",1
16/07/2026 01:22,"28,5",52,"17,7","1,87","14,53",1
16/07/2026 01:37,"28,3",52,"17,5","1,85","14,38",1
16/07/2026 01:52,"28,3",52,"17,5","1,85","14,38",1
16/07/2026 02:07,"28,3",52,"17,5","1,85","14,38",1
16/07/2026 02:22,"28,3",52,"17,5","1,85","14,38",1
16/07/2026 02:37,"28,3",52,"17,5","1,85","14,38",1
16/07/2026 02:52,"28,3",52,"17,5","1,85","14,38",1
16/07/2026 03:07,"28,3",52,"17,5","1,85","14,38",1
16/07/2026 03:22,"28,3",52,"17,5","1,85","14,38",1
16/07/2026 03:37,"28,3",52,"17,5","1,85","14,38",1
16/07/2026 03:52,"28,3",52,"17,5","1,85","14,38",1
16/07/2026 04:07,"28,3",52,"17,5","1,85","14,38",1
16/07/2026 04:22,"28,3",52,"17,5","1,85","14,38",1
16/07/2026 04:37,"28,3",52,"17,5","1,85","14,38",1
16/07/2026 04:52,"28,3",52,"17,5","1,85","14,38",1
16/07/2026 05:07,"28,3",52,"17,5","1,85","14,38",1
16/07/2026 05:22,"28,3",52,"17,5","1,85","14,38",1
16/07/2026 05:37,"28,3",52,"17,5","1,85","14,38",1
16/07/2026 05:52,"28,3",52,"17,5","1,85","14,38",1
16/07/2026 06:07,"28,3",52,"17,5","1,85","14,38",1
16/07/2026 06:22,"28,3",52,"17,5","1,85","14,38",1
16/07/2026 06:37,"28,3",52,"17,5","1,85","14,38",1
16/07/2026 06:52,"28,3",52,"17,5","1,85","14,38",1
16/07/2026 07:07,"28,3",52,"17,5","1,85","14,38",1
16/07/2026 07:22,"28,3",52,"17,5","1,85","14,38",1
16/07/2026 07:37,"28,3",52,"17,5","1,85","14,38",1
16/07/2026 07:52,"28,3",52,"17,5","1,85","14,38",1
16/07/2026 08:07,"28,3",52,"17,5","1,85","14,38",1
16/07/2026 08:22,"28,3",52,"17,5","1,85","14,38",1
16/07/2026 08:37,"28,3",52,"17,5","1,85","14,38",2
16/07/2026 08:52,"28,3",52,"17,5","1,85","14,38",2
16/07/2026 09:07,"28,3",52,"17,5","1,85","14,38",2
16/07/2026 09:22,"28,3",52,"17,5","1,85","14,38",2
16/07/2026 09:37,"28,3",52,"17,5","1,85","14,38",2
16/07/2026 09:52,"28,3",52,"17,5","1,85","14,38",2
16/07/2026 10:07,"28,3",52,"17,5","1,85","14,38",2
16/07/2026 10:22,"28,3",52,"17,5","1,85","14,38",2
16/07/2026 10:37,"28,3",52,"17,5","1,85","14,38",2
16/07/2026 10:52,"28,3",52,"17,5","1,85","14,38",3
16/07/2026 11:07,"28,3",52,"17,5","1,85","14,38",3
16/07/2026 11:22,"28,3",52,"17,5","1,85","14,38",3
16/07/2026 11:37,"28,3",52,"17,5","1,85","14,38",3
16/07/2026 11:52,"28,3",52,"17,5","1,85","14,38",2
16/07/2026 12:07,"28,3",52,"17,5","1,85","14,38",2
16/07/2026 12:22,"28,3",52,"17,5","1,85","14,38",2
16/07/2026 12:37,"28,3",52,"17,5","1,85","14,38",2
16/07/2026 12:52,"28,3",52,"17,5","1,85","14,38",3
16/07/2026 13:07,"28,3",52,"17,5","1,85","14,38",3
16/07/2026 13:22,"28,3",52,"17,5","1,85","14,38",3
16/07/2026 13:37,"28,3",52,"17,5","1,85","14,38",3
16/07/2026 13:52,"28,3",52,"17,5","1,85","14,38",3
16/07/2026 14:07,"28,3",54,"18,1","1,77","14,93",3
16/07/2026 14:22,"28,3",54,"18,1","1,77","14,93",12
16/07/2026 14:37,"28,3",52,"17,5","1,85","14,38",12
16/07/2026 14:52,"28,3",52,"17,5","1,85","14,38",12
16/07/2026 15:07,"28,3",52,"17,5","1,85","14,38",12
16/07/2026 15:22,"28,3",52,"17,5","1,85","14,38",12
16/07/2026 15:37,"28,5",53,"18,0","1,83","14,81",12
16/07/2026 15:52,"28,5",53,"18,0","1,83","14,81",12
16/07/2026 16:07,"28,5",53,"18,0","1,83","14,81",12
16/07/2026 16:22,"28,5",53,"18,0","1,83","14,81",11
16/07/2026 16:37,"28,5",53,"18,0","1,83","14,81",8
16/07/2026 16:52,"28,5",53,"18,0","1,83","14,81",5
16/07/2026 17:07,"28,5",53,"18,0","1,83","14,81",4
16/07/2026 17:22,"28,5",53,"18,0","1,83","14,81",4
16/07/2026 17:37,"28,5",53,"18,0","1,83","14,81",11
16/07/2026 17:52,"28,5",53,"18,0","1,83","14,81",12
16/07/2026 18:07,"28,5",53,"18,0","1,83","14,81",12
16/07/2026 18:22,"28,5",53,"18,0","1,83","14,81",7
16/07/2026 18:37,"28,5",53,"18,0","1,83","14,81",6
16/07/2026 18:52,"28,5",53,"18,0","1,83","14,81",3
16/07/2026 19:07,"28,5",53,"18,0","1,83","14,81",2
16/07/2026 19:22,"28,5",53,"18,0","1,83","14,81",1
16/07/2026 19:37,"28,4",51,"17,3","1,90","14,18",1
16/07/2026 19:52,"28,4",51,"17,3","1,90","14,18",9
16/07/2026 20:07,"28,3",49,"16,6","1,96","13,55",1
16/07/2026 20:22,"28,3",49,"16,6","1,96","13,55",2
16/07/2026 20:37,"28,1",48,"16,1","1,98","13,13",3
16/07/2026 20:52,"28,1",48,"16,1","1,98","13,13",1
16/07/2026 21:07,"28,1",48,"16,1","1,98","13,13",1
16/07/2026 21:22,"28,0",46,"15,3","2,04","12,51",1
16/07/2026 21:37,"27,8",46,"15,1","2,02","12,37",1
16/07/2026 21:52,"27,8",46,"15,1","2,02","12,37",1
16/07/2026 22:07,"27,8",48,"15,8","1,94","12,91",1
16/07/2026 22:22,"27,8",48,"15,8","1,94","12,91",1
16/07/2026 22:37,"27,6",48,"15,6","1,92","12,77",1
16/07/2026 22:52,"27,6",48,"15,6","1,92","12,77",1
16/07/2026 23:07,"27,4",48,"15,4","1,90","12,63",1
16/07/2026 23:22,"27,2",48,"15,2","1,88","12,49",1
16/07/2026 23:37,"27,1",52,"16,4","1,72","13,46",1
16/07/2026 23:52,"26,9",53,"16,5","1,67","13,56",1
17/07/2026 00:07,"26,9",54,"16,8","1,63","13,82",1
17/07/2026 00:22,"26,5",56,"17,0","1,52","14,02",1
17/07/2026 00:37,"26,5",56,"17,0","1,52","14,02",1
17/07/2026 00:52,"26,5",56,"17,0","1,52","14,02",1
17/07/2026 01:07,"26,5",56,"17,0","1,52","14,02",1
17/07/2026 01:22,"26,4",58,"17,5","1,45","14,44",1
17/07/2026 01:37,"26,2",58,"17,3","1,43","14,28",1
17/07/2026 01:52,"26,0",58,"17,1","1,41","14,12",1
17/07/2026 02:07,"26,0",58,"17,1","1,41","14,12",1
17/07/2026 02:22,"26,0",58,"17,1","1,41","14,12",1
17/07/2026 02:37,"26,0",56,"16,5","1,48","13,63",1
17/07/2026 02:52,"26,0",56,"16,5","1,48","13,63",1
17/07/2026 03:07,"26,0",56,"16,5","1,48","13,63",1
17/07/2026 03:22,"26,0",56,"16,5","1,48","13,63",1
17/07/2026 03:37,"25,8",57,"16,6","1,43","13,72",1
17/07/2026 03:52,"25,4",58,"16,5","1,36","13,65",1
17/07/2026 04:07,"25,6",59,"17,0","1,35","14,05",1
17/07/2026 04:22,"25,7",57,"16,5","1,42","13,65",1
17/07/2026 04:37,"25,7",57,"16,5","1,42","13,65",1
17/07/2026 04:52,"25,5",57,"16,4","1,40","13,49",1
17/07/2026 05:07,"25,3",57,"16,2","1,39","13,34",1
17/07/2026 05:22,"25,5",56,"16,1","1,44","13,26",1
17/07/2026 05:37,"25,3",55,"15,6","1,45","12,88",1
17/07/2026 05:52,"25,3",55,"15,6","1,45","12,88",1
17/07/2026 06:07,"25,3",55,"15,6","1,45","12,88",1
17/07/2026 06:22,"25,3",55,"15,6","1,45","12,88",7
17/07/2026 06:37,"25,3",55,"15,6","1,45","12,88",14
17/07/2026 06:52,"25,3",55,"15,6","1,45","12,88",15
17/07/2026 07:07,"25,3",55,"15,6","1,45","12,88",15
17/07/2026 07:22,"25,3",55,"15,6","1,45","12,88",12
17/07/2026 07:37,"25,3",56,"15,9","1,42","13,11",12
17/07/2026 07:52,"25,5",56,"16,1","1,44","13,26",13
17/07/2026 08:07,"25,7",57,"16,5","1,42","13,65",16
17/07/2026 08:22,"25,7",57,"16,5","1,42","13,65",16
17/07/2026 08:37,"25,7",55,"16,0","1,49","13,17",15
17/07/2026 08:52,"25,7",55,"16,0","1,49","13,17",15
17/07/2026 09:07,"25,7",55,"16,0","1,49","13,17",15
17/07/2026 09:22,"25,7",55,"16,0","1,49","13,17",14
17/07/2026 09:37,"25,9",54,"15,9","1,54","13,07",14
17/07/2026 09:52,"25,9",54,"15,9","1,54","13,07",14
17/07/2026 10:07,"26,1",54,"16,1","1,56","13,22",13
17/07/2026 10:22,"26,1",54,"16,1","1,56","13,22",13
17/07/2026 10:37,"26,3",53,"16,0","1,61","13,12",13
17/07/2026 10:52,"26,3",53,"16,0","1,61","13,12",13
17/07/2026 11:07,"26,3",53,"16,0","1,61","13,12",13
17/07/2026 11:22,"26,3",53,"16,0","1,61","13,12",13
17/07/2026 11:37,"26,5",53,"16,1","1,63","13,27",13
17/07/2026 11:52,"26,5",53,"16,1","1,63","13,27",14
17/07/2026 12:07,"26,5",53,"16,1","1,63","13,27",14
17/07/2026 12:22,"26,5",53,"16,1","1,63","13,27",14
17/07/2026 12:37,"26,5",53,"16,1","1,63","13,27",14
17/07/2026 12:52,"26,5",53,"16,1","1,63","13,27",14
17/07/2026 13:07,"26,7",53,"16,3","1,65","13,42",14
17/07/2026 13:22,"26,6",51,"15,6","1,71","12,84",14
17/07/2026 13:37,"26,6",51,"15,6","1,71","12,84",14
17/07/2026 13:52,"26,6",51,"15,6","1,71","12,84",14
17/07/2026 14:07,"26,6",51,"15,6","1,71","12,84",14
17/07/2026 14:22,"27,0",51,"16,0","1,75","13,13",13
17/07/2026 14:37,"27,0",51,"16,0","1,75","13,13",13
17/07/2026 14:52,"27,0",51,"16,0","1,75","13,13",13
17/07/2026 15:07,"27,0",51,"16,0","1,75","13,13",13
17/07/2026 15:22,"27,0",51,"16,0","1,75","13,13",13
17/07/2026 15:37,"27,0",51,"16,0","1,75","13,13",13
17/07/2026 15:52,"27,0",51,"16,0","1,75","13,13",12
17/07/2026 16:07,"27,0",51,"16,0","1,75","13,13",12
17/07/2026 16:22,"27,0",51,"16,0","1,75","13,13",13
17/07/2026 16:37,"27,0",51,"16,0","1,75","13,13",13
17/07/2026 16:52,"27,2",51,"16,2","1,77","13,27",13
17/07/2026 17:07,"27,2",51,"16,2","1,77","13,27",13
17/07/2026 17:22,"27,2",49,"15,6","1,84","12,75",13
17/07/2026 17:37,"27,2",49,"15,6","1,84","12,75",12
17/07/2026 17:52,"27,4",49,"15,7","1,86","12,89",12
17/07/2026 18:07,"27,4",49,"15,7","1,86","12,89",12
17/07/2026 18:22,"27,4",49,"15,7","1,86","12,89",12
17/07/2026 18:37,"27,4",49,"15,7","1,86","12,89",11
17/07/2026 18:52,"27,4",49,"15,7","1,86","12,89",11
17/07/2026 19:07,"27,4",47,"15,1","1,93","12,37",13
17/07/2026 19:22,"27,4",47,"15,1","1,93","12,37",13
17/07/2026 19:37,"27,4",47,"15,1","1,93","12,37",13
17/07/2026 19:52,"27,4",45,"14,4","2,01","11,84",11
17/07/2026 20:07,"27,4",45,"14,4","2,01","11,84",10
17/07/2026 20:22,"27,2",44,"13,9","2,02","11,45",13
17/07/2026 20:37,"27,2",44,"13,9","2,02","11,45",3
17/07/2026 20:52,"27,4",45,"14,4","2,01","11,84",1
17/07/2026 21:07,"27,4",45,"14,4","2,01","11,84",1
17/07/2026 21:22,"27,4",45,"14,4","2,01","11,84",1
17/07/2026 21:37,"27,4",45,"14,4","2,01","11,84",1
17/07/2026 21:52,"27,4",45,"14,4","2,01","11,84",1
17/07/2026 22:07,"27,4",45,"14,4","2,01","11,84",1
17/07/2026 22:22,"27,4",45,"14,4","2,01","11,84",1
17/07/2026 22:37,"27,4",45,"14,4","2,01","11,84",1
17/07/2026 22:52,"27,4",45,"14,4","2,01","11,84",1
17/07/2026 23:07,"27,2",46,"14,6","1,95","11,97",1
17/07/2026 23:22,"27,2",46,"14,6","1,95","11,97",1
17/07/2026 23:37,"27,2",46,"14,6","1,95","11,97",1
17/07/2026 23:52,"27,0",45,"14,1","1,96","11,58",1
18/07/2026 00:07,"27,0",45,"14,1","1,96","11,58",1
18/07/2026 00:22,"27,0",45,"14,1","1,96","11,58",1
18/07/2026 00:37,"27,0",45,"14,1","1,96","11,58",1
18/07/2026 00:52,"27,0",45,"14,1","1,96","11,58",1
18/07/2026 01:07,"27,0",47,"14,7","1,89","12,10",1
18/07/2026 01:22,"27,0",47,"14,7","1,89","12,10",1
18/07/2026 01:37,"27,0",47,"14,7","1,89","12,10",1
18/07/2026 01:52,"27,0",47,"14,7","1,89","12,10",1
18/07/2026 02:07,"27,0",47,"14,7","1,89","12,10",1
18/07/2026 02:22,"27,0",47,"14,7","1,89","12,10",1
18/07/2026 02:37,"26,8",46,"14,2","1,90","11,71",1
18/07/2026 02:52,"26,8",46,"14,2","1,90","11,71",1
18/07/2026 03:07,"26,8",46,"14,2","1,90","11,71",1
18/07/2026 03:22,"26,8",46,"14,2","1,90","11,71",1
18/07/2026 03:37,"26,8",46,"14,2","1,90","11,71",1
18/07/2026 03:52,"26,8",46,"14,2","1,90","11,71",1
18/07/2026 04:07,"26,8",46,"14,2","1,90","11,71",1
18/07/2026 04:22,"26,8",47,"14,5","1,87","11,96",1
18/07/2026 04:37,"26,8",47,"14,5","1,87","11,96",1
18/07/2026 04:52,"26,8",47,"14,5","1,87","11,96",1
18/07/2026 05:07,"26,8",47,"14,5","1,87","11,96",1
18/07/2026 05:22,"26,8",47,"14,5","1,87","11,96",1
18/07/2026 05:37,"26,8",47,"14,5","1,87","11,96",1
18/07/2026 05:52,"26,8",47,"14,5","1,87","11,96",1
18/07/2026 06:07,"26,8",47,"14,5","1,87","11,96",1
18/07/2026 06:22,"26,8",47,"14,5","1,87","11,96",3
18/07/2026 06:37,"26,8",49,"15,2","1,80","12,47",11
18/07/2026 06:52,"26,8",49,"15,2","1,80","12,47",11
18/07/2026 07:07,"26,8",49,"15,2","1,80","12,47",12
18/07/2026 07:22,"26,8",49,"15,2","1,80","12,47",14
18/07/2026 07:37,"26,8",49,"15,2","1,80","12,47",12
18/07/2026 07:52,"27,0",50,"15,7","1,78","12,87",12
18/07/2026 08:07,"27,0",50,"15,7","1,78","12,87",12
18/07/2026 08:22,"27,0",52,"16,3","1,71","13,38",12
18/07/2026 08:37,"27,0",52,"16,3","1,71","13,38",12
18/07/2026 08:52,"27,0",52,"16,3","1,71","13,38",12
18/07/2026 09:07,"27,0",52,"16,3","1,71","13,38",12
18/07/2026 09:22,"27,0",52,"16,3","1,71","13,38",12
18/07/2026 09:37,"27,0",52,"16,3","1,71","13,38",12
18/07/2026 09:52,"27,0",52,"16,3","1,71","13,38",12
18/07/2026 10:07,"27,0",52,"16,3","1,71","13,38",12
18/07/2026 10:22,"27,0",52,"16,3","1,71","13,38",12
18/07/2026 10:37,"27,0",52,"16,3","1,71","13,38",12
18/07/2026 10:52,"27,0",52,"16,3","1,71","13,38",12
18/07/2026 11:07,"27,0",52,"16,3","1,71","13,38",12
18/07/2026 11:22,"27,1",50,"15,8","1,79","12,94",12
18/07/2026 11:37,"27,1",50,"15,8","1,79","12,94",12
18/07/2026 11:52,"27,1",50,"15,8","1,79","12,94",12
18/07/2026 12:07,"27,1",50,"15,8","1,79","12,94",12
18/07/2026 12:22,"27,1",50,"15,8","1,79","12,94",13
18/07/2026 12:37,"27,1",50,"15,8","1,79","12,94",13
18/07/2026 12:52,"27,1",50,"15,8","1,79","12,94",13
18/07/2026 13:07,"27,2",48,"15,2","1,88","12,49",13
18/07/2026 13:22,"27,2",48,"15,2","1,88","12,49",13
18/07/2026 13:37,"27,2",48,"15,2","1,88","12,49",13
18/07/2026 13:52,"27,4",49,"15,7","1,86","12,89",13
18/07/2026 14:07,"27,4",49,"15,7","1,86","12,89",13
18/07/2026 14:22,"27,4",49,"15,7","1,86","12,89",12
18/07/2026 14:37,"27,4",49,"15,7","1,86","12,89",13
18/07/2026 14:52,"27,4",49,"15,7","1,86","12,89",13
18/07/2026 15:07,"27,4",49,"15,7","1,86","12,89",13
18/07/2026 15:22,"27,5",51,"16,5","1,80","13,49",13
18/07/2026 15:37,"27,5",51,"16,5","1,80","13,49",13
18/07/2026 15:52,"27,5",51,"16,5","1,80","13,49",13
18/07/2026 16:07,"27,5",51,"16,5","1,80","13,49",13
18/07/2026 16:22,"27,5",51,"16,5","1,80","13,49",13
18/07/2026 16:37,"27,5",51,"16,5","1,80","13,49",13
18/07/2026 16:52,"27,5",51,"16,5","1,80","13,49",13
18/07/2026 17:07,"27,5",51,"16,5","1,80","13,49",13
18/07/2026 17:22,"27,5",51,"16,5","1,80","13,49",12
18/07/2026 17:37,"27,5",51,"16,5","1,80","13,49",12
18/07/2026 17:52,"27,5",51,"16,5","1,80","13,49",12
18/07/2026 18:07,"27,5",51,"16,5","1,80","13,49",11
18/07/2026 18:22,"27,5",51,"16,5","1,80","13,49",9
18/07/2026 18:37,"27,5",51,"16,5","1,80","13,49",11
18/07/2026 18:52,"27,5",51,"16,5","1,80","13,49",11
18/07/2026 19:07,"27,5",51,"16,5","1,80","13,49",12
18/07/2026 19:22,"27,5",51,"16,5","1,80","13,49",12
18/07/2026 19:37,"27,5",51,"16,5","1,80","13,49",12
18/07/2026 19:52,"27,5",51,"16,5","1,80","13,49",12
18/07/2026 20:07,"27,6",49,"15,9","1,88","13,04",5
18/07/2026 20:22,"27,6",49,"15,9","1,88","13,04",5
18/07/2026 20:37,"27,6",49,"15,9","1,88","13,04",6
18/07/2026 20:52,"27,6",49,"15,9","1,88","13,04",4
18/07/2026 21:07,"27,6",49,"15,9","1,88","13,04",1
18/07/2026 21:22,"27,6",49,"15,9","1,88","13,04",1
18/07/2026 21:37,"27,6",49,"15,9","1,88","13,04",1
18/07/2026 21:52,"27,6",49,"15,9","1,88","13,04",1
18/07/2026 22:07,"27,6",49,"15,9","1,88","13,04",1
18/07/2026 22:22,"27,6",49,"15,9","1,88","13,04",1
18/07/2026 22:37,"27,6",49,"15,9","1,88","13,04",1
18/07/2026 22:52,"27,6",49,"15,9","1,88","13,04",1
18/07/2026 23:07,"27,6",49,"15,9","1,88","13,04",1
18/07/2026 23:22,"27,6",49,"15,9","1,88","13,04",1
18/07/2026 23:37,"27,6",49,"15,9","1,88","13,04",1
18/07/2026 23:52,"27,6",49,"15,9","1,88","13,04",1
19/07/2026 00:07,"27,6",49,"15,9","1,88","13,04",1
19/07/2026 00:22,"27,6",49,"15,9","1,88","13,04",1
19/07/2026 00:37,"27,6",49,"15,9","1,88","13,04",1
19/07/2026 00:52,"27,6",49,"15,9","1,88","13,04",1
19/07/2026 01:07,"27,6",49,"15,9","1,88","13,04",1
19/07/2026 01:22,"27,6",49,"15,9","1,88","13,04",1
19/07/2026 01:37,"27,6",49,"15,9","1,88","13,04",1
19/07/2026 01:52,"27,6",49,"15,9","1,88","13,04",1
19/07/2026 02:07,"27,6",49,"15,9","1,88","13,04",1
19/07/2026 02:22,"27,6",49,"15,9","1,88","13,04",1
19/07/2026 02:37,"27,6",49,"15,9","1,88","13,04",1
19/07/2026 02:52,"27,6",49,"15,9","1,88","13,04",1
19/07/2026 03:07,"27,4",49,"15,7","1,86","12,89",1
19/07/2026 03:22,"27,4",49,"15,7","1,86","12,89",1
19/07/2026 03:37,"27,4",49,"15,7","1,86","12,89",1
19/07/2026 03:52,"27,4",49,"15,7","1,86","12,89",1
19/07/2026 04:07,"27,4",49,"15,7","1,86","12,89",1
19/07/2026 04:22,"27,4",49,"15,7","1,86","12,89",1
19/07/2026 04:37,"27,4",49,"15,7","1,86","12,89",1
19/07/2026 04:52,"27,4",49,"15,7","1,86","12,89",1
19/07/2026 05:07,"27,4",49,"15,7","1,86","12,89",1
19/07/2026 05:22,"27,4",49,"15,7","1,86","12,89",1
19/07/2026 05:37,"27,4",49,"15,7","1,86","12,89",1
19/07/2026 05:52,"27,4",49,"15,7","1,86","12,89",1
19/07/2026 06:07,"27,4",49,"15,7","1,86","12,89",1
19/07/2026 06:22,"27,4",49,"15,7","1,86","12,89",2
19/07/2026 06:37,"27,4",49,"15,7","1,86","12,89",10
19/07/2026 06:52,"27,4",49,"15,7","1,86","12,89",11
19/07/2026 07:07,"27,4",49,"15,7","1,86","12,89",11
19/07/2026 07:22,"27,4",49,"15,7","1,86","12,89",12
19/07/2026 07:37,"27,4",49,"15,7","1,86","12,89",12
19/07/2026 07:52,"27,4",49,"15,7","1,86","12,89",12
19/07/2026 08:07,"27,6",49,"15,9","1,88","13,04",12
19/07/2026 08:22,"27,6",49,"15,9","1,88","13,04",12
19/07/2026 08:37,"27,6",49,"15,9","1,88","13,04",12
19/07/2026 08:52,"27,6",49,"15,9","1,88","13,04",12
19/07/2026 09:07,"27,6",49,"15,9","1,88","13,04",12
19/07/2026 09:22,"27,6",49,"15,9","1,88","13,04",12
19/07/2026 09:37,"27,6",49,"15,9","1,88","13,04",12
19/07/2026 09:52,"27,6",49,"15,9","1,88","13,04",12
19/07/2026 10:07,"27,6",49,"15,9","1,88","13,04",12
19/07/2026 10:22,"27,6",49,"15,9","1,88","13,04",12
19/07/2026 10:37,"27,6",49,"15,9","1,88","13,04",12
19/07/2026 10:52,"27,6",49,"15,9","1,88","13,04",12
19/07/2026 11:07,"27,6",49,"15,9","1,88","13,04",12
19/07/2026 11:22,"27,6",49,"15,9","1,88","13,04",12
19/07/2026 11:37,"27,6",49,"15,9","1,88","13,04",12
19/07/2026 11:52,"27,6",49,"15,9","1,88","13,04",12
19/07/2026 12:07,"27,6",49,"15,9","1,88","13,04",12
19/07/2026 12:22,"27,6",49,"15,9","1,88","13,04",12
19/07/2026 12:37,"27,6",49,"15,9","1,88","13,04",12
19/07/2026 12:52,"27,6",49,"15,9","1,88","13,04",12
19/07/2026 13:07,"27,6",49,"15,9","1,88","13,04",12
19/07/2026 13:22,"27,6",49,"15,9","1,88","13,04",12
19/07/2026 13:37,"27,6",49,"15,9","1,88","13,04",12
19/07/2026 13:52,"27,6",49,"15,9","1,88","13,04",12
19/07/2026 14:07,"27,6",49,"15,9","1,88","13,04",13
19/07/2026 14:22,"27,6",49,"15,9","1,88","13,04",13
19/07/2026 14:37,"27,6",49,"15,9","1,88","13,04",12
19/07/2026 14:52,"27,6",49,"15,9","1,88","13,04",13
19/07/2026 15:07,"27,6",49,"15,9","1,88","13,04",13
19/07/2026 15:22,"27,6",49,"15,9","1,88","13,04",12
19/07/2026 15:37,"27,6",49,"15,9","1,88","13,04",11
19/07/2026 15:52,"27,6",49,"15,9","1,88","13,04",12
19/07/2026 16:07,"27,6",49,"15,9","1,88","13,04",13
19/07/2026 16:22,"27,7",47,"15,4","1,97","12,57",13
19/07/2026 16:37,"27,7",47,"15,4","1,97","12,57",13
19/07/2026 16:52,"27,7",47,"15,4","1,97","12,57",12
19/07/2026 17:07,"27,7",47,"15,4","1,97","12,57",12
19/07/2026 17:22,"27,7",47,"15,4","1,97","12,57",12
19/07/2026 17:37,"27,6",45,"14,6","2,03","11,97",12
19/07/2026 17:52,"27,6",45,"14,6","2,03","11,97",12
19/07/2026 18:07,"27,6",45,"14,6","2,03","11,97",12
19/07/2026 18:22,"27,6",45,"14,6","2,03","11,97",12
19/07/2026 18:37,"27,6",45,"14,6","2,03","11,97",12
19/07/2026 18:52,"27,6",45,"14,6","2,03","11,97",12
19/07/2026 19:07,"27,6",45,"14,6","2,03","11,97",12
19/07/2026 19:22,"27,6",45,"14,6","2,03","11,97",11
19/07/2026 19:37,"27,6",45,"14,6","2,03","11,97",11
19/07/2026 19:52,"27,7",43,"14,0","2,12","11,50",11
19/07/2026 20:07,"27,5",42,"13,4","2,13","11,11",11
19/07/2026 20:22,"27,5",42,"13,4","2,13","11,11",8
19/07/2026 20:37,"27,5",42,"13,4","2,13","11,11",5
19/07/2026 20:52,"27,5",42,"13,4","2,13","11,11",4
19/07/2026 21:07,"27,5",42,"13,4","2,13","11,11",1
19/07/2026 21:22,"27,3",42,"13,3","2,10","10,99",1
19/07/2026 21:37,"27,3",42,"13,3","2,10","10,99",1
19/07/2026 21:52,"27,3",42,"13,3","2,10","10,99",1
19/07/2026 22:07,"27,3",42,"13,3","2,10","10,99",1
19/07/2026 22:22,"27,1",41,"12,7","2,12","10,61",1
19/07/2026 22:37,"26,9",41,"12,5","2,09","10,49",1
19/07/2026 22:52,"26,5",40,"11,8","2,08","10,01",1
19/07/2026 23:07,"26,5",40,"11,8","2,08","10,01",1
19/07/2026 23:22,"26,1",39,"11,1","2,06","9,55",1
19/07/2026 23:37,"26,1",39,"11,1","2,06","9,55",1
19/07/2026 23:52,"25,9",39,"10,9","2,04","9,44",1
20/07/2026 00:07,"25,9",39,"10,9","2,04","9,44",1
20/07/2026 00:22,"25,8",41,"11,5","1,96","9,87",1
20/07/2026 00:37,"25,6",41,"11,4","1,94","9,76",1
20/07/2026 00:52,"25,6",41,"11,4","1,94","9,76",1
20/07/2026 01:07,"25,6",41,"11,4","1,94","9,76",1
20/07/2026 01:22,"25,5",43,"12,0","1,86","10,18",1
20/07/2026 01:37,"25,5",43,"12,0","1,86","10,18",1
20/07/2026 01:52,"25,5",43,"12,0","1,86","10,18",1
20/07/2026 02:07,"25,3",42,"11,5","1,87","9,83",1
20/07/2026 02:22,"25,5",42,"11,6","1,89","9,94",1
20/07/2026 02:37,"25,5",42,"11,6","1,89","9,94",1
20/07/2026 02:52,"25,3",43,"11,8","1,84","10,07",1
20/07/2026 03:07,"25,1",43,"11,6","1,82","9,95",1
20/07/2026 03:22,"25,1",43,"11,6","1,82","9,95",1
20/07/2026 03:37,"25,1",43,"11,6","1,82","9,95",1
20/07/2026 03:52,"25,1",43,"11,6","1,82","9,95",1
20/07/2026 04:07,"25,1",43,"11,6","1,82","9,95",1
20/07/2026 04:22,"25,1",43,"11,6","1,82","9,95",1
20/07/2026 04:37,"25,3",43,"11,8","1,84","10,07",1
20/07/2026 04:52,"25,3",43,"11,8","1,84","10,07",1
20/07/2026 05:07,"25,3",43,"11,8","1,84","10,07",1
20/07/2026 05:22,"25,3",43,"11,8","1,84","10,07",1
20/07/2026 05:37,"25,1",42,"11,3","1,85","9,72",1
20/07/2026 05:52,"24,9",41,"10,7","1,86","9,39",1
20/07/2026 06:07,"24,7",41,"10,6","1,84","9,28",1
20/07/2026 06:22,"24,7",41,"10,6","1,84","9,28",2
20/07/2026 06:37,"24,9",41,"10,7","1,86","9,39",11
20/07/2026 06:52,"25,1",42,"11,3","1,85","9,72",12
20/07/2026 07:07,"24,9",41,"10,7","1,86","9,39",12
20/07/2026 07:22,"25,1",41,"10,9","1,88","9,49",12
20/07/2026 07:37,"25,3",41,"11,1","1,90","9,60",12
20/07/2026 07:52,"25,5",41,"11,3","1,93","9,71",12
20/07/2026 08:07,"25,7",42,"11,8","1,92","10,06",12
20/07/2026 08:22,"25,7",42,"11,8","1,92","10,06",12
20/07/2026 08:37,"25,7",42,"11,8","1,92","10,06",12
20/07/2026 08:52,"25,7",42,"11,8","1,92","10,06",12
20/07/2026 09:07,"25,7",42,"11,8","1,92","10,06",12
20/07/2026 09:22,"25,7",40,"11,1","1,98","9,58",12
20/07/2026 09:37,"25,7",40,"11,1","1,98","9,58",12
20/07/2026 09:52,"25,7",40,"11,1","1,98","9,58",12
20/07/2026 10:07,"25,7",40,"11,1","1,98","9,58",12
20/07/2026 10:22,"25,7",40,"11,1","1,98","9,58",12
20/07/2026 10:37,"25,9",41,"11,6","1,97","9,93",12
20/07/2026 10:52,"25,9",41,"11,6","1,97","9,93",12
20/07/2026 11:07,"25,9",41,"11,6","1,97","9,93",12
20/07/2026 11:22,"25,9",41,"11,6","1,97","9,93",12
20/07/2026 11:37,"26,1",42,"12,2","1,96","10,28",12
20/07/2026 11:52,"26,1",42,"12,2","1,96","10,28",12
20/07/2026 12:07,"26,3",43,"12,7","1,95","10,64",12
20/07/2026 12:22,"26,3",43,"12,7","1,95","10,64",12
20/07/2026 12:37,"26,3",43,"12,7","1,95","10,64",12
20/07/2026 12:52,"26,3",43,"12,7","1,95","10,64",12
20/07/2026 13:07,"26,3",43,"12,7","1,95","10,64",12
20/07/2026 13:22,"26,3",43,"12,7","1,95","10,64",12
20/07/2026 13:37,"26,3",43,"12,7","1,95","10,64",12
20/07/2026 13:52,"26,3",43,"12,7","1,95","10,64",12
20/07/2026 14:07,"26,3",43,"12,7","1,95","10,64",12
20/07/2026 14:22,"26,3",43,"12,7","1,95","10,64",12
20/07/2026 14:37,"26,3",43,"12,7","1,95","10,64",12
20/07/2026 14:52,"26,3",43,"12,7","1,95","10,64",12
20/07/2026 15:07,"26,3",43,"12,7","1,95","10,64",13
20/07/2026 15:22,"26,3",43,"12,7","1,95","10,64",13
20/07/2026 15:37,"26,3",43,"12,7","1,95","10,64",13
20/07/2026 15:52,"26,5",43,"12,9","1,97","10,76",12
20/07/2026 16:07,"26,5",43,"12,9","1,97","10,76",12
20/07/2026 16:22,"26,5",43,"12,9","1,97","10,76",12
20/07/2026 16:37,"26,5",41,"12,2","2,04","10,26",12
20/07/2026 16:52,"26,5",41,"12,2","2,04","10,26",12
20/07/2026 17:07,"26,5",41,"12,2","2,04","10,26",12
20/07/2026 17:22,"26,5",41,"12,2","2,04","10,26",12
20/07/2026 17:37,"26,5",41,"12,2","2,04","10,26",12
20/07/2026 17:52,"26,5",41,"12,2","2,04","10,26",12
20/07/2026 18:07,"26,7",41,"12,4","2,07","10,38",12
20/07/2026 18:22,"26,7",41,"12,4","2,07","10,38",12
20/07/2026 18:37,"26,7",41,"12,4","2,07","10,38",12
20/07/2026 18:52,"26,7",41,"12,4","2,07","10,38",11
20/07/2026 19:07,"26,7",41,"12,4","2,07","10,38",11
20/07/2026 19:22,"26,7",41,"12,4","2,07","10,38",11
20/07/2026 19:37,"26,7",39,"11,6","2,14","9,87",11
20/07/2026 19:52,"26,7",39,"11,6","2,14","9,87",10
20/07/2026 20:07,"26,7",39,"11,6","2,14","9,87",11
20/07/2026 20:22,"26,7",39,"11,6","2,14","9,87",11
20/07/2026 20:37,"26,5",38,"11,0","2,15","9,51",9
20/07/2026 20:52,"26,5",38,"11,0","2,15","9,51",5
20/07/2026 21:07,"26,5",38,"11,0","2,15","9,51",2
20/07/2026 21:22,"26,3",38,"10,8","2,12","9,41",1
20/07/2026 21:37,"26,3",38,"10,8","2,12","9,41",1
20/07/2026 21:52,"26,4",40,"11,7","2,06","9,96",1
20/07/2026 22:07,"26,4",40,"11,7","2,06","9,96",1
20/07/2026 22:22,"26,4",40,"11,7","2,06","9,96",1
20/07/2026 22:37,"26,4",40,"11,7","2,06","9,96",1
20/07/2026 22:52,"26,4",40,"11,7","2,06","9,96",1
20/07/2026 23:07,"26,4",40,"11,7","2,06","9,96",1
20/07/2026 23:22,"26,6",40,"11,9","2,09","10,07",1
20/07/2026 23:37,"26,6",40,"11,9","2,09","10,07",1
20/07/2026 23:52,"26,2",38,"10,8","2,11","9,35",1
21/07/2026 00:07,"26,0",37,"10,2","2,12","9,01",1
21/07/2026 00:22,"25,6",37,"9,8","2,07","8,81",1
21/07/2026 00:37,"25,6",37,"9,8","2,07","8,81",1
21/07/2026 00:52,"25,4",36,"9,2","2,08","8,48",1
21/07/2026 01:07,"25,4",36,"9,2","2,08","8,48",1
21/07/2026 01:22,"25,4",36,"9,2","2,08","8,48",1
21/07/2026 01:37,"25,4",36,"9,2","2,08","8,48",1
21/07/2026 01:52,"25,4",36,"9,2","2,08","8,48",1
21/07/2026 02:07,"25,6",37,"9,8","2,07","8,81",1
21/07/2026 02:22,"25,6",37,"9,8","2,07","8,81",1
21/07/2026 02:37,"25,4",37,"9,6","2,04","8,71",1
21/07/2026 02:52,"25,4",37,"9,6","2,04","8,71",1
21/07/2026 03:07,"25,0",36,"8,9","2,03","8,29",1
21/07/2026 03:22,"25,0",36,"8,9","2,03","8,29",1
21/07/2026 03:37,"25,0",36,"8,9","2,03","8,29",1
21/07/2026 03:52,"25,2",37,"9,5","2,02","8,61",1
21/07/2026 04:07,"25,0",37,"9,3","2,00","8,52",1
21/07/2026 04:22,"25,0",37,"9,3","2,00","8,52",1
21/07/2026 04:37,"25,0",37,"9,3","2,00","8,52",1
21/07/2026 04:52,"24,6",37,"8,9","1,95","8,33",1
21/07/2026 05:07,"24,2",37,"8,6","1,90","8,14",1
21/07/2026 05:22,"24,2",37,"8,6","1,90","8,14",1
21/07/2026 05:37,"24,0",37,"8,4","1,88","8,05",1
21/07/2026 05:52,"23,6",38,"8,4","1,81","8,08",1
21/07/2026 06:07,"24,0",38,"8,8","1,85","8,27",1
21/07/2026 06:22,"24,0",38,"8,8","1,85","8,27",3
21/07/2026 06:37,"24,2",38,"9,0","1,87","8,36",11
21/07/2026 06:52,"24,4",38,"9,2","1,89","8,46",12
21/07/2026 07:07,"24,6",38,"9,3","1,92","8,55",12
21/07/2026 07:22,"24,4",38,"9,2","1,89","8,46",12
21/07/2026 07:37,"24,6",38,"9,3","1,92","8,55",12
21/07/2026 07:52,"24,6",38,"9,3","1,92","8,55",12
21/07/2026 08:07,"24,6",38,"9,3","1,92","8,55",12
21/07/2026 08:22,"24,6",38,"9,3","1,92","8,55",12
21/07/2026 08:37,"24,6",38,"9,3","1,92","8,55",12
21/07/2026 08:52,"24,6",38,"9,3","1,92","8,55",12
21/07/2026 09:07,"24,6",38,"9,3","1,92","8,55",12
21/07/2026 09:22,"24,6",38,"9,3","1,92","8,55",12
21/07/2026 09:37,"24,6",38,"9,3","1,92","8,55",12
21/07/2026 09:52,"24,6",38,"9,3","1,92","8,55",12
21/07/2026 10:07,"24,8",37,"9,1","1,97","8,42",12
21/07/2026 10:22,"24,8",37,"9,1","1,97","8,42",12
21/07/2026 10:37,"24,8",37,"9,1","1,97","8,42",12
21/07/2026 10:52,"24,8",37,"9,1","1,97","8,42",12
21/07/2026 11:07,"24,8",37,"9,1","1,97","8,42",12
21/07/2026 11:22,"24,8",37,"9,1","1,97","8,42",12
21/07/2026 11:37,"25,0",38,"9,7","1,96","8,75",12
21/07/2026 11:52,"25,0",38,"9,7","1,96","8,75",12
21/07/2026 12:07,"25,0",38,"9,7","1,96","8,75",12
21/07/2026 12:22,"25,0",38,"9,7","1,96","8,75",12
21/07/2026 12:37,"25,2",39,"10,3","1,96","9,08",12
21/07/2026 12:52,"25,2",39,"10,3","1,96","9,08",12
21/07/2026 13:07,"25,4",40,"10,8","1,95","9,42",12
21/07/2026 13:22,"25,4",40,"10,8","1,95","9,42",12
21/07/2026 13:37,"25,4",40,"10,8","1,95","9,42",12
21/07/2026 13:52,"25,4",40,"10,8","1,95","9,42",12
21/07/2026 14:07,"25,4",40,"10,8","1,95","9,42",12
21/07/2026 14:22,"25,6",41,"11,4","1,94","9,76",12
21/07/2026 14:37,"25,6",41,"11,4","1,94","9,76",12
21/07/2026 14:52,"25,8",42,"11,9","1,93","10,11",12
21/07/2026 15:07,"25,8",42,"11,9","1,93","10,11",13
21/07/2026 15:22,"25,8",42,"11,9","1,93","10,11",13
21/07/2026 15:37,"25,8",42,"11,9","1,93","10,11",12
21/07/2026 15:52,"25,8",42,"11,9","1,93","10,11",12
21/07/2026 16:07,"25,8",42,"11,9","1,93","10,11",12
21/07/2026 16:22,"25,8",42,"11,9","1,93","10,11",12
21/07/2026 16:37,"26,0",43,"12,4","1,92","10,47",12
21/07/2026 16:52,"26,0",43,"12,4","1,92","10,47",12
21/07/2026 17:07,"26,0",43,"12,4","1,92","10,47",12
21/07/2026 17:22,"26,0",43,"12,4","1,92","10,47",12
21/07/2026 17:37,"25,9",41,"11,6","1,97","9,93",12
21/07/2026 17:52,"25,9",41,"11,6","1,97","9,93",12
21/07/2026 18:07,"25,9",41,"11,6","1,97","9,93",12
21/07/2026 18:22,"25,9",41,"11,6","1,97","9,93",12
21/07/2026 18:37,"25,9",41,"11,6","1,97","9,93",12
21/07/2026 18:52,"25,9",41,"11,6","1,97","9,93",12
21/07/2026 19:07,"26,1",41,"11,8","1,99","10,04",12
21/07/2026 19:22,"26,1",41,"11,8","1,99","10,04",12
21/07/2026 19:37,"26,1",41,"11,8","1,99","10,04",12
21/07/2026 19:52,"26,1",41,"11,8","1,99","10,04",12
21/07/2026 20:07,"26,1",41,"11,8","1,99","10,04",12
21/07/2026 20:22,"26,1",41,"11,8","1,99","10,04",12
21/07/2026 20:37,"26,1",41,"11,8","1,99","10,04",11
21/07/2026 20:52,"26,1",41,"11,8","1,99","10,04",7
21/07/2026 21:07,"26,1",41,"11,8","1,99","10,04",2
21/07/2026 21:22,"26,1",41,"11,8","1,99","10,04",1
21/07/2026 21:37,"26,1",41,"11,8","1,99","10,04",1
21/07/2026 21:52,"26,1",41,"11,8","1,99","10,04",1
21/07/2026 22:07,"26,1",41,"11,8","1,99","10,04",1
21/07/2026 22:22,"26,1",41,"11,8","1,99","10,04",1
21/07/2026 22:37,"26,1",41,"11,8","1,99","10,04",1
21/07/2026 22:52,"26,1",41,"11,8","1,99","10,04",1
21/07/2026 23:07,"26,1",41,"11,8","1,99","10,04",1
21/07/2026 23:22,"26,1",41,"11,8","1,99","10,04",1
21/07/2026 23:37,"26,1",41,"11,8","1,99","10,04",1
21/07/2026 23:52,"26,1",41,"11,8","1,99","10,04",1
22/07/2026 00:07,"26,1",41,"11,8","1,99","10,04",1
22/07/2026 00:22,"26,1",41,"11,8","1,99","10,04",1
22/07/2026 00:37,"26,1",41,"11,8","1,99","10,04",1
22/07/2026 00:52,"26,1",41,"11,8","1,99","10,04",1
22/07/2026 01:07,"26,1",41,"11,8","1,99","10,04",1
22/07/2026 01:22,"26,1",41,"11,8","1,99","10,04",1
22/07/2026 01:37,"26,1",41,"11,8","1,99","10,04",1
22/07/2026 01:52,"26,1",41,"11,8","1,99","10,04",1
22/07/2026 02:07,"26,1",41,"11,8","1,99","10,04",1
22/07/2026 02:22,"26,1",41,"11,8","1,99","10,04",1
22/07/2026 02:37,"25,5",39,"10,5","1,99","9,23",1
22/07/2026 02:52,"25,3",39,"10,3","1,97","9,13",1
22/07/2026 03:07,"25,3",39,"10,3","1,97","9,13",1
22/07/2026 03:22,"25,5",40,"10,9","1,96","9,47",1
22/07/2026 03:37,"25,7",40,"11,1","1,98","9,58",1
22/07/2026 03:52,"25,7",40,"11,1","1,98","9,58",1
22/07/2026 04:07,"25,7",40,"11,1","1,98","9,58",1
22/07/2026 04:22,"25,7",40,"11,1","1,98","9,58",1
22/07/2026 04:37,"25,9",41,"11,6","1,97","9,93",1
22/07/2026 04:52,"25,9",41,"11,6","1,97","9,93",1
22/07/2026 05:07,"25,9",41,"11,6","1,97","9,93",1
22/07/2026 05:22,"25,9",41,"11,6","1,97","9,93",1
22/07/2026 05:37,"25,9",41,"11,6","1,97","9,93",1
22/07/2026 05:52,"25,9",41,"11,6","1,97","9,93",1
22/07/2026 06:07,"25,9",41,"11,6","1,97","9,93",1
22/07/2026 06:22,"25,9",41,"11,6","1,97","9,93",1
22/07/2026 06:37,"25,9",41,"11,6","1,97","9,93",1
22/07/2026 06:52,"25,9",41,"11,6","1,97","9,93",1
22/07/2026 07:07,"25,9",41,"11,6","1,97","9,93",1
22/07/2026 07:22,"25,9",41,"11,6","1,97","9,93",2
22/07/2026 07:37,"25,9",43,"12,4","1,90","10,41",2
22/07/2026 07:52,"25,9",43,"12,4","1,90","10,41",2
22/07/2026 08:07,"25,9",43,"12,4","1,90","10,41",3
22/07/2026 08:22,"25,9",43,"12,4","1,90","10,41",3
22/07/2026 08:37,"25,9",43,"12,4","1,90","10,41",4
22/07/2026 08:52,"25,9",43,"12,4","1,90","10,41",4
22/07/2026 09:07,"25,9",43,"12,4","1,90","10,41",4
22/07/2026 09:22,"25,9",43,"12,4","1,90","10,41",4
22/07/2026 09:37,"25,9",43,"12,4","1,90","10,41",4
22/07/2026 09:52,"25,9",43,"12,4","1,90","10,41",4
22/07/2026 10:07,"25,9",43,"12,4","1,90","10,41",4
22/07/2026 10:22,"25,9",43,"12,4","1,90","10,41",4
22/07/2026 10:37,"25,9",43,"12,4","1,90","10,41",4
22/07/2026 10:52,"25,9",43,"12,4","1,90","10,41",4
22/07/2026 11:07,"25,9",43,"12,4","1,90","10,41",5
22/07/2026 11:22,"25,9",43,"12,4","1,90","10,41",5
22/07/2026 11:37,"25,9",43,"12,4","1,90","10,41",5
22/07/2026 11:52,"25,9",43,"12,4","1,90","10,41",5
22/07/2026 12:07,"25,9",43,"12,4","1,90","10,41",5
22/07/2026 12:22,"25,9",43,"12,4","1,90","10,41",5
22/07/2026 12:37,"25,9",43,"12,4","1,90","10,41",8
22/07/2026 12:52,"25,9",43,"12,4","1,90","10,41",8
22/07/2026 13:07,"25,9",43,"12,4","1,90","10,41",8
22/07/2026 13:22,"25,9",43,"12,4","1,90","10,41",8
22/07/2026 13:37,"25,9",43,"12,4","1,90","10,41",8
22/07/2026 13:52,"25,9",43,"12,4","1,90","10,41",4
22/07/2026 14:07,"25,9",43,"12,4","1,90","10,41",4
22/07/2026 14:22,"25,9",43,"12,4","1,90","10,41",4
22/07/2026 14:37,"25,9",43,"12,4","1,90","10,41",4
22/07/2026 14:52,"25,9",43,"12,4","1,90","10,41",4
22/07/2026 15:07,"25,9",43,"12,4","1,90","10,41",4
22/07/2026 15:22,"25,9",43,"12,4","1,90","10,41",4
22/07/2026 15:37,"25,9",43,"12,4","1,90","10,41",4
22/07/2026 15:52,"25,9",43,"12,4","1,90","10,41",4
22/07/2026 16:07,"26,1",43,"12,5","1,93","10,53",4
22/07/2026 16:22,"26,1",43,"12,5","1,93","10,53",4
22/07/2026 16:37,"26,1",43,"12,5","1,93","10,53",4
22/07/2026 16:52,"26,1",43,"12,5","1,93","10,53",5
22/07/2026 17:07,"26,1",43,"12,5","1,93","10,53",5
22/07/2026 17:22,"26,1",43,"12,5","1,93","10,53",5
22/07/2026 17:37,"26,1",43,"12,5","1,93","10,53",5
22/07/2026 17:52,"26,1",43,"12,5","1,93","10,53",5
22/07/2026 18:07,"26,1",43,"12,5","1,93","10,53",5
22/07/2026 18:22,"26,1",43,"12,5","1,93","10,53",5
22/07/2026 18:37,"26,1",43,"12,5","1,93","10,53",5
22/07/2026 18:52,"26,1",43,"12,5","1,93","10,53",4
22/07/2026 19:07,"26,1",41,"11,8","1,99","10,04",4
22/07/2026 19:22,"26,1",41,"11,8","1,99","10,04",5
22/07/2026 19:37,"26,1",41,"11,8","1,99","10,04",4
22/07/2026 19:52,"26,1",41,"11,8","1,99","10,04",4
22/07/2026 20:07,"26,1",41,"11,8","1,99","10,04",4
22/07/2026 20:22,"26,1",41,"11,8","1,99","10,04",4
22/07/2026 20:37,"26,2",39,"11,1","2,07","9,60",3
22/07/2026 20:52,"26,2",39,"11,1","2,07","9,60",2
22/07/2026 21:07,"26,2",39,"11,1","2,07","9,60",1
22/07/2026 21:22,"26,2",39,"11,1","2,07","9,60",1
22/07/2026 21:37,"26,2",39,"11,1","2,07","9,60",1
22/07/2026 21:52,"26,2",39,"11,1","2,07","9,60",1
22/07/2026 22:07,"26,2",39,"11,1","2,07","9,60",1
22/07/2026 22:22,"26,2",39,"11,1","2,07","9,60",1
22/07/2026 22:37,"26,2",39,"11,1","2,07","9,60",1
22/07/2026 22:52,"26,2",39,"11,1","2,07","9,60",1
22/07/2026 23:07,"26,2",39,"11,1","2,07","9,60",1
22/07/2026 23:22,"26,2",39,"11,1","2,07","9,60",1
22/07/2026 23:37,"26,2",39,"11,1","2,07","9,60",1
22/07/2026 23:52,"26,2",39,"11,1","2,07","9,60",1
23/07/2026 00:07,"26,2",39,"11,1","2,07","9,60",1
23/07/2026 00:22,"26,2",39,"11,1","2,07","9,60",1
23/07/2026 00:37,"26,2",39,"11,1","2,07","9,60",1
23/07/2026 00:52,"26,2",39,"11,1","2,07","9,60",1
23/07/2026 01:07,"26,2",39,"11,1","2,07","9,60",1
23/07/2026 01:22,"26,2",39,"11,1","2,07","9,60",1
23/07/2026 01:37,"26,2",39,"11,1","2,07","9,60",1
23/07/2026 01:52,"26,2",39,"11,1","2,07","9,60",1
23/07/2026 02:07,"26,2",39,"11,1","2,07","9,60",1
23/07/2026 02:22,"26,2",39,"11,1","2,07","9,60",1
23/07/2026 02:37,"26,2",41,"11,9","2,01","10,09",1
23/07/2026 02:52,"26,2",41,"11,9","2,01","10,09",1
23/07/2026 03:07,"26,2",41,"11,9","2,01","10,09",1
23/07/2026 03:22,"26,2",41,"11,9","2,01","10,09",1
23/07/2026 03:37,"26,2",41,"11,9","2,01","10,09",1
23/07/2026 03:52,"26,2",41,"11,9","2,01","10,09",1
23/07/2026 04:07,"26,2",41,"11,9","2,01","10,09",1
23/07/2026 04:22,"26,2",41,"11,9","2,01","10,09",1
23/07/2026 04:37,"26,2",41,"11,9","2,01","10,09",1
23/07/2026 04:52,"26,2",41,"11,9","2,01","10,09",1
23/07/2026 05:07,"26,2",41,"11,9","2,01","10,09",1
23/07/2026 05:22,"26,2",41,"11,9","2,01","10,09",1
23/07/2026 05:37,"26,2",41,"11,9","2,01","10,09",1
23/07/2026 05:52,"26,2",41,"11,9","2,01","10,09",1
23/07/2026 06:07,"26,2",41,"11,9","2,01","10,09",1
23/07/2026 06:22,"26,2",41,"11,9","2,01","10,09",1
23/07/2026 06:37,"26,2",43,"12,6","1,94","10,59",1
23/07/2026 06:52,"26,2",43,"12,6","1,94","10,59",1
23/07/2026 07:07,"26,2",43,"12,6","1,94","10,59",1
23/07/2026 07:22,"26,2",43,"12,6","1,94","10,59",1
23/07/2026 07:37,"26,2",43,"12,6","1,94","10,59",2
23/07/2026 07:52,"26,2",43,"12,6","1,94","10,59",2
23/07/2026 08:07,"26,2",43,"12,6","1,94","10,59",2
23/07/2026 08:22,"26,2",43,"12,6","1,94","10,59",2
23/07/2026 08:37,"26,2",43,"12,6","1,94","10,59",1
23/07/2026 08:52,"26,2",43,"12,6","1,94","10,59",1
23/07/2026 09:07,"26,2",43,"12,6","1,94","10,59",2
23/07/2026 09:22,"26,2",43,"12,6","1,94","10,59",2
23/07/2026 09:37,"26,2",43,"12,6","1,94","10,59",2
23/07/2026 09:52,"26,2",43,"12,6","1,94","10,59",2
23/07/2026 10:07,"26,2",43,"12,6","1,94","10,59",2
23/07/2026 10:22,"26,2",43,"12,6","1,94","10,59",2
23/07/2026 10:37,"26,2",43,"12,6","1,94","10,59",3
23/07/2026 10:52,"26,2",43,"12,6","1,94","10,59",3
23/07/2026 11:07,"26,2",43,"12,6","1,94","10,59",3
23/07/2026 11:22,"26,2",43,"12,6","1,94","10,59",3
23/07/2026 11:37,"26,2",43,"12,6","1,94","10,59",3
23/07/2026 11:52,"26,2",43,"12,6","1,94","10,59",3
23/07/2026 12:07,"26,2",43,"12,6","1,94","10,59",3
23/07/2026 12:22,"26,2",43,"12,6","1,94","10,59",3
23/07/2026 12:37,"26,2",43,"12,6","1,94","10,59",3
23/07/2026 12:52,"26,2",43,"12,6","1,94","10,59",3
23/07/2026 13:07,"26,3",45,"13,4","1,88","11,14",3
23/07/2026 13:22,"26,3",45,"13,4","1,88","11,14",4
23/07/2026 13:37,"26,3",45,"13,4","1,88","11,14",4
23/07/2026 13:52,"26,3",45,"13,4","1,88","11,14",4
23/07/2026 14:07,"26,3",45,"13,4","1,88","11,14",4
23/07/2026 14:22,"26,2",43,"12,6","1,94","10,59",4
23/07/2026 14:37,"26,2",43,"12,6","1,94","10,59",4
23/07/2026 14:52,"26,2",43,"12,6","1,94","10,59",4
23/07/2026 15:07,"26,2",43,"12,6","1,94","10,59",4
23/07/2026 15:22,"26,2",43,"12,6","1,94","10,59",5
23/07/2026 15:37,"26,1",41,"11,8","1,99","10,04",5
23/07/2026 15:52,"26,1",41,"11,8","1,99","10,04",5
23/07/2026 16:07,"26,3",42,"12,4","1,98","10,40",5
23/07/2026 16:22,"26,3",42,"12,4","1,98","10,40",5
23/07/2026 16:37,"26,3",42,"12,4","1,98","10,40",5
23/07/2026 16:52,"26,3",42,"12,4","1,98","10,40",5
23/07/2026 17:07,"26,3",42,"12,4","1,98","10,40",5
23/07/2026 17:22,"26,3",42,"12,4","1,98","10,40",6
23/07/2026 17:37,"26,3",42,"12,4","1,98","10,40",5
23/07/2026 17:52,"26,3",42,"12,4","1,98","10,40",2
23/07/2026 18:07,"26,3",42,"12,4","1,98","10,40",5
23/07/2026 18:22,"26,3",42,"12,4","1,98","10,40",5
23/07/2026 18:37,"26,3",42,"12,4","1,98","10,40",5
23/07/2026 18:52,"26,3",42,"12,4","1,98","10,40",5
23/07/2026 19:07,"26,3",42,"12,4","1,98","10,40",5
23/07/2026 19:22,"26,3",42,"12,4","1,98","10,40",4
23/07/2026 19:37,"26,4",44,"13,2","1,93","10,95",3
23/07/2026 19:52,"26,4",44,"13,2","1,93","10,95",4
23/07/2026 20:07,"26,4",44,"13,2","1,93","10,95",4
23/07/2026 20:22,"26,4",44,"13,2","1,93","10,95",3
23/07/2026 20:37,"26,4",44,"13,2","1,93","10,95",2
23/07/2026 20:52,"26,4",44,"13,2","1,93","10,95",2
23/07/2026 21:07,"26,4",44,"13,2","1,93","10,95",1
23/07/2026 21:22,"26,4",44,"13,2","1,93","10,95",1
23/07/2026 21:37,"26,4",44,"13,2","1,93","10,95",1
23/07/2026 21:52,"26,4",44,"13,2","1,93","10,95",1
23/07/2026 22:07,"26,4",44,"13,2","1,93","10,95",1
23/07/2026 22:22,"26,4",44,"13,2","1,93","10,95",1
23/07/2026 22:37,"26,4",44,"13,2","1,93","10,95",1
23/07/2026 22:52,"26,4",44,"13,2","1,93","10,95",1
23/07/2026 23:07,"26,4",44,"13,2","1,93","10,95",1
23/07/2026 23:22,"26,4",44,"13,2","1,93","10,95",1
23/07/2026 23:37,"26,4",44,"13,2","1,93","10,95",1
23/07/2026 23:52,"26,4",44,"13,2","1,93","10,95",1
24/07/2026 00:07,"26,4",44,"13,2","1,93","10,95",1
24/07/2026 00:22,"26,4",44,"13,2","1,93","10,95",1
24/07/2026 00:37,"26,4",44,"13,2","1,93","10,95",1
24/07/2026 00:52,"26,4",44,"13,2","1,93","10,95",1
24/07/2026 01:07,"26,4",44,"13,2","1,93","10,95",1
24/07/2026 01:22,"26,3",42,"12,4","1,98","10,40",1
24/07/2026 01:37,"26,3",42,"12,4","1,98","10,40",1
24/07/2026 01:52,"26,3",42,"12,4","1,98","10,40",1
24/07/2026 02:07,"26,3",42,"12,4","1,98","10,40",1
24/07/2026 02:22,"26,3",42,"12,4","1,98","10,40",1
24/07/2026 02:37,"26,3",42,"12,4","1,98","10,40",1
24/07/2026 02:52,"26,3",42,"12,4","1,98","10,40",1
24/07/2026 03:07,"26,3",42,"12,4","1,98","10,40",1
24/07/2026 03:22,"26,3",42,"12,4","1,98","10,40",1
24/07/2026 03:37,"26,3",42,"12,4","1,98","10,40",1
24/07/2026 03:52,"26,3",42,"12,4","1,98","10,40",1
24/07/2026 04:07,"26,3",42,"12,4","1,98","10,40",1
24/07/2026 04:22,"26,3",42,"12,4","1,98","10,40",1
24/07/2026 04:37,"26,3",42,"12,4","1,98","10,40",1
24/07/2026 04:52,"26,3",42,"12,4","1,98","10,40",1
24/07/2026 05:07,"26,3",42,"12,4","1,98","10,40",1
24/07/2026 05:22,"26,3",42,"12,4","1,98","10,40",1
24/07/2026 05:37,"26,3",42,"12,4","1,98","10,40",1
24/07/2026 05:52,"26,3",42,"12,4","1,98","10,40",1
24/07/2026 06:07,"26,3",42,"12,4","1,98","10,40",2
24/07/2026 06:22,"26,3",42,"12,4","1,98","10,40",6
24/07/2026 06:37,"26,3",42,"12,4","1,98","10,40",13
24/07/2026 06:52,"26,3",42,"12,4","1,98","10,40",15
24/07/2026 07:07,"26,3",42,"12,4","1,98","10,40",16
24/07/2026 07:22,"26,3",42,"12,4","1,98","10,40",16
24/07/2026 07:37,"26,5",43,"12,9","1,97","10,76",16
24/07/2026 07:52,"26,5",43,"12,9","1,97","10,76",16
24/07/2026 08:07,"26,5",43,"12,9","1,97","10,76",16
24/07/2026 08:22,"26,5",43,"12,9","1,97","10,76",16
24/07/2026 08:37,"26,7",43,"13,1","2,00","10,88",15
24/07/2026 08:52,"26,7",43,"13,1","2,00","10,88",15
24/07/2026 09:07,"26,7",43,"13,1","2,00","10,88",14
24/07/2026 09:22,"26,7",43,"13,1","2,00","10,88",14
24/07/2026 09:37,"26,7",43,"13,1","2,00","10,88",14
24/07/2026 09:52,"26,7",43,"13,1","2,00","10,88",14
24/07/2026 10:07,"26,7",43,"13,1","2,00","10,88",14
24/07/2026 10:22,"26,7",43,"13,1","2,00","10,88",14
24/07/2026 10:37,"26,7",43,"13,1","2,00","10,88",14
24/07/2026 10:52,"26,7",43,"13,1","2,00","10,88",14
24/07/2026 11:07,"26,7",43,"13,1","2,00","10,88",14
24/07/2026 11:22,"26,7",43,"13,1","2,00","10,88",14
24/07/2026 11:37,"26,7",43,"13,1","2,00","10,88",14
24/07/2026 11:52,"26,7",43,"13,1","2,00","10,88",14
24/07/2026 12:07,"26,7",43,"13,1","2,00","10,88",14
24/07/2026 12:22,"26,7",43,"13,1","2,00","10,88",14
24/07/2026 12:37,"26,7",43,"13,1","2,00","10,88",12
24/07/2026 12:52,"26,7",43,"13,1","2,00","10,88",12
24/07/2026 13:07,"26,7",43,"13,1","2,00","10,88",12
24/07/2026 13:22,"26,7",43,"13,1","2,00","10,88",12
24/07/2026 13:37,"26,7",43,"13,1","2,00","10,88",12
24/07/2026 13:52,"26,7",43,"13,1","2,00","10,88",12
24/07/2026 14:07,"26,7",43,"13,1","2,00","10,88",12
24/07/2026 14:22,"26,7",45,"13,8","1,93","11,39",12
24/07/2026 14:37,"26,7",45,"13,8","1,93","11,39",12
24/07/2026 14:52,"26,7",45,"13,8","1,93","11,39",12
24/07/2026 15:07,"26,7",45,"13,8","1,93","11,39",13
24/07/2026 15:22,"26,7",45,"13,8","1,93","11,39",13
24/07/2026 15:37,"26,7",45,"13,8","1,93","11,39",13
24/07/2026 15:52,"26,7",45,"13,8","1,93","11,39",13
24/07/2026 16:07,"26,7",45,"13,8","1,93","11,39",13
24/07/2026 16:22,"26,7",45,"13,8","1,93","11,39",13
24/07/2026 16:37,"26,7",45,"13,8","1,93","11,39",13
24/07/2026 16:52,"26,7",45,"13,8","1,93","11,39",13
24/07/2026 17:07,"26,7",45,"13,8","1,93","11,39",13
24/07/2026 17:22,"26,7",43,"13,1","2,00","10,88",13
24/07/2026 17:37,"26,7",43,"13,1","2,00","10,88",13
24/07/2026 17:52,"26,7",43,"13,1","2,00","10,88",13
24/07/2026 18:07,"26,7",43,"13,1","2,00","10,88",13
24/07/2026 18:22,"26,7",43,"13,1","2,00","10,88",13
24/07/2026 18:37,"26,7",43,"13,1","2,00","10,88",13
24/07/2026 18:52,"26,7",43,"13,1","2,00","10,88",13
24/07/2026 19:07,"26,7",43,"13,1","2,00","10,88",13
24/07/2026 19:22,"26,7",43,"13,1","2,00","10,88",13
24/07/2026 19:37,"26,7",43,"13,1","2,00","10,88",12
24/07/2026 19:52,"26,7",43,"13,1","2,00","10,88",12
24/07/2026 20:07,"26,7",43,"13,1","2,00","10,88",13
24/07/2026 20:22,"26,7",43,"13,1","2,00","10,88",12
24/07/2026 20:37,"26,7",43,"13,1","2,00","10,88",11
24/07/2026 20:52,"26,7",43,"13,1","2,00","10,88",8
24/07/2026 21:07,"26,7",43,"13,1","2,00","10,88",1
24/07/2026 21:22,"26,7",41,"12,4","2,07","10,38",1
24/07/2026 21:37,"26,7",41,"12,4","2,07","10,38",1
24/07/2026 21:52,"26,7",41,"12,4","2,07","10,38",1
24/07/2026 22:07,"26,7",41,"12,4","2,07","10,38",1
24/07/2026 22:22,"26,7",41,"12,4","2,07","10,38",1
24/07/2026 22:37,"26,7",41,"12,4","2,07","10,38",1
24/07/2026 22:52,"26,7",41,"12,4","2,07","10,38",1
24/07/2026 23:07,"26,7",41,"12,4","2,07","10,38",1
24/07/2026 23:22,"26,8",43,"13,2","2,01","10,94",1
24/07/2026 23:37,"26,8",43,"13,2","2,01","10,94",1
24/07/2026 23:52,"26,8",43,"13,2","2,01","10,94",1
25/07/2026 00:07,"26,8",43,"13,2","2,01","10,94",1
25/07/2026 00:22,"26,8",43,"13,2","2,01","10,94",1
25/07/2026 00:37,"26,8",43,"13,2","2,01","10,94",1
25/07/2026 00:52,"26,8",43,"13,2","2,01","10,94",1
25/07/2026 01:07,"26,8",43,"13,2","2,01","10,94",1
25/07/2026 01:22,"26,8",43,"13,2","2,01","10,94",1
25/07/2026 01:37,"26,6",42,"12,6","2,02","10,57",1
25/07/2026 01:52,"26,6",42,"12,6","2,02","10,57",1
25/07/2026 02:07,"26,6",42,"12,6","2,02","10,57",1
25/07/2026 02:22,"26,6",42,"12,6","2,02","10,57",1
25/07/2026 02:37,"26,6",42,"12,6","2,02","10,57",1
25/07/2026 02:52,"26,6",42,"12,6","2,02","10,57",1
25/07/2026 03:07,"26,6",42,"12,6","2,02","10,57",1
25/07/2026 03:22,"26,6",42,"12,6","2,02","10,57",1
25/07/2026 03:37,"26,6",42,"12,6","2,02","10,57",1
25/07/2026 03:52,"26,6",42,"12,6","2,02","10,57",1
25/07/2026 04:07,"26,6",42,"12,6","2,02","10,57",1
25/07/2026 04:22,"26,6",42,"12,6","2,02","10,57",1
25/07/2026 04:37,"26,6",42,"12,6","2,02","10,57",1
25/07/2026 04:52,"26,6",42,"12,6","2,02","10,57",1
25/07/2026 05:07,"26,6",42,"12,6","2,02","10,57",1
25/07/2026 05:22,"26,4",42,"12,5","2,00","10,46",1
25/07/2026 05:37,"26,4",42,"12,5","2,00","10,46",1
25/07/2026 05:52,"26,4",42,"12,5","2,00","10,46",1
25/07/2026 06:07,"26,4",42,"12,5","2,00","10,46",1
25/07/2026 06:22,"26,4",42,"12,5","2,00","10,46",3
25/07/2026 06:37,"26,4",42,"12,5","2,00","10,46",10
25/07/2026 06:52,"26,4",42,"12,5","2,00","10,46",12
25/07/2026 07:07,"26,4",42,"12,5","2,00","10,46",7
25/07/2026 07:22,"26,4",42,"12,5","2,00","10,46",5
25/07/2026 07:37,"26,4",42,"12,5","2,00","10,46",5
25/07/2026 07:52,"26,4",42,"12,5","2,00","10,46",5
25/07/2026 08:07,"26,4",42,"12,5","2,00","10,46",6
25/07/2026 08:22,"26,4",42,"12,5","2,00","10,46",11
25/07/2026 08:37,"26,4",42,"12,5","2,00","10,46",12
25/07/2026 08:52,"26,4",42,"12,5","2,00","10,46",12
25/07/2026 09:07,"26,4",42,"12,5","2,00","10,46",12
25/07/2026 09:22,"26,6",43,"13,0","1,98","10,82",12
25/07/2026 09:37,"26,6",43,"13,0","1,98","10,82",12
25/07/2026 09:52,"26,6",43,"13,0","1,98","10,82",12
25/07/2026 10:07,"26,6",43,"13,0","1,98","10,82",12
25/07/2026 10:22,"26,6",43,"13,0","1,98","10,82",12
25/07/2026 10:37,"26,6",43,"13,0","1,98","10,82",12
25/07/2026 10:52,"26,6",43,"13,0","1,98","10,82",12
25/07/2026 11:07,"26,6",43,"13,0","1,98","10,82",12
25/07/2026 11:22,"26,6",43,"13,0","1,98","10,82",13
25/07/2026 11:37,"26,6",43,"13,0","1,98","10,82",13
25/07/2026 11:52,"26,6",43,"13,0","1,98","10,82",13
25/07/2026 12:07,"26,6",43,"13,0","1,98","10,82",13
25/07/2026 12:22,"26,6",43,"13,0","1,98","10,82",13
25/07/2026 12:37,"26,6",43,"13,0","1,98","10,82",13
25/07/2026 12:52,"26,6",43,"13,0","1,98","10,82",12
25/07/2026 13:07,"26,6",43,"13,0","1,98","10,82",12
25/07/2026 13:22,"26,6",43,"13,0","1,98","10,82",12
25/07/2026 13:37,"26,6",43,"13,0","1,98","10,82",12
25/07/2026 13:52,"26,8",43,"13,2","2,01","10,94",12
25/07/2026 14:07,"26,8",43,"13,2","2,01","10,94",12
25/07/2026 14:22,"26,8",43,"13,2","2,01","10,94",12
25/07/2026 14:37,"26,8",45,"13,9","1,94","11,45",11
25/07/2026 14:52,"26,8",45,"13,9","1,94","11,45",12
25/07/2026 15:07,"26,8",45,"13,9","1,94","11,45",12
25/07/2026 15:22,"26,8",45,"13,9","1,94","11,45",12
25/07/2026 15:37,"26,8",45,"13,9","1,94","11,45",12
25/07/2026 15:52,"26,8",45,"13,9","1,94","11,45",12
25/07/2026 16:07,"26,8",45,"13,9","1,94","11,45",12
25/07/2026 16:22,"26,8",45,"13,9","1,94","11,45",13
25/07/2026 16:37,"26,8",45,"13,9","1,94","11,45",13
25/07/2026 16:52,"26,8",45,"13,9","1,94","11,45",13
25/07/2026 17:07,"26,8",45,"13,9","1,94","11,45",12
25/07/2026 17:22,"27,0",45,"14,1","1,96","11,58",12
25/07/2026 17:37,"27,0",45,"14,1","1,96","11,58",13
25/07/2026 17:52,"27,0",45,"14,1","1,96","11,58",12
25/07/2026 18:07,"27,0",47,"14,7","1,89","12,10",12
25/07/2026 18:22,"27,0",47,"14,7","1,89","12,10",12
25/07/2026 18:37,"27,0",47,"14,7","1,89","12,10",11
25/07/2026 18:52,"27,0",47,"14,7","1,89","12,10",11
25/07/2026 19:07,"27,0",47,"14,7","1,89","12,10",11
25/07/2026 19:22,"27,0",47,"14,7","1,89","12,10",9
25/07/2026 19:37,"27,0",47,"14,7","1,89","12,10",6
25/07/2026 19:52,"27,0",47,"14,7","1,89","12,10",5
25/07/2026 20:07,"27,0",47,"14,7","1,89","12,10",4
25/07/2026 20:22,"27,0",47,"14,7","1,89","12,10",2
25/07/2026 20:37,"26,8",46,"14,2","1,90","11,71",1
25/07/2026 20:52,"26,8",46,"14,2","1,90","11,71",1
25/07/2026 21:07,"26,8",46,"14,2","1,90","11,71",1
25/07/2026 21:22,"26,8",46,"14,2","1,90","11,71",1
25/07/2026 21:37,"26,8",46,"14,2","1,90","11,71",1
25/07/2026 21:52,"26,8",46,"14,2","1,90","11,71",1
25/07/2026 22:07,"26,8",46,"14,2","1,90","11,71",1
25/07/2026 22:22,"26,8",46,"14,2","1,90","11,71",1
25/07/2026 22:37,"26,8",46,"14,2","1,90","11,71",1
25/07/2026 22:52,"26,8",46,"14,2","1,90","11,71",1
25/07/2026 23:07,"26,8",46,"14,2","1,90","11,71",1
25/07/2026 23:22,"26,8",46,"14,2","1,90","11,71",1
25/07/2026 23:37,"26,8",46,"14,2","1,90","11,71",1
25/07/2026 23:52,"26,8",46,"14,2","1,90","11,71",1
26/07/2026 00:07,"26,8",46,"14,2","1,90","11,71",1
26/07/2026 00:22,"26,8",46,"14,2","1,90","11,71",1
26/07/2026 00:37,"26,8",46,"14,2","1,90","11,71",1
26/07/2026 00:52,"26,8",46,"14,2","1,90","11,71",1
26/07/2026 01:07,"26,8",46,"14,2","1,90","11,71",1
26/07/2026 01:22,"26,8",46,"14,2","1,90","11,71",1
26/07/2026 01:37,"26,8",46,"14,2","1,90","11,71",1
26/07/2026 01:52,"26,8",46,"14,2","1,90","11,71",1
26/07/2026 02:07,"26,8",46,"14,2","1,90","11,71",1
26/07/2026 02:22,"26,8",46,"14,2","1,90","11,71",1
26/07/2026 02:37,"26,8",46,"14,2","1,90","11,71",1
26/07/2026 02:52,"26,8",48,"14,9","1,83","12,22",1
26/07/2026 03:07,"26,8",48,"14,9","1,83","12,22",1
26/07/2026 03:22,"26,8",48,"14,9","1,83","12,22",8
26/07/2026 03:37,"26,8",48,"14,9","1,83","12,22",1
26/07/2026 03:52,"26,8",48,"14,9","1,83","12,22",1
26/07/2026 04:07,"26,8",48,"14,9","1,83","12,22",1
26/07/2026 04:22,"26,8",48,"14,9","1,83","12,22",1
26/07/2026 04:37,"26,8",48,"14,9","1,83","12,22",1
26/07/2026 04:52,"26,8",48,"14,9","1,83","12,22",1
26/07/2026 05:07,"26,8",48,"14,9","1,83","12,22",1
26/07/2026 05:22,"26,8",48,"14,9","1,83","12,22",1
26/07/2026 05:37,"26,8",48,"14,9","1,83","12,22",1
26/07/2026 05:52,"26,8",48,"14,9","1,83","12,22",1
26/07/2026 06:07,"26,8",48,"14,9","1,83","12,22",1
26/07/2026 06:22,"26,8",48,"14,9","1,83","12,22",1
26/07/2026 06:37,"26,8",48,"14,9","1,83","12,22",1
26/07/2026 06:52,"26,6",49,"15,0","1,78","12,33",2
26/07/2026 07:07,"26,6",49,"15,0","1,78","12,33",2
26/07/2026 07:22,"26,6",49,"15,0","1,78","12,33",2
26/07/2026 07:37,"26,6",49,"15,0","1,78","12,33",1
26/07/2026 07:52,"26,6",49,"15,0","1,78","12,33",1
26/07/2026 08:07,"26,6",49,"15,0","1,78","12,33",1
26/07/2026 08:22,"26,6",49,"15,0","1,78","12,33",1
26/07/2026 08:37,"26,6",49,"15,0","1,78","12,33",2
26/07/2026 08:52,"26,6",49,"15,0","1,78","12,33",3
26/07/2026 09:07,"26,6",49,"15,0","1,78","12,33",3
26/07/2026 09:22,"26,6",49,"15,0","1,78","12,33",3
26/07/2026 09:37,"26,6",49,"15,0","1,78","12,33",6
26/07/2026 09:52,"26,6",49,"15,0","1,78","12,33",10
26/07/2026 10:07,"26,6",49,"15,0","1,78","12,33",11
26/07/2026 10:22,"26,6",51,"15,6","1,71","12,84",11
26/07/2026 10:37,"26,6",51,"15,6","1,71","12,84",6
26/07/2026 10:52,"26,6",51,"15,6","1,71","12,84",11
26/07/2026 11:07,"26,6",51,"15,6","1,71","12,84",12
26/07/2026 11:22,"26,6",51,"15,6","1,71","12,84",12
26/07/2026 11:37,"26,6",51,"15,6","1,71","12,84",12
26/07/2026 11:52,"26,6",51,"15,6","1,71","12,84",12
26/07/2026 12:07,"26,6",51,"15,6","1,71","12,84",12
26/07/2026 12:22,"26,6",51,"15,6","1,71","12,84",12
26/07/2026 12:37,"26,6",51,"15,6","1,71","12,84",12
26/07/2026 12:52,"26,6",51,"15,6","1,71","12,84",12
26/07/2026 13:07,"26,6",51,"15,6","1,71","12,84",12
26/07/2026 13:22,"26,6",51,"15,6","1,71","12,84",12
26/07/2026 13:37,"26,6",51,"15,6","1,71","12,84",13
26/07/2026 13:52,"26,6",51,"15,6","1,71","12,84",13
26/07/2026 14:07,"26,6",51,"15,6","1,71","12,84",13
26/07/2026 14:22,"26,6",51,"15,6","1,71","12,84",13
26/07/2026 14:37,"26,6",51,"15,6","1,71","12,84",13
26/07/2026 14:52,"26,6",51,"15,6","1,71","12,84",12
26/07/2026 15:07,"26,6",51,"15,6","1,71","12,84",13
26/07/2026 15:22,"26,6",51,"15,6","1,71","12,84",12
26/07/2026 15:37,"26,6",51,"15,6","1,71","12,84",11
26/07/2026 15:52,"26,6",51,"15,6","1,71","12,84",12
26/07/2026 16:07,"26,8",52,"16,1","1,69","13,24",12
26/07/2026 16:22,"26,8",52,"16,1","1,69","13,24",11
26/07/2026 16:37,"26,8",52,"16,1","1,69","13,24",12
26/07/2026 16:52,"26,8",52,"16,1","1,69","13,24",12
26/07/2026 17:07,"26,6",52,"15,9","1,67","13,09",12
26/07/2026 17:22,"26,6",52,"15,9","1,67","13,09",12
26/07/2026 17:37,"26,6",52,"15,9","1,67","13,09",12
26/07/2026 17:52,"26,6",52,"15,9","1,67","13,09",12
26/07/2026 18:07,"26,6",52,"15,9","1,67","13,09",10
26/07/2026 18:22,"26,6",52,"15,9","1,67","13,09",9
26/07/2026 18:37,"26,6",52,"15,9","1,67","13,09",11
26/07/2026 18:52,"26,6",52,"15,9","1,67","13,09",4
26/07/2026 19:07,"26,6",52,"15,9","1,67","13,09",12
26/07/2026 19:22,"26,6",52,"15,9","1,67","13,09",11
26/07/2026 19:37,"26,6",52,"15,9","1,67","13,09",9
26/07/2026 19:52,"26,6",52,"15,9","1,67","13,09",10
26/07/2026 20:07,"26,6",52,"15,9","1,67","13,09",3
26/07/2026 20:22,"26,6",52,"15,9","1,67","13,09",2
26/07/2026 20:37,"26,6",50,"15,3","1,74","12,59",1
26/07/2026 20:52,"26,6",50,"15,3","1,74","12,59",1
26/07/2026 21:07,"26,4",50,"15,1","1,72","12,45",1
26/07/2026 21:22,"26,4",50,"15,1","1,72","12,45",1
26/07/2026 21:37,"26,4",50,"15,1","1,72","12,45",1
26/07/2026 21:52,"26,4",50,"15,1","1,72","12,45",1
26/07/2026 22:07,"26,4",50,"15,1","1,72","12,45",1
26/07/2026 22:22,"26,4",50,"15,1","1,72","12,45",1
26/07/2026 22:37,"26,4",52,"15,7","1,65","12,94",1
26/07/2026 22:52,"26,4",52,"15,7","1,65","12,94",1
26/07/2026 23:07,"26,4",52,"15,7","1,65","12,94",1
26/07/2026 23:22,"26,4",52,"15,7","1,65","12,94",1
26/07/2026 23:37,"26,2",51,"15,3","1,67","12,56",8
26/07/2026 23:52,"26,2",51,"15,3","1,67","12,56",1
27/07/2026 00:07,"26,3",53,"16,0","1,61","13,12",1
27/07/2026 00:22,"26,3",53,"16,0","1,61","13,12",1
27/07/2026 00:37,"26,1",53,"15,8","1,59","12,98",1
27/07/2026 00:52,"26,1",53,"15,8","1,59","12,98",1
27/07/2026 01:07,"26,1",53,"15,8","1,59","12,98",1
27/07/2026 01:22,"26,1",53,"15,8","1,59","12,98",1
27/07/2026 01:37,"25,9",53,"15,6","1,57","12,83",1
27/07/2026 01:52,"25,9",53,"15,6","1,57","12,83",1
27/07/2026 02:07,"25,9",53,"15,6","1,57","12,83",1
27/07/2026 02:22,"25,9",53,"15,6","1,57","12,83",1
27/07/2026 02:37,"25,9",53,"15,6","1,57","12,83",1
27/07/2026 02:52,"25,7",52,"15,1","1,59","12,45",1
27/07/2026 03:07,"25,7",50,"14,5","1,65","11,97",1
27/07/2026 03:22,"25,7",50,"14,5","1,65","11,97",1
27/07/2026 03:37,"25,5",49,"14,0","1,66","11,60",1
27/07/2026 03:52,"25,5",49,"14,0","1,66","11,60",1
27/07/2026 04:07,"25,5",49,"14,0","1,66","11,60",1
27/07/2026 04:22,"25,5",49,"14,0","1,66","11,60",1
27/07/2026 04:37,"25,5",49,"14,0","1,66","11,60",1
27/07/2026 04:52,"25,5",49,"14,0","1,66","11,60",1
27/07/2026 05:07,"25,5",49,"14,0","1,66","11,60",1
27/07/2026 05:22,"25,5",49,"14,0","1,66","11,60",1
27/07/2026 05:37,"25,5",49,"14,0","1,66","11,60",1
27/07/2026 05:52,"25,5",49,"14,0","1,66","11,60",1
27/07/2026 06:07,"25,3",50,"14,1","1,61","11,71",1
27/07/2026 06:22,"25,3",50,"14,1","1,61","11,71",1
27/07/2026 06:37,"25,3",50,"14,1","1,61","11,71",1
27/07/2026 06:52,"25,3",50,"14,1","1,61","11,71",1
27/07/2026 07:07,"25,3",50,"14,1","1,61","11,71",4
27/07/2026 07:22,"25,3",50,"14,1","1,61","11,71",6
27/07/2026 07:37,"25,3",50,"14,1","1,61","11,71",9
27/07/2026 07:52,"25,3",50,"14,1","1,61","11,71",11
27/07/2026 08:07,"25,3",50,"14,1","1,61","11,71",12
27/07/2026 08:22,"25,3",50,"14,1","1,61","11,71",12
27/07/2026 08:37,"25,3",50,"14,1","1,61","11,71",9
27/07/2026 08:52,"25,3",50,"14,1","1,61","11,71",7
27/07/2026 09:07,"25,5",51,"14,6","1,60","12,07",6
27/07/2026 09:22,"25,5",51,"14,6","1,60","12,07",6
27/07/2026 09:37,"25,7",51,"14,8","1,62","12,21",9
27/07/2026 09:52,"25,7",51,"14,8","1,62","12,21",10
27/07/2026 10:07,"25,7",51,"14,8","1,62","12,21",11
27/07/2026 10:22,"25,7",51,"14,8","1,62","12,21",11
27/07/2026 10:37,"25,9",51,"15,0","1,64","12,35",12
27/07/2026 10:52,"25,9",51,"15,0","1,64","12,35",12
27/07/2026 11:07,"25,9",51,"15,0","1,64","12,35",12
27/07/2026 11:22,"25,9",51,"15,0","1,64","12,35",12
27/07/2026 11:37,"25,9",51,"15,0","1,64","12,35",12
27/07/2026 11:52,"25,9",51,"15,0","1,64","12,35",12
27/07/2026 12:07,"25,9",51,"15,0","1,64","12,35",12
27/07/2026 12:22,"25,7",50,"14,5","1,65","11,97",12
27/07/2026 12:37,"25,7",50,"14,5","1,65","11,97",12
27/07/2026 12:52,"25,7",50,"14,5","1,65","11,97",12
27/07/2026 13:07,"25,7",50,"14,5","1,65","11,97",12
27/07/2026 13:22,"25,5",49,"14,0","1,66","11,60",14
27/07/2026 13:37,"25,7",49,"14,2","1,68","11,73",14
27/07/2026 13:52,"25,7",49,"14,2","1,68","11,73",13
27/07/2026 14:07,"25,7",49,"14,2","1,68","11,73",13
27/07/2026 14:22,"25,9",49,"14,4","1,70","11,86",13
27/07/2026 14:37,"25,9",49,"14,4","1,70","11,86",13
27/07/2026 14:52,"25,9",49,"14,4","1,70","11,86",13
27/07/2026 15:07,"26,1",50,"14,9","1,69","12,24",13
27/07/2026 15:22,"26,1",50,"14,9","1,69","12,24",13
27/07/2026 15:37,"26,1",50,"14,9","1,69","12,24",13
27/07/2026 15:52,"26,1",50,"14,9","1,69","12,24",13
27/07/2026 16:07,"26,1",50,"14,9","1,69","12,24",13
27/07/2026 16:22,"26,1",50,"14,9","1,69","12,24",13
27/07/2026 16:37,"26,3",50,"15,0","1,71","12,38",12
27/07/2026 16:52,"26,3",50,"15,0","1,71","12,38",12
27/07/2026 17:07,"26,3",50,"15,0","1,71","12,38",12
27/07/2026 17:22,"26,3",50,"15,0","1,71","12,38",12
27/07/2026 17:37,"26,3",50,"15,0","1,71","12,38",12
27/07/2026 17:52,"26,3",50,"15,0","1,71","12,38",12
27/07/2026 18:07,"26,3",50,"15,0","1,71","12,38",12
27/07/2026 18:22,"26,3",50,"15,0","1,71","12,38",12
27/07/2026 18:37,"26,3",50,"15,0","1,71","12,38",12
27/07/2026 18:52,"26,3",50,"15,0","1,71","12,38",11
27/07/2026 19:07,"26,3",50,"15,0","1,71","12,38",11
27/07/2026 19:22,"26,3",50,"15,0","1,71","12,38",11
27/07/2026 19:37,"26,3",50,"15,0","1,71","12,38",11
27/07/2026 19:52,"26,3",50,"15,0","1,71","12,38",11
27/07/2026 20:07,"26,4",48,"14,5","1,79","11,95",10
27/07/2026 20:22,"26,4",48,"14,5","1,79","11,95",8
27/07/2026 20:37,"26,4",48,"14,5","1,79","11,95",6
27/07/2026 20:52,"26,3",46,"13,8","1,85","11,39",2
27/07/2026 21:07,"26,3",46,"13,8","1,85","11,39",1
27/07/2026 21:22,"26,3",46,"13,8","1,85","11,39",1
27/07/2026 21:37,"26,3",46,"13,8","1,85","11,39",1
27/07/2026 21:52,"26,3",46,"13,8","1,85","11,39",1
27/07/2026 22:07,"26,3",46,"13,8","1,85","11,39",1
27/07/2026 22:22,"26,1",45,"13,2","1,86","11,02",1
27/07/2026 22:37,"26,1",45,"13,2","1,86","11,02",1
27/07/2026 22:52,"26,1",45,"13,2","1,86","11,02",1
27/07/2026 23:07,"26,1",45,"13,2","1,86","11,02",1
27/07/2026 23:22,"26,1",45,"13,2","1,86","11,02",1
27/07/2026 23:37,"25,9",44,"12,7","1,87","10,65",1
27/07/2026 23:52,"25,9",44,"12,7","1,87","10,65",1
28/07/2026 00:07,"25,9",44,"12,7","1,87","10,65",1
28/07/2026 00:22,"25,9",44,"12,7","1,87","10,65",1
28/07/2026 00:37,"25,9",44,"12,7","1,87","10,65",1
28/07/2026 00:52,"25,9",44,"12,7","1,87","10,65",1
28/07/2026 01:07,"25,9",44,"12,7","1,87","10,65",1
28/07/2026 01:22,"25,7",44,"12,5","1,85","10,53",1
28/07/2026 01:37,"25,7",44,"12,5","1,85","10,53",1
28/07/2026 01:52,"25,7",44,"12,5","1,85","10,53",1
28/07/2026 02:07,"25,7",44,"12,5","1,85","10,53",1
28/07/2026 02:22,"25,7",44,"12,5","1,85","10,53",1
28/07/2026 02:37,"25,7",44,"12,5","1,85","10,53",1
28/07/2026 02:52,"25,5",43,"12,0","1,86","10,18",1
28/07/2026 03:07,"25,5",43,"12,0","1,86","10,18",1
28/07/2026 03:22,"25,5",43,"12,0","1,86","10,18",1
28/07/2026 03:37,"25,5",43,"12,0","1,86","10,18",1
28/07/2026 03:52,"25,3",43,"11,8","1,84","10,07",1
28/07/2026 04:07,"25,3",43,"11,8","1,84","10,07",1
28/07/2026 04:22,"25,3",43,"11,8","1,84","10,07",1
28/07/2026 04:37,"25,3",43,"11,8","1,84","10,07",1
28/07/2026 04:52,"25,3",43,"11,8","1,84","10,07",1
28/07/2026 05:07,"25,3",43,"11,8","1,84","10,07",1
28/07/2026 05:22,"25,3",43,"11,8","1,84","10,07",1
28/07/2026 05:37,"25,1",43,"11,6","1,82","9,95",1
28/07/2026 05:52,"25,1",43,"11,6","1,82","9,95",1
28/07/2026 06:07,"25,1",43,"11,6","1,82","9,95",1
28/07/2026 06:22,"25,1",43,"11,6","1,82","9,95",1
28/07/2026 06:37,"24,9",44,"11,8","1,76","10,07",3
28/07/2026 06:52,"24,9",44,"11,8","1,76","10,07",13
28/07/2026 07:07,"25,1",44,"12,0","1,78","10,19",13
28/07/2026 07:22,"25,1",44,"12,0","1,78","10,19",13
28/07/2026 07:37,"25,1",44,"12,0","1,78","10,19",13
28/07/2026 07:52,"25,1",44,"12,0","1,78","10,19",13
28/07/2026 08:07,"25,3",44,"12,2","1,81","10,30",13
28/07/2026 08:22,"25,3",44,"12,2","1,81","10,30",13
28/07/2026 08:37,"25,3",44,"12,2","1,81","10,30",13
28/07/2026 08:52,"25,3",44,"12,2","1,81","10,30",12
28/07/2026 09:07,"25,3",44,"12,2","1,81","10,30",11
28/07/2026 09:22,"25,3",44,"12,2","1,81","10,30",11
28/07/2026 09:37,"25,4",46,"12,9","1,75","10,83",11
28/07/2026 09:52,"25,6",46,"13,1","1,77","10,95",11
28/07/2026 10:07,"25,6",46,"13,1","1,77","10,95",11
28/07/2026 10:22,"25,6",46,"13,1","1,77","10,95",11
28/07/2026 10:37,"25,6",46,"13,1","1,77","10,95",11
28/07/2026 10:52,"25,8",46,"13,3","1,79","11,07",11
28/07/2026 11:07,"25,8",46,"13,3","1,79","11,07",11
28/07/2026 11:22,"25,8",46,"13,3","1,79","11,07",11
28/07/2026 11:37,"25,8",46,"13,3","1,79","11,07",11
28/07/2026 11:52,"25,8",46,"13,3","1,79","11,07",11
28/07/2026 12:07,"25,8",46,"13,3","1,79","11,07",11
28/07/2026 12:22,"25,9",48,"14,0","1,74","11,62",12
28/07/2026 12:37,"25,9",48,"14,0","1,74","11,62",12
28/07/2026 12:52,"25,9",48,"14,0","1,74","11,62",12
28/07/2026 13:07,"25,9",48,"14,0","1,74","11,62",12
28/07/2026 13:22,"25,9",48,"14,0","1,74","11,62",12
28/07/2026 13:37,"25,9",48,"14,0","1,74","11,62",12
28/07/2026 13:52,"25,9",48,"14,0","1,74","11,62",12
28/07/2026 14:07,"25,9",48,"14,0","1,74","11,62",12
28/07/2026 14:22,"25,9",48,"14,0","1,74","11,62",12
28/07/2026 14:37,"25,9",48,"14,0","1,74","11,62",12
28/07/2026 14:52,"26,1",48,"14,2","1,76","11,75",12
28/07/2026 15:07,"26,1",48,"14,2","1,76","11,75",13
28/07/2026 15:22,"26,1",48,"14,2","1,76","11,75",13
28/07/2026 15:37,"26,1",48,"14,2","1,76","11,75",13
28/07/2026 15:52,"26,1",48,"14,2","1,76","11,75",13
28/07/2026 16:07,"26,1",48,"14,2","1,76","11,75",13
28/07/2026 16:22,"26,1",48,"14,2","1,76","11,75",13
28/07/2026 16:37,"26,1",48,"14,2","1,76","11,75",13
28/07/2026 16:52,"26,1",48,"14,2","1,76","11,75",13
28/07/2026 17:07,"26,1",48,"14,2","1,76","11,75",13
28/07/2026 17:22,"26,1",48,"14,2","1,76","11,75",13
28/07/2026 17:37,"26,1",48,"14,2","1,76","11,75",13
28/07/2026 17:52,"26,1",48,"14,2","1,76","11,75",13
28/07/2026 18:07,"26,1",48,"14,2","1,76","11,75",13
28/07/2026 18:22,"26,3",48,"14,4","1,78","11,88",13
28/07/2026 18:37,"26,3",48,"14,4","1,78","11,88",13
28/07/2026 18:52,"26,3",48,"14,4","1,78","11,88",13
28/07/2026 19:07,"26,3",48,"14,4","1,78","11,88",13
28/07/2026 19:22,"26,3",48,"14,4","1,78","11,88",13
28/07/2026 19:37,"26,3",48,"14,4","1,78","11,88",14
28/07/2026 19:52,"26,3",48,"14,4","1,78","11,88",7
28/07/2026 20:07,"26,3",48,"14,4","1,78","11,88",8
28/07/2026 20:22,"26,5",49,"14,9","1,77","12,27",14
28/07/2026 20:37,"26,5",49,"14,9","1,77","12,27",15
28/07/2026 20:52,"26,5",49,"14,9","1,77","12,27",5
28/07/2026 21:07,"26,5",49,"14,9","1,77","12,27",2
28/07/2026 21:22,"26,5",49,"14,9","1,77","12,27",1
28/07/2026 21:37,"26,5",49,"14,9","1,77","12,27",1
28/07/2026 21:52,"26,5",49,"14,9","1,77","12,27",1
28/07/2026 22:07,"26,5",49,"14,9","1,77","12,27",1
28/07/2026 22:22,"26,5",49,"14,9","1,77","12,27",1
28/07/2026 22:37,"26,5",49,"14,9","1,77","12,27",1
28/07/2026 22:52,"26,5",49,"14,9","1,77","12,27",1
28/07/2026 23:07,"26,5",49,"14,9","1,77","12,27",1
28/07/2026 23:22,"26,5",49,"14,9","1,77","12,27",1
28/07/2026 23:37,"26,5",49,"14,9","1,77","12,27",1
28/07/2026 23:52,"26,5",49,"14,9","1,77","12,27",1
29/07/2026 00:07,"26,5",49,"14,9","1,77","12,27",1
29/07/2026 00:22,"26,5",49,"14,9","1,77","12,27",1
29/07/2026 00:37,"26,5",49,"14,9","1,77","12,27",1
29/07/2026 00:52,"26,5",49,"14,9","1,77","12,27",1
29/07/2026 01:07,"26,5",49,"14,9","1,77","12,27",1
29/07/2026 01:22,"26,5",49,"14,9","1,77","12,27",1
29/07/2026 01:37,"26,5",49,"14,9","1,77","12,27",1
29/07/2026 01:52,"26,5",49,"14,9","1,77","12,27",1
29/07/2026 02:07,"26,5",49,"14,9","1,77","12,27",1
29/07/2026 02:22,"26,5",49,"14,9","1,77","12,27",1
29/07/2026 02:37,"26,5",49,"14,9","1,77","12,27",1
29/07/2026 02:52,"26,5",49,"14,9","1,77","12,27",1
29/07/2026 03:07,"26,5",49,"14,9","1,77","12,27",1
29/07/2026 03:22,"26,5",49,"14,9","1,77","12,27",1
29/07/2026 03:37,"26,5",49,"14,9","1,77","12,27",1
29/07/2026 03:52,"26,5",49,"14,9","1,77","12,27",1
29/07/2026 04:07,"26,5",49,"14,9","1,77","12,27",1
29/07/2026 04:22,"26,5",49,"14,9","1,77","12,27",1
29/07/2026 04:37,"26,5",49,"14,9","1,77","12,27",1
29/07/2026 04:52,"26,5",49,"14,9","1,77","12,27",1
29/07/2026 05:07,"26,5",49,"14,9","1,77","12,27",1
29/07/2026 05:22,"26,3",49,"14,7","1,74","12,13",1
29/07/2026 05:37,"26,3",49,"14,7","1,74","12,13",1
29/07/2026 05:52,"26,3",49,"14,7","1,74","12,13",1
29/07/2026 06:07,"26,3",49,"14,7","1,74","12,13",1
29/07/2026 06:22,"26,3",49,"14,7","1,74","12,13",1
29/07/2026 06:37,"26,3",51,"15,4","1,68","12,63",3
29/07/2026 06:52,"26,3",51,"15,4","1,68","12,63",11
29/07/2026 07:07,"26,3",51,"15,4","1,68","12,63",11
29/07/2026 07:22,"26,3",51,"15,4","1,68","12,63",12
29/07/2026 07:37,"26,3",51,"15,4","1,68","12,63",12
29/07/2026 07:52,"26,5",51,"15,5","1,70","12,77",12
29/07/2026 08:07,"26,5",51,"15,5","1,70","12,77",12
29/07/2026 08:22,"26,5",51,"15,5","1,70","12,77",12
29/07/2026 08:37,"26,5",51,"15,5","1,70","12,77",12
29/07/2026 08:52,"26,5",51,"15,5","1,70","12,77",12
29/07/2026 09:07,"26,5",51,"15,5","1,70","12,77",12
29/07/2026 09:22,"26,5",51,"15,5","1,70","12,77",12
29/07/2026 09:37,"26,5",51,"15,5","1,70","12,77",12
29/07/2026 09:52,"26,5",51,"15,5","1,70","12,77",12
29/07/2026 10:07,"26,7",51,"15,7","1,72","12,91",12
29/07/2026 10:22,"26,7",51,"15,7","1,72","12,91",12
29/07/2026 10:37,"26,7",51,"15,7","1,72","12,91",12
29/07/2026 10:52,"26,7",51,"15,7","1,72","12,91",12
29/07/2026 11:07,"26,7",51,"15,7","1,72","12,91",12
29/07/2026 11:22,"26,7",51,"15,7","1,72","12,91",12
29/07/2026 11:37,"26,7",51,"15,7","1,72","12,91",12
29/07/2026 11:52,"26,7",51,"15,7","1,72","12,91",12
29/07/2026 12:07,"26,7",51,"15,7","1,72","12,91",12
29/07/2026 12:22,"26,7",51,"15,7","1,72","12,91",12
29/07/2026 12:37,"26,7",51,"15,7","1,72","12,91",12
29/07/2026 12:52,"26,7",51,"15,7","1,72","12,91",12
29/07/2026 13:07,"26,7",51,"15,7","1,72","12,91",12
29/07/2026 13:22,"26,9",52,"16,2","1,70","13,31",12
29/07/2026 13:37,"26,9",52,"16,2","1,70","13,31",12
29/07/2026 13:52,"26,9",52,"16,2","1,70","13,31",12
29/07/2026 14:07,"26,9",52,"16,2","1,70","13,31",12
29/07/2026 14:22,"26,9",52,"16,2","1,70","13,31",12
29/07/2026 14:37,"26,9",52,"16,2","1,70","13,31",12
29/07/2026 14:52,"26,9",52,"16,2","1,70","13,31",12
29/07/2026 15:07,"26,9",52,"16,2","1,70","13,31",13
29/07/2026 15:22,"26,9",52,"16,2","1,70","13,31",13
29/07/2026 15:37,"26,9",52,"16,2","1,70","13,31",13
29/07/2026 15:52,"26,9",52,"16,2","1,70","13,31",13
29/07/2026 16:07,"26,9",50,"15,6","1,77","12,80",13
29/07/2026 16:22,"26,9",50,"15,6","1,77","12,80",13
29/07/2026 16:37,"26,9",50,"15,6","1,77","12,80",13
29/07/2026 16:52,"26,9",50,"15,6","1,77","12,80",13
29/07/2026 17:07,"26,9",50,"15,6","1,77","12,80",13
29/07/2026 17:22,"26,9",50,"15,6","1,77","12,80",13
29/07/2026 17:37,"26,9",50,"15,6","1,77","12,80",13
29/07/2026 17:52,"26,8",48,"14,9","1,83","12,22",13
29/07/2026 18:07,"26,8",48,"14,9","1,83","12,22",13
29/07/2026 18:22,"26,8",48,"14,9","1,83","12,22",11
29/07/2026 18:37,"26,8",48,"14,9","1,83","12,22",11
29/07/2026 18:52,"26,7",46,"14,1","1,89","11,64",11
29/07/2026 19:07,"26,7",46,"14,1","1,89","11,64",11
29/07/2026 19:22,"26,7",46,"14,1","1,89","11,64",11
29/07/2026 19:37,"26,7",46,"14,1","1,89","11,64",11
29/07/2026 19:52,"26,7",46,"14,1","1,89","11,64",11
29/07/2026 20:07,"26,7",46,"14,1","1,89","11,64",11
29/07/2026 20:22,"26,7",46,"14,1","1,89","11,64",10
29/07/2026 20:37,"26,7",46,"14,1","1,89","11,64",9
29/07/2026 20:52,"26,7",46,"14,1","1,89","11,64",2
29/07/2026 21:07,"26,7",46,"14,1","1,89","11,64",1
29/07/2026 21:22,"26,7",46,"14,1","1,89","11,64",1
29/07/2026 21:37,"26,5",46,"13,9","1,87","11,51",1
29/07/2026 21:52,"26,5",46,"13,9","1,87","11,51",1
29/07/2026 22:07,"26,5",46,"13,9","1,87","11,51",1
29/07/2026 22:22,"26,5",46,"13,9","1,87","11,51",1
29/07/2026 22:37,"26,5",46,"13,9","1,87","11,51",1
29/07/2026 22:52,"26,7",46,"14,1","1,89","11,64",1
29/07/2026 23:07,"26,7",46,"14,1","1,89","11,64",1
29/07/2026 23:22,"26,7",46,"14,1","1,89","11,64",1
29/07/2026 23:37,"26,7",46,"14,1","1,89","11,64",1
29/07/2026 23:52,"26,7",46,"14,1","1,89","11,64",1
30/07/2026 00:07,"26,7",46,"14,1","1,89","11,64",1
30/07/2026 00:22,"26,7",46,"14,1","1,89","11,64",1
30/07/2026 00:37,"26,7",46,"14,1","1,89","11,64",1
30/07/2026 00:52,"26,7",46,"14,1","1,89","11,64",1
30/07/2026 01:07,"26,7",46,"14,1","1,89","11,64",1
30/07/2026 01:22,"26,8",48,"14,9","1,83","12,22",1
30/07/2026 01:37,"26,8",48,"14,9","1,83","12,22",1
30/07/2026 01:52,"26,8",48,"14,9","1,83","12,22",1
30/07/2026 02:07,"26,8",48,"14,9","1,83","12,22",1
30/07/2026 02:22,"26,8",48,"14,9","1,83","12,22",1
30/07/2026 02:37,"26,8",48,"14,9","1,83","12,22",1
30/07/2026 02:52,"26,8",48,"14,9","1,83","12,22",1
30/07/2026 03:07,"26,8",48,"14,9","1,83","12,22",1
30/07/2026 03:22,"26,8",48,"14,9","1,83","12,22",1
30/07/2026 03:37,"26,8",48,"14,9","1,83","12,22",1
30/07/2026 03:52,"26,8",48,"14,9","1,83","12,22",1
30/07/2026 04:07,"26,8",48,"14,9","1,83","12,22",1
30/07/2026 04:22,"26,8",48,"14,9","1,83","12,22",1
30/07/2026 04:37,"26,8",48,"14,9","1,83","12,22",1
30/07/2026 04:52,"26,8",48,"14,9","1,83","12,22",1
30/07/2026 05:07,"26,8",48,"14,9","1,83","12,22",1
30/07/2026 05:22,"26,8",48,"14,9","1,83","12,22",1
30/07/2026 05:37,"26,8",48,"14,9","1,83","12,22",1
30/07/2026 05:52,"26,8",48,"14,9","1,83","12,22",1
30/07/2026 06:07,"26,8",48,"14,9","1,83","12,22",1
30/07/2026 06:22,"26,8",48,"14,9","1,83","12,22",1
30/07/2026 06:37,"26,8",48,"14,9","1,83","12,22",3
30/07/2026 06:52,"26,8",48,"14,9","1,83","12,22",11
30/07/2026 07:07,"26,8",48,"14,9","1,83","12,22",12
30/07/2026 07:22,"26,8",48,"14,9","1,83","12,22",12
30/07/2026 07:37,"26,8",48,"14,9","1,83","12,22",12
30/07/2026 07:52,"26,8",48,"14,9","1,83","12,22",12
30/07/2026 08:07,"26,8",48,"14,9","1,83","12,22",12
30/07/2026 08:22,"27,0",49,"15,4","1,82","12,61",12
30/07/2026 08:37,"27,0",49,"15,4","1,82","12,61",12
30/07/2026 08:52,"27,0",49,"15,4","1,82","12,61",12
30/07/2026 09:07,"27,0",49,"15,4","1,82","12,61",12
30/07/2026 09:22,"27,0",49,"15,4","1,82","12,61",12
30/07/2026 09:37,"27,0",49,"15,4","1,82","12,61",12
30/07/2026 09:52,"27,0",49,"15,4","1,82","12,61",12
30/07/2026 10:07,"27,0",49,"15,4","1,82","12,61",12
30/07/2026 10:22,"27,0",49,"15,4","1,82","12,61",12
30/07/2026 10:37,"27,0",49,"15,4","1,82","12,61",12
30/07/2026 10:52,"27,0",49,"15,4","1,82","12,61",12
30/07/2026 11:07,"27,0",49,"15,4","1,82","12,61",12
30/07/2026 11:22,"27,0",49,"15,4","1,82","12,61",12
30/07/2026 11:37,"27,0",49,"15,4","1,82","12,61",12
30/07/2026 11:52,"27,0",49,"15,4","1,82","12,61",12
30/07/2026 12:07,"27,0",49,"15,4","1,82","12,61",12
30/07/2026 12:22,"27,0",49,"15,4","1,82","12,61",12
30/07/2026 12:37,"27,0",49,"15,4","1,82","12,61",12
30/07/2026 12:52,"27,0",49,"15,4","1,82","12,61",12
30/07/2026 13:07,"27,2",50,"15,9","1,80","13,01",12
30/07/2026 13:22,"27,2",50,"15,9","1,80","13,01",12
30/07/2026 13:37,"27,2",50,"15,9","1,80","13,01",12
30/07/2026 13:52,"27,2",50,"15,9","1,80","13,01",12
30/07/2026 14:07,"27,2",50,"15,9","1,80","13,01",12
30/07/2026 14:22,"27,2",50,"15,9","1,80","13,01",13
30/07/2026 14:37,"27,2",50,"15,9","1,80","13,01",13
30/07/2026 14:52,"27,2",48,"15,2","1,88","12,49",13
30/07/2026 15:07,"27,2",48,"15,2","1,88","12,49",13
30/07/2026 15:22,"27,2",48,"15,2","1,88","12,49",13
30/07/2026 15:37,"27,2",48,"15,2","1,88","12,49",13
30/07/2026 15:52,"27,2",48,"15,2","1,88","12,49",15
30/07/2026 16:07,"27,3",45,"14,3","2,00","11,77",14
30/07/2026 16:22,"27,3",45,"14,3","2,00","11,77",13
30/07/2026 16:37,"27,3",45,"14,3","2,00","11,77",14
30/07/2026 16:52,"27,3",45,"14,3","2,00","11,77",14
30/07/2026 17:07,"27,5",46,"14,8","1,98","12,17",13
30/07/2026 17:22,"27,5",46,"14,8","1,98","12,17",13
30/07/2026 17:37,"27,5",46,"14,8","1,98","12,17",13
30/07/2026 17:52,"27,5",46,"14,8","1,98","12,17",13
30/07/2026 18:07,"27,5",46,"14,8","1,98","12,17",13
30/07/2026 18:22,"27,5",46,"14,8","1,98","12,17",13
30/07/2026 18:37,"27,5",46,"14,8","1,98","12,17",13
30/07/2026 18:52,"27,5",46,"14,8","1,98","12,17",13
30/07/2026 19:07,"27,3",46,"14,7","1,96","12,04",13
30/07/2026 19:22,"27,3",46,"14,7","1,96","12,04",13
30/07/2026 19:37,"27,3",46,"14,7","1,96","12,04",14
30/07/2026 19:52,"27,3",46,"14,7","1,96","12,04",14
30/07/2026 20:07,"27,3",46,"14,7","1,96","12,04",13
30/07/2026 20:22,"27,3",46,"14,7","1,96","12,04",13
30/07/2026 20:37,"27,3",46,"14,7","1,96","12,04",12
30/07/2026 20:52,"27,5",47,"15,2","1,95","12,43",3
30/07/2026 21:07,"27,5",47,"15,2","1,95","12,43",1
30/07/2026 21:22,"27,5",47,"15,2","1,95","12,43",1
30/07/2026 21:37,"27,5",47,"15,2","1,95","12,43",1
30/07/2026 21:52,"27,3",47,"15,0","1,92","12,30",1
30/07/2026 22:07,"27,3",47,"15,0","1,92","12,30",1
30/07/2026 22:22,"27,3",47,"15,0","1,92","12,30",1
30/07/2026 22:37,"27,3",47,"15,0","1,92","12,30",1
30/07/2026 22:52,"27,5",48,"15,5","1,91","12,70",9
30/07/2026 23:07,"27,5",48,"15,5","1,91","12,70",1
30/07/2026 23:22,"27,5",48,"15,5","1,91","12,70",1
30/07/2026 23:37,"27,5",48,"15,5","1,91","12,70",1
30/07/2026 23:52,"27,5",48,"15,5","1,91","12,70",1
31/07/2026 00:07,"27,5",48,"15,5","1,91","12,70",1
31/07/2026 00:22,"27,5",48,"15,5","1,91","12,70",1
31/07/2026 00:37,"27,5",50,"16,1","1,84","13,23",1
31/07/2026 00:52,"27,5",50,"16,1","1,84","13,23",1
31/07/2026 01:07,"27,5",50,"16,1","1,84","13,23",1
31/07/2026 01:22,"27,5",50,"16,1","1,84","13,23",1
31/07/2026 01:37,"27,5",50,"16,1","1,84","13,23",1
31/07/2026 01:52,"27,5",50,"16,1","1,84","13,23",1
31/07/2026 02:07,"27,5",50,"16,1","1,84","13,23",1
31/07/2026 02:22,"27,3",49,"15,6","1,85","12,82",1
31/07/2026 02:37,"27,3",49,"15,6","1,85","12,82",1
31/07/2026 02:52,"27,3",49,"15,6","1,85","12,82",1
31/07/2026 03:07,"27,3",49,"15,6","1,85","12,82",1
31/07/2026 03:22,"27,3",49,"15,6","1,85","12,82",1
31/07/2026 03:37,"27,3",49,"15,6","1,85","12,82",1
31/07/2026 03:52,"27,3",49,"15,6","1,85","12,82",1
31/07/2026 04:07,"27,3",49,"15,6","1,85","12,82",1
31/07/2026 04:22,"27,3",49,"15,6","1,85","12,82",1
31/07/2026 04:37,"27,3",49,"15,6","1,85","12,82",1
31/07/2026 04:52,"27,3",49,"15,6","1,85","12,82",1
31/07/2026 05:07,"27,3",49,"15,6","1,85","12,82",1
31/07/2026 05:22,"27,3",49,"15,6","1,85","12,82",1
31/07/2026 05:37,"27,3",49,"15,6","1,85","12,82",1
31/07/2026 05:52,"27,3",49,"15,6","1,85","12,82",1
31/07/2026 06:07,"27,3",49,"15,6","1,85","12,82",1
31/07/2026 06:22,"27,3",49,"15,6","1,85","12,82",1
31/07/2026 06:37,"27,3",49,"15,6","1,85","12,82",3
31/07/2026 06:52,"27,3",49,"15,6","1,85","12,82",11
31/07/2026 07:07,"27,3",49,"15,6","1,85","12,82",11
31/07/2026 07:22,"27,3",49,"15,6","1,85","12,82",12
31/07/2026 07:37,"27,3",49,"15,6","1,85","12,82",12
31/07/2026 07:52,"27,3",49,"15,6","1,85","12,82",12
31/07/2026 08:07,"27,3",49,"15,6","1,85","12,82",12
31/07/2026 08:22,"27,3",51,"16,3","1,78","13,34",13
31/07/2026 08:37,"27,3",51,"16,3","1,78","13,34",12
31/07/2026 08:52,"27,3",51,"16,3","1,78","13,34",11
31/07/2026 09:07,"27,3",51,"16,3","1,78","13,34",12
31/07/2026 09:22,"27,3",51,"16,3","1,78","13,34",12
31/07/2026 09:37,"27,5",51,"16,5","1,80","13,49",12
31/07/2026 09:52,"27,5",51,"16,5","1,80","13,49",12
31/07/2026 10:07,"27,5",51,"16,5","1,80","13,49",12
31/07/2026 10:22,"27,5",51,"16,5","1,80","13,49",12
31/07/2026 10:37,"27,5",51,"16,5","1,80","13,49",12
31/07/2026 10:52,"27,5",51,"16,5","1,80","13,49",13
31/07/2026 11:07,"27,5",51,"16,5","1,80","13,49",12
31/07/2026 11:22,"27,5",51,"16,5","1,80","13,49",12
31/07/2026 11:37,"27,5",51,"16,5","1,80","13,49",12
31/07/2026 11:52,"27,5",51,"16,5","1,80","13,49",13
31/07/2026 12:07,"27,5",51,"16,5","1,80","13,49",12
31/07/2026 12:22,"27,5",51,"16,5","1,80","13,49",13
31/07/2026 12:37,"27,5",51,"16,5","1,80","13,49",12
31/07/2026 12:52,"27,5",51,"16,5","1,80","13,49",12
31/07/2026 13:07,"27,5",51,"16,5","1,80","13,49",10
31/07/2026 13:22,"27,5",51,"16,5","1,80","13,49",11
31/07/2026 13:37,"27,5",51,"16,5","1,80","13,49",12
31/07/2026 13:52,"27,5",51,"16,5","1,80","13,49",12
31/07/2026 14:07,"27,7",50,"16,3","1,86","13,37",12
31/07/2026 14:22,"27,7",50,"16,3","1,86","13,37",12
31/07/2026 14:37,"27,7",50,"16,3","1,86","13,37",12
31/07/2026 14:52,"27,7",50,"16,3","1,86","13,37",11
31/07/2026 15:07,"27,7",50,"16,3","1,86","13,37",13
31/07/2026 15:22,"27,7",50,"16,3","1,86","13,37",13
31/07/2026 15:37,"27,7",48,"15,7","1,93","12,84",13
31/07/2026 15:52,"27,7",48,"15,7","1,93","12,84",12
31/07/2026 16:07,"27,5",48,"15,5","1,91","12,70",12
31/07/2026 16:22,"27,4",46,"14,8","1,97","12,10",12
31/07/2026 16:37,"27,4",46,"14,8","1,97","12,10",12
31/07/2026 16:52,"27,4",46,"14,8","1,97","12,10",12
31/07/2026 17:07,"27,4",46,"14,8","1,97","12,10",12
31/07/2026 17:22,"27,2",45,"14,2","1,98","11,71",12
31/07/2026 17:37,"27,2",45,"14,2","1,98","11,71",12
31/07/2026 17:52,"27,2",45,"14,2","1,98","11,71",12
31/07/2026 18:07,"27,2",45,"14,2","1,98","11,71",12
31/07/2026 18:22,"27,2",45,"14,2","1,98","11,71",12
31/07/2026 18:37,"27,2",45,"14,2","1,98","11,71",11
31/07/2026 18:52,"27,2",45,"14,2","1,98","11,71",10
31/07/2026 19:07,"27,4",45,"14,4","2,01","11,84",6
31/07/2026 19:22,"27,4",45,"14,4","2,01","11,84",4
31/07/2026 19:37,"27,4",45,"14,4","2,01","11,84",2
31/07/2026 19:52,"27,4",45,"14,4","2,01","11,84",1
31/07/2026 20:07,"27,4",45,"14,4","2,01","11,84",1
31/07/2026 20:22,"27,4",45,"14,4","2,01","11,84",1
31/07/2026 20:37,"27,6",46,"14,9","1,99","12,24",1
31/07/2026 20:52,"27,6",46,"14,9","1,99","12,24",1
31/07/2026 21:07,"27,6",46,"14,9","1,99","12,24",1
31/07/2026 21:22,"27,6",46,"14,9","1,99","12,24",1
31/07/2026 21:37,"27,6",46,"14,9","1,99","12,24",1
31/07/2026 21:52,"27,6",46,"14,9","1,99","12,24",1
31/07/2026 22:07,"27,6",46,"14,9","1,99","12,24",1
31/07/2026 22:22,"27,6",46,"14,9","1,99","12,24",1
31/07/2026 22:37,"27,6",46,"14,9","1,99","12,24",1
31/07/2026 22:52,"27,6",46,"14,9","1,99","12,24",1
31/07/2026 23:07,"27,6",46,"14,9","1,99","12,24",1
31/07/2026 23:22,"27,6",46,"14,9","1,99","12,24",1
31/07/2026 23:37,"27,6",46,"14,9","1,99","12,24",1
31/07/2026 23:52,"27,5",48,"15,5","1,91","12,70",1
01/08/2026 00:07,"27,5",48,"15,5","1,91","12,70",1
01/08/2026 00:22,"27,5",50,"16,1","1,84","13,23",1
01/08/2026 00:37,"27,5",52,"16,8","1,76","13,76",1
01/08/2026 00:52,"27,4",50,"16,1","1,82","13,16",1
01/08/2026 01:07,"27,4",50,"16,1","1,82","13,16",1
01/08/2026 01:22,"27,4",50,"16,1","1,82","13,16",1
01/08/2026 01:37,"27,4",50,"16,1","1,82","13,16",1
01/08/2026 01:52,"27,2",51,"16,2","1,77","13,27",1
01/08/2026 02:07,"27,4",51,"16,4","1,79","13,42",1
01/08/2026 02:22,"27,4",51,"16,4","1,79","13,42",1
01/08/2026 02:37,"27,4",51,"16,4","1,79","13,42",1
01/08/2026 02:52,"27,4",51,"16,4","1,79","13,42",1
01/08/2026 03:07,"27,4",51,"16,4","1,79","13,42",1
01/08/2026 03:22,"27,4",51,"16,4","1,79","13,42",1
01/08/2026 03:37,"27,4",51,"16,4","1,79","13,42",1
01/08/2026 03:52,"27,4",51,"16,4","1,79","13,42",1
01/08/2026 04:07,"27,4",51,"16,4","1,79","13,42",1
01/08/2026 04:22,"27,4",51,"16,4","1,79","13,42",1
01/08/2026 04:37,"27,4",51,"16,4","1,79","13,42",1
01/08/2026 04:52,"27,2",51,"16,2","1,77","13,27",1
01/08/2026 05:07,"27,2",53,"16,8","1,70","13,79",1
01/08/2026 05:22,"27,2",51,"16,2","1,77","13,27",1
01/08/2026 05:37,"27,2",53,"16,8","1,70","13,79",1
01/08/2026 05:52,"27,2",51,"16,2","1,77","13,27",1
01/08/2026 06:07,"27,2",51,"16,2","1,77","13,27",1
01/08/2026 06:22,"27,2",51,"16,2","1,77","13,27",1
01/08/2026 06:37,"27,2",51,"16,2","1,77","13,27",1
01/08/2026 06:52,"27,2",51,"16,2","1,77","13,27",1
01/08/2026 07:07,"27,2",51,"16,2","1,77","13,27",1
01/08/2026 07:22,"27,2",51,"16,2","1,77","13,27",1
01/08/2026 07:37,"27,2",51,"16,2","1,77","13,27",1
01/08/2026 07:52,"27,2",51,"16,2","1,77","13,27",1
01/08/2026 08:07,"27,2",53,"16,8","1,70","13,79",1
01/08/2026 08:22,"27,2",53,"16,8","1,70","13,79",1
01/08/2026 08:37,"27,2",53,"16,8","1,70","13,79",1
01/08/2026 08:52,"27,2",53,"16,8","1,70","13,79",1
01/08/2026 09:07,"27,2",53,"16,8","1,70","13,79",1
01/08/2026 09:22,"27,2",53,"16,8","1,70","13,79",1
01/08/2026 09:37,"27,2",53,"16,8","1,70","13,79",1
01/08/2026 09:52,"27,2",53,"16,8","1,70","13,79",1
01/08/2026 10:07,"27,2",53,"16,8","1,70","13,79",1
01/08/2026 10:22,"27,2",53,"16,8","1,70","13,79",1
01/08/2026 10:37,"27,2",53,"16,8","1,70","13,79",2
01/08/2026 10:52,"27,2",53,"16,8","1,70","13,79",1
01/08/2026 11:07,"27,2",53,"16,8","1,70","13,79",2
01/08/2026 11:22,"27,2",53,"16,8","1,70","13,79",1
01/08/2026 11:37,"27,2",53,"16,8","1,70","13,79",2
01/08/2026 11:52,"27,2",53,"16,8","1,70","13,79",2
01/08/2026 12:07,"27,2",53,"16,8","1,70","13,79",2
01/08/2026 12:22,"27,2",53,"16,8","1,70","13,79",6
01/08/2026 12:37,"27,2",53,"16,8","1,70","13,79",11
01/08/2026 12:52,"27,4",53,"17,0","1,72","13,94",11
01/08/2026 13:07,"27,4",53,"17,0","1,72","13,94",11
01/08/2026 13:22,"27,4",53,"17,0","1,72","13,94",11
01/08/2026 13:37,"27,4",53,"17,0","1,72","13,94",11
01/08/2026 13:52,"27,4",53,"17,0","1,72","13,94",12
01/08/2026 14:07,"27,4",53,"17,0","1,72","13,94",12
01/08/2026 14:22,"27,4",53,"17,0","1,72","13,94",12
01/08/2026 14:37,"27,4",53,"17,0","1,72","13,94",12
01/08/2026 14:52,"27,4",53,"17,0","1,72","13,94",12
01/08/2026 15:07,"27,4",53,"17,0","1,72","13,94",12
01/08/2026 15:22,"27,4",53,"17,0","1,72","13,94",12
01/08/2026 15:37,"27,4",53,"17,0","1,72","13,94",12
01/08/2026 15:52,"27,4",53,"17,0","1,72","13,94",12
01/08/2026 16:07,"27,4",53,"17,0","1,72","13,94",12
01/08/2026 16:22,"27,4",53,"17,0","1,72","13,94",12
01/08/2026 16:37,"27,4",53,"17,0","1,72","13,94",12
01/08/2026 16:52,"27,4",53,"17,0","1,72","13,94",12
01/08/2026 17:07,"27,4",53,"17,0","1,72","13,94",12
01/08/2026 17:22,"27,4",53,"17,0","1,72","13,94",12
01/08/2026 17:37,"27,4",53,"17,0","1,72","13,94",12
01/08/2026 17:52,"27,5",51,"16,5","1,80","13,49",12
01/08/2026 18:07,"27,5",51,"16,5","1,80","13,49",12
01/08/2026 18:22,"27,5",51,"16,5","1,80","13,49",12
01/08/2026 18:37,"27,5",51,"16,5","1,80","13,49",12
01/08/2026 18:52,"27,5",51,"16,5","1,80","13,49",12
01/08/2026 19:07,"27,5",51,"16,5","1,80","13,49",12
01/08/2026 19:22,"27,5",51,"16,5","1,80","13,49",12
01/08/2026 19:37,"27,5",51,"16,5","1,80","13,49",11
01/08/2026 19:52,"27,5",51,"16,5","1,80","13,49",11
01/08/2026 20:07,"27,5",51,"16,5","1,80","13,49",4
01/08/2026 20:22,"27,7",51,"16,6","1,82","13,64",7
01/08/2026 20:37,"27,7",51,"16,6","1,82","13,64",3
01/08/2026 20:52,"27,7",51,"16,6","1,82","13,64",1
01/08/2026 21:07,"27,7",51,"16,6","1,82","13,64",1
01/08/2026 21:22,"27,7",51,"16,6","1,82","13,64",1
01/08/2026 21:37,"27,7",51,"16,6","1,82","13,64",1
01/08/2026 21:52,"27,7",51,"16,6","1,82","13,64",1
01/08/2026 22:07,"27,7",51,"16,6","1,82","13,64",1
01/08/2026 22:22,"27,7",51,"16,6","1,82","13,64",1
01/08/2026 22:37,"27,7",51,"16,6","1,82","13,64",1
01/08/2026 22:52,"27,7",51,"16,6","1,82","13,64",1
01/08/2026 23:07,"27,7",51,"16,6","1,82","13,64",1
01/08/2026 23:22,"27,7",51,"16,6","1,82","13,64",1
01/08/2026 23:37,"27,7",51,"16,6","1,82","13,64",1
01/08/2026 23:52,"27,7",53,"17,2","1,75","14,18",1
02/08/2026 00:07,"27,6",51,"16,6","1,81","13,57",1
02/08/2026 00:22,"27,6",51,"16,6","1,81","13,57",1
02/08/2026 00:37,"27,6",51,"16,6","1,81","13,57",1
02/08/2026 00:52,"27,4",51,"16,4","1,79","13,42",1
02/08/2026 01:07,"27,4",51,"16,4","1,79","13,42",1
02/08/2026 01:22,"27,4",51,"16,4","1,79","13,42",1
02/08/2026 01:37,"27,2",51,"16,2","1,77","13,27",1
02/08/2026 01:52,"27,4",52,"16,7","1,75","13,68",1
02/08/2026 02:07,"27,4",52,"16,7","1,75","13,68",1
02/08/2026 02:22,"27,4",52,"16,7","1,75","13,68",1
02/08/2026 02:37,"27,4",52,"16,7","1,75","13,68",1
02/08/2026 02:52,"27,4",52,"16,7","1,75","13,68",1
02/08/2026 03:07,"27,4",52,"16,7","1,75","13,68",1
02/08/2026 03:22,"27,4",52,"16,7","1,75","13,68",1
02/08/2026 03:37,"27,4",52,"16,7","1,75","13,68",1
02/08/2026 03:52,"27,4",52,"16,7","1,75","13,68",1
02/08/2026 04:07,"27,4",52,"16,7","1,75","13,68",1
02/08/2026 04:22,"27,4",52,"16,7","1,75","13,68",1
02/08/2026 04:37,"27,4",52,"16,7","1,75","13,68",1
02/08/2026 04:52,"27,4",52,"16,7","1,75","13,68",1
02/08/2026 05:07,"27,4",52,"16,7","1,75","13,68",1
02/08/2026 05:22,"27,4",52,"16,7","1,75","13,68",1
02/08/2026 05:37,"27,4",52,"16,7","1,75","13,68",1
02/08/2026 05:52,"27,4",52,"16,7","1,75","13,68",1
02/08/2026 06:07,"27,4",52,"16,7","1,75","13,68",1
02/08/2026 06:22,"27,4",52,"16,7","1,75","13,68",1
02/08/2026 06:37,"27,4",52,"16,7","1,75","13,68",1
02/08/2026 06:52,"27,4",52,"16,7","1,75","13,68",9
02/08/2026 07:07,"27,4",52,"16,7","1,75","13,68",11
02/08/2026 07:22,"27,4",52,"16,7","1,75","13,68",11
02/08/2026 07:37,"27,4",52,"16,7","1,75","13,68",11
02/08/2026 07:52,"27,4",52,"16,7","1,75","13,68",11
02/08/2026 08:07,"27,4",52,"16,7","1,75","13,68",11
02/08/2026 08:22,"27,4",52,"16,7","1,75","13,68",10
02/08/2026 08:37,"27,4",52,"16,7","1,75","13,68",9
02/08/2026 08:52,"27,4",54,"17,3","1,68","14,21",9
02/08/2026 09:07,"27,4",54,"17,3","1,68","14,21",9
02/08/2026 09:22,"27,4",54,"17,3","1,68","14,21",9
02/08/2026 09:37,"27,4",54,"17,3","1,68","14,21",9
02/08/2026 09:52,"27,4",54,"17,3","1,68","14,21",9
02/08/2026 10:07,"27,4",54,"17,3","1,68","14,21",9
02/08/2026 10:22,"27,4",54,"17,3","1,68","14,21",9
02/08/2026 10:37,"27,4",54,"17,3","1,68","14,21",10
02/08/2026 10:52,"27,4",54,"17,3","1,68","14,21",10
02/08/2026 11:07,"27,4",54,"17,3","1,68","14,21",10
02/08/2026 11:22,"27,4",54,"17,3","1,68","14,21",10
02/08/2026 11:37,"27,4",54,"17,3","1,68","14,21",10
02/08/2026 11:52,"27,5",56,"17,9","1,62","14,82",5
02/08/2026 12:07,"27,5",56,"17,9","1,62","14,82",11
02/08/2026 12:22,"27,5",56,"17,9","1,62","14,82",11
02/08/2026 12:37,"27,5",56,"17,9","1,62","14,82",11
02/08/2026 12:52,"27,5",56,"17,9","1,62","14,82",11
02/08/2026 13:07,"27,5",56,"17,9","1,62","14,82",11
02/08/2026 13:22,"27,5",56,"17,9","1,62","14,82",11
02/08/2026 13:37,"27,5",56,"17,9","1,62","14,82",11
02/08/2026 13:52,"27,5",56,"17,9","1,62","14,82",11
02/08/2026 14:07,"27,5",56,"17,9","1,62","14,82",11
02/08/2026 14:22,"27,5",56,"17,9","1,62","14,82",11
02/08/2026 14:37,"27,5",56,"17,9","1,62","14,82",11
02/08/2026 14:52,"27,5",56,"17,9","1,62","14,82",11
02/08/2026 15:07,"27,5",56,"17,9","1,62","14,82",11
02/08/2026 15:22,"27,5",56,"17,9","1,62","14,82",12
02/08/2026 15:37,"27,5",56,"17,9","1,62","14,82",12
02/08/2026 15:52,"27,5",56,"17,9","1,62","14,82",12
02/08/2026 16:07,"27,5",56,"17,9","1,62","14,82",12
02/08/2026 16:22,"27,6",54,"17,5","1,70","14,37",12
02/08/2026 16:37,"27,6",54,"17,5","1,70","14,37",12
02/08/2026 16:52,"27,6",54,"17,5","1,70","14,37",12
02/08/2026 17:07,"27,6",54,"17,5","1,70","14,37",12
02/08/2026 17:22,"27,6",52,"16,9","1,77","13,83",12
02/08/2026 17:37,"27,6",50,"16,2","1,85","13,30",12
02/08/2026 17:52,"27,6",50,"16,2","1,85","13,30",12
02/08/2026 18:07,"27,6",48,"15,6","1,92","12,77",12
02/08/2026 18:22,"27,6",48,"15,6","1,92","12,77",11
02/08/2026 18:37,"27,6",48,"15,6","1,92","12,77",11
02/08/2026 18:52,"27,6",48,"15,6","1,92","12,77",11
02/08/2026 19:07,"27,6",48,"15,6","1,92","12,77",11
02/08/2026 19:22,"27,6",46,"14,9","1,99","12,24",10
02/08/2026 19:37,"27,6",46,"14,9","1,99","12,24",9
02/08/2026 19:52,"27,6",46,"14,9","1,99","12,24",3
02/08/2026 20:07,"27,6",46,"14,9","1,99","12,24",8
02/08/2026 20:22,"27,6",46,"14,9","1,99","12,24",7
02/08/2026 20:37,"27,6",44,"14,2","2,07","11,71",1
02/08/2026 20:52,"27,4",41,"13,0","2,15","10,79",1
02/08/2026 21:07,"27,4",41,"13,0","2,15","10,79",1
02/08/2026 21:22,"27,4",39,"12,2","2,23","10,26",1
02/08/2026 21:37,"27,4",39,"12,2","2,23","10,26",1
02/08/2026 21:52,"27,5",41,"13,1","2,17","10,85",1
02/08/2026 22:07,"27,5",41,"13,1","2,17","10,85",1
02/08/2026 22:22,"27,5",43,"13,8","2,09","11,38",1
02/08/2026 22:37,"27,5",43,"13,8","2,09","11,38",1
02/08/2026 22:52,"27,5",43,"13,8","2,09","11,38",1
02/08/2026 23:07,"27,5",43,"13,8","2,09","11,38",1
02/08/2026 23:22,"27,5",43,"13,8","2,09","11,38",1
02/08/2026 23:37,"27,5",43,"13,8","2,09","11,38",1
02/08/2026 23:52,"27,5",43,"13,8","2,09","11,38",1
03/08/2026 00:07,"27,5",43,"13,8","2,09","11,38",1
03/08/2026 00:22,"27,5",43,"13,8","2,09","11,38",1
03/08/2026 00:37,"27,5",43,"13,8","2,09","11,38",1
03/08/2026 00:52,"27,5",43,"13,8","2,09","11,38",1
03/08/2026 01:07,"27,5",43,"13,8","2,09","11,38",1
03/08/2026 01:22,"27,5",45,"14,5","2,02","11,91",1
03/08/2026 01:37,"27,5",45,"14,5","2,02","11,91",1
03/08/2026 01:52,"27,5",45,"14,5","2,02","11,91",1
03/08/2026 02:07,"27,5",45,"14,5","2,02","11,91",1
03/08/2026 02:22,"27,5",45,"14,5","2,02","11,91",1
03/08/2026 02:37,"27,5",45,"14,5","2,02","11,91",1
03/08/2026 02:52,"27,5",47,"15,2","1,95","12,43",1
03/08/2026 03:07,"27,5",47,"15,2","1,95","12,43",1
03/08/2026 03:22,"27,5",47,"15,2","1,95","12,43",1
03/08/2026 03:37,"27,5",47,"15,2","1,95","12,43",1
03/08/2026 03:52,"27,5",47,"15,2","1,95","12,43",1
03/08/2026 04:07,"27,5",47,"15,2","1,95","12,43",1
03/08/2026 04:22,"27,5",47,"15,2","1,95","12,43",1
03/08/2026 04:37,"27,5",47,"15,2","1,95","12,43",1
03/08/2026 04:52,"27,6",49,"15,9","1,88","13,04",1
03/08/2026 05:07,"27,6",49,"15,9","1,88","13,04",1
03/08/2026 05:22,"27,6",49,"15,9","1,88","13,04",1
03/08/2026 05:37,"27,6",49,"15,9","1,88","13,04",1
03/08/2026 05:52,"27,6",49,"15,9","1,88","13,04",1
03/08/2026 06:07,"27,6",49,"15,9","1,88","13,04",1
03/08/2026 06:22,"27,6",49,"15,9","1,88","13,04",1
03/08/2026 06:37,"27,6",49,"15,9","1,88","13,04",1
03/08/2026 06:52,"27,6",49,"15,9","1,88","13,04",7
03/08/2026 07:07,"27,6",49,"15,9","1,88","13,04",10
03/08/2026 07:22,"27,6",49,"15,9","1,88","13,04",11
03/08/2026 07:37,"27,6",49,"15,9","1,88","13,04",10
03/08/2026 07:52,"27,6",49,"15,9","1,88","13,04",11
03/08/2026 08:07,"27,6",49,"15,9","1,88","13,04",5
03/08/2026 08:22,"27,6",49,"15,9","1,88","13,04",5
03/08/2026 08:37,"27,6",49,"15,9","1,88","13,04",5
03/08/2026 08:52,"27,6",49,"15,9","1,88","13,04",4
03/08/2026 09:07,"27,6",49,"15,9","1,88","13,04",8
03/08/2026 09:22,"27,6",49,"15,9","1,88","13,04",11
03/08/2026 09:37,"27,6",49,"15,9","1,88","13,04",6
03/08/2026 09:52,"27,6",49,"15,9","1,88","13,04",6
03/08/2026 10:07,"27,7",51,"16,6","1,82","13,64",6
03/08/2026 10:22,"27,7",51,"16,6","1,82","13,64",5
03/08/2026 10:37,"27,7",51,"16,6","1,82","13,64",5
03/08/2026 10:52,"27,7",51,"16,6","1,82","13,64",5
03/08/2026 11:07,"27,7",51,"16,6","1,82","13,64",5
03/08/2026 11:22,"27,7",51,"16,6","1,82","13,64",6
03/08/2026 11:37,"27,7",51,"16,6","1,82","13,64",8
03/08/2026 11:52,"27,7",51,"16,6","1,82","13,64",9
03/08/2026 12:07,"27,7",51,"16,6","1,82","13,64",9
03/08/2026 12:22,"27,7",51,"16,6","1,82","13,64",8
03/08/2026 12:37,"27,7",51,"16,6","1,82","13,64",7
03/08/2026 12:52,"27,7",51,"16,6","1,82","13,64",11
03/08/2026 13:07,"27,7",51,"16,6","1,82","13,64",11
03/08/2026 13:22,"27,8",53,"17,3","1,76","14,26",11
03/08/2026 13:37,"27,8",53,"17,3","1,76","14,26",11
03/08/2026 13:52,"27,8",53,"17,3","1,76","14,26",11
03/08/2026 14:07,"27,8",53,"17,3","1,76","14,26",11
03/08/2026 14:22,"27,8",53,"17,3","1,76","14,26",12
03/08/2026 14:37,"27,8",53,"17,3","1,76","14,26",12
03/08/2026 14:52,"27,8",51,"16,7","1,83","13,72",13
03/08/2026 15:07,"27,8",51,"16,7","1,83","13,72",13
03/08/2026 15:22,"27,8",51,"16,7","1,83","13,72",13
03/08/2026 15:37,"27,8",51,"16,7","1,83","13,72",13
03/08/2026 15:52,"27,8",51,"16,7","1,83","13,72",12
03/08/2026 16:07,"27,9",49,"16,2","1,92","13,25",12
03/08/2026 16:22,"27,9",49,"16,2","1,92","13,25",12
03/08/2026 16:37,"28,0",47,"15,6","2,00","12,78",12
03/08/2026 16:52,"28,0",47,"15,6","2,00","12,78",12
03/08/2026 17:07,"28,0",47,"15,6","2,00","12,78",12
03/08/2026 17:22,"28,2",48,"16,1","1,99","13,20",12
03/08/2026 17:37,"28,2",48,"16,1","1,99","13,20",12
03/08/2026 17:52,"28,2",48,"16,1","1,99","13,20",12
03/08/2026 18:07,"28,2",48,"16,1","1,99","13,20",12
03/08/2026 18:22,"28,2",48,"16,1","1,99","13,20",12
03/08/2026 18:37,"28,2",48,"16,1","1,99","13,20",12
03/08/2026 18:52,"28,4",49,"16,7","1,97","13,62",12
03/08/2026 19:07,"28,4",49,"16,7","1,97","13,62",11
03/08/2026 19:22,"28,4",47,"16,0","2,05","13,06",11
03/08/2026 19:37,"28,4",47,"16,0","2,05","13,06",11
03/08/2026 19:52,"28,4",45,"15,3","2,13","12,51",11
03/08/2026 20:07,"28,4",45,"15,3","2,13","12,51",11
03/08/2026 20:22,"28,4",45,"15,3","2,13","12,51",1
03/08/2026 20:37,"28,4",45,"15,3","2,13","12,51",10
03/08/2026 20:52,"28,4",47,"16,0","2,05","13,06",10
03/08/2026 21:07,"28,4",47,"16,0","2,05","13,06",10
03/08/2026 21:22,"28,0",53,"17,5","1,78","14,41",10
03/08/2026 21:37,"27,9",51,"16,8","1,84","13,79",10
03/08/2026 21:52,"27,9",51,"16,8","1,84","13,79",10
03/08/2026 22:07,"28,0",53,"17,5","1,78","14,41",10
03/08/2026 22:22,"28,0",53,"17,5","1,78","14,41",10
03/08/2026 22:37,"28,1",55,"18,2","1,71","15,04",10
03/08/2026 22:52,"28,0",55,"18,1","1,70","14,96",10
03/08/2026 23:07,"28,0",55,"18,1","1,70","14,96",10
03/08/2026 23:22,"28,0",55,"18,1","1,70","14,96",10
03/08/2026 23:37,"28,0",55,"18,1","1,70","14,96",10
03/08/2026 23:52,"28,0",55,"18,1","1,70","14,96",10
04/08/2026 00:07,"27,8",56,"18,2","1,64","15,06",10
04/08/2026 00:22,"27,8",56,"18,2","1,64","15,06",10
04/08/2026 00:37,"27,6",55,"17,7","1,66","14,63",10
04/08/2026 00:52,"27,6",55,"17,7","1,66","14,63",9
04/08/2026 01:07,"27,8",54,"17,6","1,72","14,52",10
04/08/2026 01:22,"27,8",54,"17,6","1,72","14,52",8
04/08/2026 01:37,"27,8",54,"17,6","1,72","14,52",9
04/08/2026 01:52,"27,8",54,"17,6","1,72","14,52",1
04/08/2026 02:07,"27,8",54,"17,6","1,72","14,52",1
04/08/2026 02:22,"27,6",56,"18,0","1,62","14,90",1
04/08/2026 02:37,"27,8",57,"18,5","1,61","15,33",1
04/08/2026 02:52,"27,8",55,"17,9","1,68","14,79",1
04/08/2026 03:07,"27,8",55,"17,9","1,68","14,79",1
04/08/2026 03:22,"27,8",55,"17,9","1,68","14,79",1
04/08/2026 03:37,"27,8",55,"17,9","1,68","14,79",1
04/08/2026 03:52,"27,8",55,"17,9","1,68","14,79",1
04/08/2026 04:07,"27,8",55,"17,9","1,68","14,79",1
04/08/2026 04:22,"27,8",55,"17,9","1,68","14,79",1
04/08/2026 04:37,"27,8",55,"17,9","1,68","14,79",1
04/08/2026 04:52,"27,8",55,"17,9","1,68","14,79",1
04/08/2026 05:07,"27,8",55,"17,9","1,68","14,79",1
04/08/2026 05:22,"27,8",55,"17,9","1,68","14,79",1
04/08/2026 05:37,"27,8",55,"17,9","1,68","14,79",1
04/08/2026 05:52,"27,8",55,"17,9","1,68","14,79",1
04/08/2026 06:07,"27,8",55,"17,9","1,68","14,79",1
04/08/2026 06:22,"27,8",55,"17,9","1,68","14,79",1
04/08/2026 06:37,"27,8",55,"17,9","1,68","14,79",1
04/08/2026 06:52,"27,8",55,"17,9","1,68","14,79",1
04/08/2026 07:07,"27,8",55,"17,9","1,68","14,79",1
04/08/2026 07:22,"27,8",55,"17,9","1,68","14,79",1
04/08/2026 07:37,"27,8",55,"17,9","1,68","14,79",1
04/08/2026 07:52,"27,8",55,"17,9","1,68","14,79",1
04/08/2026 08:07,"27,7",57,"18,4","1,60","15,25",1
04/08/2026 08:22,"27,7",57,"18,4","1,60","15,25",1
04/08/2026 08:37,"27,7",57,"18,4","1,60","15,25",1
04/08/2026 08:52,"27,7",57,"18,4","1,60","15,25",1
04/08/2026 09:07,"27,7",57,"18,4","1,60","15,25",1
04/08/2026 09:22,"27,7",57,"18,4","1,60","15,25",1
04/08/2026 09:37,"27,7",57,"18,4","1,60","15,25",1
04/08/2026 09:52,"27,7",57,"18,4","1,60","15,25",1
04/08/2026 10:07,"27,7",57,"18,4","1,60","15,25",1
04/08/2026 10:22,"27,7",57,"18,4","1,60","15,25",2
04/08/2026 10:37,"27,7",57,"18,4","1,60","15,25",2
04/08/2026 10:52,"27,7",57,"18,4","1,60","15,25",12
04/08/2026 11:07,"27,7",57,"18,4","1,60","15,25",12
04/08/2026 11:22,"27,9",57,"18,6","1,62","15,42",12
04/08/2026 11:37,"27,9",57,"18,6","1,62","15,42",12
04/08/2026 11:52,"27,9",59,"19,1","1,54","15,96",12
04/08/2026 12:07,"27,9",59,"19,1","1,54","15,96",12
04/08/2026 12:22,"27,9",59,"19,1","1,54","15,96",12
04/08/2026 12:37,"27,9",59,"19,1","1,54","15,96",12
04/08/2026 12:52,"28,1",60,"19,6","1,52","16,41",12
04/08/2026 13:07,"28,1",60,"19,6","1,52","16,41",12
04/08/2026 13:22,"28,1",60,"19,6","1,52","16,41",12
04/08/2026 13:37,"28,1",60,"19,6","1,52","16,41",12
04/08/2026 13:52,"28,1",60,"19,6","1,52","16,41",12
04/08/2026 14:07,"28,1",60,"19,6","1,52","16,41",12
04/08/2026 14:22,"28,1",60,"19,6","1,52","16,41",12
04/08/2026 14:37,"28,1",60,"19,6","1,52","16,41",12
04/08/2026 14:52,"28,1",60,"19,6","1,52","16,41",12
04/08/2026 15:07,"28,1",60,"19,6","1,52","16,41",12
04/08/2026 15:22,"28,1",60,"19,6","1,52","16,41",12
04/08/2026 15:37,"28,1",60,"19,6","1,52","16,41",12
04/08/2026 15:52,"28,1",60,"19,6","1,52","16,41",12
04/08/2026 16:07,"28,1",60,"19,6","1,52","16,41",12
04/08/2026 16:22,"28,1",60,"19,6","1,52","16,41",12
04/08/2026 16:37,"28,1",60,"19,6","1,52","16,41",12
04/08/2026 16:52,"28,1",58,"19,1","1,60","15,86",12
04/08/2026 17:07,"28,1",58,"19,1","1,60","15,86",12
04/08/2026 17:22,"28,1",58,"19,1","1,60","15,86",12
04/08/2026 17:37,"28,1",58,"19,1","1,60","15,86",12
04/08/2026 17:52,"28,1",58,"19,1","1,60","15,86",11
04/08/2026 18:07,"28,1",58,"19,1","1,60","15,86",11
04/08/2026 18:22,"28,1",58,"19,1","1,60","15,86",10
04/08/2026 18:37,"28,1",58,"19,1","1,60","15,86",4
04/08/2026 18:52,"28,1",58,"19,1","1,60","15,86",6
04/08/2026 19:07,"28,1",58,"19,1","1,60","15,86",2
04/08/2026 19:22,"28,1",58,"19,1","1,60","15,86",1
04/08/2026 19:37,"28,1",58,"19,1","1,60","15,86",1
04/08/2026 19:52,"28,1",58,"19,1","1,60","15,86",1
04/08/2026 20:07,"28,1",58,"19,1","1,60","15,86",1
04/08/2026 20:22,"28,1",58,"19,1","1,60","15,86",1
04/08/2026 20:37,"28,1",58,"19,1","1,60","15,86",1
04/08/2026 20:52,"28,1",58,"19,1","1,60","15,86",1
04/08/2026 21:07,"28,1",58,"19,1","1,60","15,86",1
04/08/2026 21:22,"28,1",58,"19,1","1,60","15,86",1
04/08/2026 21:37,"28,1",58,"19,1","1,60","15,86",1
04/08/2026 21:52,"28,1",58,"19,1","1,60","15,86",1
04/08/2026 22:07,"28,1",58,"19,1","1,60","15,86",1
04/08/2026 22:22,"28,1",58,"19,1","1,60","15,86",1
04/08/2026 22:37,"28,1",58,"19,1","1,60","15,86",1
04/08/2026 22:52,"28,1",58,"19,1","1,60","15,86",1
04/08/2026 23:07,"27,9",57,"18,6","1,62","15,42",1
04/08/2026 23:22,"27,9",57,"18,6","1,62","15,42",1
04/08/2026 23:37,"27,9",57,"18,6","1,62","15,42",1
04/08/2026 23:52,"27,9",57,"18,6","1,62","15,42",1
05/08/2026 00:07,"27,9",57,"18,6","1,62","15,42",1
05/08/2026 00:22,"27,9",57,"18,6","1,62","15,42",1
05/08/2026 00:37,"27,9",57,"18,6","1,62","15,42",1
05/08/2026 00:52,"27,9",57,"18,6","1,62","15,42",1
05/08/2026 01:07,"27,9",57,"18,6","1,62","15,42",1
05/08/2026 01:22,"27,9",57,"18,6","1,62","15,42",1
05/08/2026 01:37,"27,9",57,"18,6","1,62","15,42",1
05/08/2026 01:52,"27,9",57,"18,6","1,62","15,42",1
05/08/2026 02:07,"27,9",57,"18,6","1,62","15,42",1
05/08/2026 02:22,"27,9",57,"18,6","1,62","15,42",1
05/08/2026 02:37,"27,9",57,"18,6","1,62","15,42",1
05/08/2026 02:52,"27,9",57,"18,6","1,62","15,42",1
05/08/2026 03:07,"27,9",57,"18,6","1,62","15,42",1
05/08/2026 03:22,"27,9",57,"18,6","1,62","15,42",1
05/08/2026 03:37,"27,9",57,"18,6","1,62","15,42",1
05/08/2026 03:52,"27,9",57,"18,6","1,62","15,42",1
05/08/2026 04:07,"27,9",57,"18,6","1,62","15,42",1
05/08/2026 04:22,"27,9",57,"18,6","1,62","15,42",1
05/08/2026 04:37,"27,9",57,"18,6","1,62","15,42",1
05/08/2026 04:52,"27,9",57,"18,6","1,62","15,42",1
05/08/2026 05:07,"27,9",57,"18,6","1,62","15,42",1
05/08/2026 05:22,"27,9",57,"18,6","1,62","15,42",1
05/08/2026 05:37,"27,9",57,"18,6","1,62","15,42",1
05/08/2026 05:52,"27,7",58,"18,7","1,56","15,51",1
05/08/2026 06:07,"27,7",58,"18,7","1,56","15,51",1
05/08/2026 06:22,"27,7",58,"18,7","1,56","15,51",1
05/08/2026 06:37,"27,7",58,"18,7","1,56","15,51",1
05/08/2026 06:52,"27,7",58,"18,7","1,56","15,51",7
05/08/2026 07:07,"27,7",58,"18,7","1,56","15,51",12
05/08/2026 07:22,"27,7",58,"18,7","1,56","15,51",11
05/08/2026 07:37,"27,9",58,"18,9","1,58","15,69",13
05/08/2026 07:52,"27,9",58,"18,9","1,58","15,69",14
05/08/2026 08:07,"27,9",58,"18,9","1,58","15,69",14
05/08/2026 08:22,"27,9",58,"18,9","1,58","15,69",14
05/08/2026 08:37,"27,9",58,"18,9","1,58","15,69",14
05/08/2026 08:52,"27,9",58,"18,9","1,58","15,69",14
05/08/2026 09:07,"28,1",59,"19,3","1,56","16,13",14
05/08/2026 09:22,"28,1",59,"19,3","1,56","16,13",14
05/08/2026 09:37,"28,1",59,"19,3","1,56","16,13",14
05/08/2026 09:52,"28,1",59,"19,3","1,56","16,13",13
05/08/2026 10:07,"28,1",59,"19,3","1,56","16,13",13
05/08/2026 10:22,"28,1",59,"19,3","1,56","16,13",13
05/08/2026 10:37,"28,1",59,"19,3","1,56","16,13",13
05/08/2026 10:52,"28,1",59,"19,3","1,56","16,13",13
05/08/2026 11:07,"28,1",59,"19,3","1,56","16,13",13
05/08/2026 11:22,"28,1",59,"19,3","1,56","16,13",13
05/08/2026 11:37,"28,1",59,"19,3","1,56","16,13",13
05/08/2026 11:52,"28,1",59,"19,3","1,56","16,13",13
05/08/2026 12:07,"28,1",59,"19,3","1,56","16,13",13
05/08/2026 12:22,"28,1",59,"19,3","1,56","16,13",13
05/08/2026 12:37,"28,1",59,"19,3","1,56","16,13",13
05/08/2026 12:52,"28,1",59,"19,3","1,56","16,13",13
05/08/2026 13:07,"28,1",59,"19,3","1,56","16,13",13
05/08/2026 13:22,"28,1",59,"19,3","1,56","16,13",14
05/08/2026 13:37,"28,3",59,"19,5","1,58","16,31",14
05/08/2026 13:52,"28,3",59,"19,5","1,58","16,31",14
05/08/2026 14:07,"28,3",59,"19,5","1,58","16,31",14
05/08/2026 14:22,"28,3",59,"19,5","1,58","16,31",14
05/08/2026 14:37,"28,3",59,"19,5","1,58","16,31",14
05/08/2026 14:52,"28,3",59,"19,5","1,58","16,31",14
05/08/2026 15:07,"28,3",59,"19,5","1,58","16,31",15
05/08/2026 15:22,"28,3",59,"19,5","1,58","16,31",15
05/08/2026 15:37,"28,3",59,"19,5","1,58","16,31",15
05/08/2026 15:52,"28,3",59,"19,5","1,58","16,31",15
05/08/2026 16:07,"28,3",59,"19,5","1,58","16,31",15
05/08/2026 16:22,"28,3",59,"19,5","1,58","16,31",15
05/08/2026 16:37,"28,5",58,"19,4","1,63","16,21",15
05/08/2026 16:52,"28,5",58,"19,4","1,63","16,21",15
05/08/2026 17:07,"28,5",58,"19,4","1,63","16,21",15
05/08/2026 17:22,"28,5",58,"19,4","1,63","16,21",15
05/08/2026 17:37,"28,7",58,"19,6","1,65","16,39",15
05/08/2026 17:52,"28,7",58,"19,6","1,65","16,39",15
05/08/2026 18:07,"28,7",58,"19,6","1,65","16,39",15
05/08/2026 18:22,"28,9",58,"19,8","1,67","16,57",15
05/08/2026 18:37,"28,9",58,"19,8","1,67","16,57",16
05/08/2026 18:52,"28,9",58,"19,8","1,67","16,57",14
05/08/2026 19:07,"29,1",58,"20,0","1,69","16,75",17
05/08/2026 19:22,"29,1",58,"20,0","1,69","16,75",17
05/08/2026 19:37,"29,1",58,"20,0","1,69","16,75",18
05/08/2026 19:52,"29,3",58,"20,2","1,71","16,93",12
05/08/2026 20:07,"29,1",58,"20,0","1,69","16,75",16
05/08/2026 20:22,"29,1",58,"20,0","1,69","16,75",12
05/08/2026 20:37,"29,1",58,"20,0","1,69","16,75",14
05/08/2026 20:52,"29,1",58,"20,0","1,69","16,75",3
05/08/2026 21:07,"28,9",57,"19,5","1,71","16,28",1
05/08/2026 21:22,"28,9",57,"19,5","1,71","16,28",1
05/08/2026 21:37,"28,9",57,"19,5","1,71","16,28",1
05/08/2026 21:52,"28,7",56,"19,1","1,73","15,82",1
05/08/2026 22:07,"28,7",56,"19,1","1,73","15,82",1
05/08/2026 22:22,"28,7",56,"19,1","1,73","15,82",1
05/08/2026 22:37,"28,7",56,"19,1","1,73","15,82",1
05/08/2026 22:52,"28,7",56,"19,1","1,73","15,82",1
05/08/2026 23:07,"28,5",55,"18,6","1,75","15,37",1
05/08/2026 23:22,"28,5",55,"18,6","1,75","15,37",1
05/08/2026 23:37,"28,5",55,"18,6","1,75","15,37",1
05/08/2026 23:52,"28,5",55,"18,6","1,75","15,37",1
06/08/2026 00:07,"28,5",55,"18,6","1,75","15,37",1
06/08/2026 00:22,"28,5",55,"18,6","1,75","15,37",1
06/08/2026 00:37,"28,5",55,"18,6","1,75","15,37",1
06/08/2026 00:52,"28,5",55,"18,6","1,75","15,37",1
06/08/2026 01:07,"28,5",55,"18,6","1,75","15,37",1
06/08/2026 01:22,"28,5",55,"18,6","1,75","15,37",1
06/08/2026 01:37,"28,5",55,"18,6","1,75","15,37",1
06/08/2026 01:52,"28,5",55,"18,6","1,75","15,37",1
06/08/2026 02:07,"28,5",55,"18,6","1,75","15,37",1
06/08/2026 02:22,"28,5",55,"18,6","1,75","15,37",1
06/08/2026 02:37,"28,5",55,"18,6","1,75","15,37",1
06/08/2026 02:52,"28,3",55,"18,4","1,73","15,20",1
06/08/2026 03:07,"28,3",55,"18,4","1,73","15,20",1
06/08/2026 03:22,"28,3",55,"18,4","1,73","15,20",1
06/08/2026 03:37,"28,3",55,"18,4","1,73","15,20",1
06/08/2026 03:52,"28,3",55,"18,4","1,73","15,20",1
06/08/2026 04:07,"28,3",55,"18,4","1,73","15,20",1
06/08/2026 04:22,"28,3",55,"18,4","1,73","15,20",1
06/08/2026 04:37,"28,3",55,"18,4","1,73","15,20",1
06/08/2026 04:52,"28,3",55,"18,4","1,73","15,20",1
06/08/2026 05:07,"28,3",53,"17,8","1,81","14,65",1
06/08/2026 05:22,"28,3",53,"17,8","1,81","14,65",1
06/08/2026 05:37,"28,3",53,"17,8","1,81","14,65",1
06/08/2026 05:52,"28,3",53,"17,8","1,81","14,65",1
06/08/2026 06:07,"28,3",53,"17,8","1,81","14,65",1
06/08/2026 06:22,"28,3",53,"17,8","1,81","14,65",1
06/08/2026 06:37,"28,3",53,"17,8","1,81","14,65",2
06/08/2026 06:52,"28,3",53,"17,8","1,81","14,65",7
06/08/2026 07:07,"28,3",53,"17,8","1,81","14,65",13
06/08/2026 07:22,"28,3",53,"17,8","1,81","14,65",14
06/08/2026 07:37,"28,3",53,"17,8","1,81","14,65",14
06/08/2026 07:52,"28,3",53,"17,8","1,81","14,65",14
06/08/2026 08:07,"28,3",53,"17,8","1,81","14,65",13
06/08/2026 08:22,"28,5",53,"18,0","1,83","14,81",13
06/08/2026 08:37,"28,5",53,"18,0","1,83","14,81",12
06/08/2026 08:52,"28,5",53,"18,0","1,83","14,81",13
06/08/2026 09:07,"28,5",53,"18,0","1,83","14,81",14
06/08/2026 09:22,"28,5",53,"18,0","1,83","14,81",13
06/08/2026 09:37,"28,5",53,"18,0","1,83","14,81",14
06/08/2026 09:52,"28,5",53,"18,0","1,83","14,81",14
06/08/2026 10:07,"28,5",53,"18,0","1,83","14,81",14
06/08/2026 10:22,"28,5",53,"18,0","1,83","14,81",14
06/08/2026 10:37,"28,5",53,"18,0","1,83","14,81",14
06/08/2026 10:52,"28,5",53,"18,0","1,83","14,81",14
06/08/2026 11:07,"28,5",53,"18,0","1,83","14,81",14
06/08/2026 11:22,"28,5",53,"18,0","1,83","14,81",14
06/08/2026 11:37,"28,7",54,"18,5","1,81","15,26",14
06/08/2026 11:52,"28,7",54,"18,5","1,81","15,26",14
06/08/2026 12:07,"28,7",54,"18,5","1,81","15,26",14
06/08/2026 12:22,"28,7",54,"18,5","1,81","15,26",14
06/08/2026 12:37,"28,7",54,"18,5","1,81","15,26",14
06/08/2026 12:52,"28,7",54,"18,5","1,81","15,26",14
06/08/2026 13:07,"28,7",54,"18,5","1,81","15,26",14
06/08/2026 13:22,"28,7",54,"18,5","1,81","15,26",14
06/08/2026 13:37,"28,7",54,"18,5","1,81","15,26",14
06/08/2026 13:52,"28,7",54,"18,5","1,81","15,26",14
06/08/2026 14:07,"28,7",54,"18,5","1,81","15,26",14
06/08/2026 14:22,"28,7",54,"18,5","1,81","15,26",14
06/08/2026 14:37,"28,7",54,"18,5","1,81","15,26",14
06/08/2026 14:52,"28,7",54,"18,5","1,81","15,26",14
06/08/2026 15:07,"28,7",54,"18,5","1,81","15,26",14
06/08/2026 15:22,"28,7",54,"18,5","1,81","15,26",15
06/08/2026 15:37,"28,7",54,"18,5","1,81","15,26",15
06/08/2026 15:52,"28,7",54,"18,5","1,81","15,26",15
06/08/2026 16:07,"28,7",54,"18,5","1,81","15,26",15
06/08/2026 16:22,"28,9",54,"18,7","1,83","15,43",15
06/08/2026 16:37,"28,9",54,"18,7","1,83","15,43",15
06/08/2026 16:52,"28,9",54,"18,7","1,83","15,43",15
06/08/2026 17:07,"28,9",54,"18,7","1,83","15,43",15
06/08/2026 17:22,"28,9",54,"18,7","1,83","15,43",15
06/08/2026 17:37,"29,1",54,"18,8","1,85","15,60",15
06/08/2026 17:52,"29,1",54,"18,8","1,85","15,60",15
06/08/2026 18:07,"29,3",53,"18,7","1,92","15,47",15
06/08/2026 18:22,"29,3",53,"18,7","1,92","15,47",15
06/08/2026 18:37,"29,3",53,"18,7","1,92","15,47",16
06/08/2026 18:52,"29,5",53,"18,9","1,94","15,64",17
06/08/2026 19:07,"29,5",53,"18,9","1,94","15,64",17
06/08/2026 19:22,"29,7",53,"19,1","1,96","15,81",18
06/08/2026 19:37,"29,7",53,"19,1","1,96","15,81",19
06/08/2026 19:52,"29,7",53,"19,1","1,96","15,81",19
06/08/2026 20:07,"29,7",53,"19,1","1,96","15,81",19
06/08/2026 20:22,"29,9",53,"19,3","1,98","15,99",19
06/08/2026 20:37,"29,9",53,"19,3","1,98","15,99",12
06/08/2026 20:52,"29,7",52,"18,8","2,00","15,51",4
06/08/2026 21:07,"29,7",52,"18,8","2,00","15,51",1
06/08/2026 21:22,"29,5",52,"18,6","1,98","15,35",1
06/08/2026 21:37,"29,5",52,"18,6","1,98","15,35",1
06/08/2026 21:52,"29,3",52,"18,4","1,96","15,18",1
06/08/2026 22:07,"29,3",52,"18,4","1,96","15,18",1
06/08/2026 22:22,"29,3",52,"18,4","1,96","15,18",1
06/08/2026 22:37,"29,1",51,"17,9","1,97","14,73",1
06/08/2026 22:52,"29,1",51,"17,9","1,97","14,73",1
06/08/2026 23:07,"29,1",51,"17,9","1,97","14,73",1
06/08/2026 23:22,"29,1",51,"17,9","1,97","14,73",1
06/08/2026 23:37,"29,1",51,"17,9","1,97","14,73",1
06/08/2026 23:52,"29,1",51,"17,9","1,97","14,73",1
07/08/2026 00:07,"28,9",50,"17,4","1,99","14,28",1
07/08/2026 00:22,"28,9",50,"17,4","1,99","14,28",1
07/08/2026 00:37,"28,9",50,"17,4","1,99","14,28",1
07/08/2026 00:52,"28,9",50,"17,4","1,99","14,28",1
07/08/2026 01:07,"28,9",50,"17,4","1,99","14,28",1
07/08/2026 01:22,"28,9",50,"17,4","1,99","14,28",1
07/08/2026 01:37,"28,9",50,"17,4","1,99","14,28",1
07/08/2026 01:52,"28,9",50,"17,4","1,99","14,28",1
07/08/2026 02:07,"28,9",50,"17,4","1,99","14,28",1
07/08/2026 02:22,"28,9",50,"17,4","1,99","14,28",1
07/08/2026 02:37,"28,7",50,"17,2","1,97","14,13",1
07/08/2026 02:52,"28,7",50,"17,2","1,97","14,13",1
07/08/2026 03:07,"28,7",50,"17,2","1,97","14,13",1
07/08/2026 03:22,"28,7",50,"17,2","1,97","14,13",1
07/08/2026 03:37,"28,7",50,"17,2","1,97","14,13",1
07/08/2026 03:52,"28,7",50,"17,2","1,97","14,13",1
07/08/2026 04:07,"28,7",50,"17,2","1,97","14,13",1
07/08/2026 04:22,"28,7",50,"17,2","1,97","14,13",1
07/08/2026 04:37,"28,7",50,"17,2","1,97","14,13",1
07/08/2026 04:52,"28,7",50,"17,2","1,97","14,13",1
07/08/2026 05:07,"28,7",50,"17,2","1,97","14,13",1
07/08/2026 05:22,"28,7",50,"17,2","1,97","14,13",1
07/08/2026 05:37,"28,7",50,"17,2","1,97","14,13",1
07/08/2026 05:52,"28,7",50,"17,2","1,97","14,13",1
07/08/2026 06:07,"28,7",50,"17,2","1,97","14,13",1
07/08/2026 06:22,"28,7",50,"17,2","1,97","14,13",1
07/08/2026 06:37,"28,7",50,"17,2","1,97","14,13",3
07/08/2026 06:52,"28,7",50,"17,2","1,97","14,13",11
07/08/2026 07:07,"28,7",50,"17,2","1,97","14,13",14
07/08/2026 07:22,"28,7",50,"17,2","1,97","14,13",15
07/08/2026 07:37,"28,7",50,"17,2","1,97","14,13",15
07/08/2026 07:52,"28,7",50,"17,2","1,97","14,13",15
07/08/2026 08:07,"28,7",50,"17,2","1,97","14,13",15
07/08/2026 08:22,"28,9",50,"17,4","1,99","14,28",15
07/08/2026 08:37,"28,9",50,"17,4","1,99","14,28",14
07/08/2026 08:52,"28,9",50,"17,4","1,99","14,28",14
07/08/2026 09:07,"28,9",50,"17,4","1,99","14,28",14
07/08/2026 09:22,"28,9",50,"17,4","1,99","14,28",13
07/08/2026 09:37,"28,9",50,"17,4","1,99","14,28",13
07/08/2026 09:52,"28,9",50,"17,4","1,99","14,28",13
07/08/2026 10:07,"28,9",50,"17,4","1,99","14,28",13
07/08/2026 10:22,"28,9",50,"17,4","1,99","14,28",13
07/08/2026 10:37,"28,9",50,"17,4","1,99","14,28",13
07/08/2026 10:52,"28,9",50,"17,4","1,99","14,28",13
07/08/2026 11:07,"28,9",50,"17,4","1,99","14,28",13
07/08/2026 11:22,"28,9",50,"17,4","1,99","14,28",13
07/08/2026 11:37,"28,9",50,"17,4","1,99","14,28",13
07/08/2026 11:52,"28,9",50,"17,4","1,99","14,28",13
07/08/2026 12:07,"28,9",50,"17,4","1,99","14,28",13
07/08/2026 12:22,"28,9",50,"17,4","1,99","14,28",13
07/08/2026 12:37,"28,9",50,"17,4","1,99","14,28",13
07/08/2026 12:52,"28,9",50,"17,4","1,99","14,28",13
07/08/2026 13:07,"28,9",50,"17,4","1,99","14,28",13
07/08/2026 13:22,"28,9",50,"17,4","1,99","14,28",13
07/08/2026 13:37,"28,9",50,"17,4","1,99","14,28",13
07/08/2026 13:52,"28,9",50,"17,4","1,99","14,28",13
07/08/2026 14:07,"28,9",50,"17,4","1,99","14,28",13
07/08/2026 14:22,"28,9",50,"17,4","1,99","14,28",13
07/08/2026 14:37,"28,9",50,"17,4","1,99","14,28",13
07/08/2026 14:52,"29,1",50,"17,6","2,01","14,44",14
07/08/2026 15:07,"29,1",50,"17,6","2,01","14,44",14
07/08/2026 15:22,"29,1",50,"17,6","2,01","14,44",14
07/08/2026 15:37,"29,1",50,"17,6","2,01","14,44",14
07/08/2026 15:52,"29,1",50,"17,6","2,01","14,44",14
07/08/2026 16:07,"29,1",50,"17,6","2,01","14,44",14
07/08/2026 16:22,"29,1",50,"17,6","2,01","14,44",14
07/08/2026 16:37,"29,1",50,"17,6","2,01","14,44",14
07/08/2026 16:52,"29,1",50,"17,6","2,01","14,44",14
07/08/2026 17:07,"29,3",51,"18,1","2,00","14,89",14
07/08/2026 17:22,"29,3",51,"18,1","2,00","14,89",14
07/08/2026 17:37,"29,3",51,"18,1","2,00","14,89",14
07/08/2026 17:52,"29,3",51,"18,1","2,00","14,89",14
07/08/2026 18:07,"29,5",51,"18,3","2,02","15,05",15
07/08/2026 18:22,"29,5",51,"18,3","2,02","15,05",15
07/08/2026 18:37,"29,7",50,"18,2","2,09","14,92",16
07/08/2026 18:52,"29,7",50,"18,2","2,09","14,92",17
07/08/2026 19:07,"29,7",50,"18,2","2,09","14,92",17
07/08/2026 19:22,"29,9",50,"18,3","2,11","15,08",18
07/08/2026 19:37,"29,9",50,"18,3","2,11","15,08",18
07/08/2026 19:52,"29,9",50,"18,3","2,11","15,08",18
07/08/2026 20:07,"29,9",50,"18,3","2,11","15,08",18
07/08/2026 20:22,"30,1",50,"18,5","2,13","15,24",18
07/08/2026 20:37,"29,9",50,"18,3","2,11","15,08",9
07/08/2026 20:52,"29,9",50,"18,3","2,11","15,08",4
07/08/2026 21:07,"29,7",50,"18,2","2,09","14,92",1
07/08/2026 21:22,"29,7",50,"18,2","2,09","14,92",1
07/08/2026 21:37,"29,7",50,"18,2","2,09","14,92",1
07/08/2026 21:52,"29,5",49,"17,7","2,10","14,46",1
07/08/2026 22:07,"29,5",49,"17,7","2,10","14,46",1
07/08/2026 22:22,"29,5",49,"17,7","2,10","14,46",1
07/08/2026 22:37,"29,5",49,"17,7","2,10","14,46",1
07/08/2026 22:52,"29,3",49,"17,5","2,08","14,31",1
07/08/2026 23:07,"29,3",49,"17,5","2,08","14,31",1
07/08/2026 23:22,"29,3",49,"17,5","2,08","14,31",1
07/08/2026 23:37,"29,3",49,"17,5","2,08","14,31",1
07/08/2026 23:52,"29,3",49,"17,5","2,08","14,31",1
08/08/2026 00:07,"29,3",49,"17,5","2,08","14,31",1
08/08/2026 00:22,"29,3",49,"17,5","2,08","14,31",1
08/08/2026 00:37,"29,1",48,"17,0","2,09","13,86",1
08/08/2026 00:52,"29,1",48,"17,0","2,09","13,86",1
08/08/2026 01:07,"29,1",48,"17,0","2,09","13,86",1
08/08/2026 01:22,"29,1",48,"17,0","2,09","13,86",1
08/08/2026 01:37,"29,1",48,"17,0","2,09","13,86",1
08/08/2026 01:52,"29,1",48,"17,0","2,09","13,86",1
08/08/2026 02:07,"29,1",48,"17,0","2,09","13,86",1
08/08/2026 02:22,"29,1",48,"17,0","2,09","13,86",1
08/08/2026 02:37,"29,1",48,"17,0","2,09","13,86",1
08/08/2026 02:52,"29,1",48,"17,0","2,09","13,86",1
08/08/2026 03:07,"29,1",48,"17,0","2,09","13,86",1
08/08/2026 03:22,"28,9",47,"16,5","2,11","13,43",1
08/08/2026 03:37,"28,9",47,"16,5","2,11","13,43",1
08/08/2026 03:52,"28,9",47,"16,5","2,11","13,43",1
08/08/2026 04:07,"28,9",47,"16,5","2,11","13,43",1
08/08/2026 04:22,"28,9",47,"16,5","2,11","13,43",1
08/08/2026 04:37,"28,9",47,"16,5","2,11","13,43",1
08/08/2026 04:52,"28,9",47,"16,5","2,11","13,43",1
08/08/2026 05:07,"28,9",49,"17,1","2,03","14,00",1
08/08/2026 05:22,"28,9",49,"17,1","2,03","14,00",1
08/08/2026 05:37,"28,9",49,"17,1","2,03","14,00",1
08/08/2026 05:52,"28,9",49,"17,1","2,03","14,00",1
08/08/2026 06:07,"28,9",49,"17,1","2,03","14,00",1
08/08/2026 06:22,"28,9",49,"17,1","2,03","14,00",1
08/08/2026 06:37,"28,9",49,"17,1","2,03","14,00",3
08/08/2026 06:52,"28,9",49,"17,1","2,03","14,00",11
08/08/2026 07:07,"28,9",49,"17,1","2,03","14,00",14
08/08/2026 07:22,"28,9",49,"17,1","2,03","14,00",15
08/08/2026 07:37,"28,9",49,"17,1","2,03","14,00",15
08/08/2026 07:52,"28,9",49,"17,1","2,03","14,00",15
08/08/2026 08:07,"29,1",48,"17,0","2,09","13,86",15
08/08/2026 08:22,"29,1",48,"17,0","2,09","13,86",15
08/08/2026 08:37,"29,1",48,"17,0","2,09","13,86",15
08/08/2026 08:52,"29,1",48,"17,0","2,09","13,86",14
08/08/2026 09:07,"29,1",48,"17,0","2,09","13,86",14
08/08/2026 09:22,"29,1",48,"17,0","2,09","13,86",13
08/08/2026 09:37,"29,1",48,"17,0","2,09","13,86",13
08/08/2026 09:52,"29,1",48,"17,0","2,09","13,86",13
08/08/2026 10:07,"29,1",48,"17,0","2,09","13,86",13
08/08/2026 10:22,"29,1",48,"17,0","2,09","13,86",13
08/08/2026 10:37,"29,1",48,"17,0","2,09","13,86",13
08/08/2026 10:52,"29,1",48,"17,0","2,09","13,86",13
08/08/2026 11:07,"29,1",48,"17,0","2,09","13,86",13
08/08/2026 11:22,"29,1",48,"17,0","2,09","13,86",13
08/08/2026 11:37,"29,1",48,"17,0","2,09","13,86",13
08/08/2026 11:52,"29,1",48,"17,0","2,09","13,86",13
08/08/2026 12:07,"29,1",48,"17,0","2,09","13,86",13
08/08/2026 12:22,"29,1",48,"17,0","2,09","13,86",13
08/08/2026 12:37,"29,1",48,"17,0","2,09","13,86",13
08/08/2026 12:52,"29,1",48,"17,0","2,09","13,86",13
08/08/2026 13:07,"29,3",49,"17,5","2,08","14,31",13
08/08/2026 13:22,"29,3",49,"17,5","2,08","14,31",13
08/08/2026 13:37,"29,3",49,"17,5","2,08","14,31",13
08/08/2026 13:52,"29,3",49,"17,5","2,08","14,31",13
08/08/2026 14:07,"29,3",49,"17,5","2,08","14,31",13
08/08/2026 14:22,"29,3",49,"17,5","2,08","14,31",13
08/08/2026 14:37,"29,3",49,"17,5","2,08","14,31",13
08/08/2026 14:52,"29,3",49,"17,5","2,08","14,31",13
08/08/2026 15:07,"29,3",49,"17,5","2,08","14,31",14
08/08/2026 15:22,"29,3",49,"17,5","2,08","14,31",14
08/08/2026 15:37,"29,3",49,"17,5","2,08","14,31",14
08/08/2026 15:52,"29,3",49,"17,5","2,08","14,31",14
08/08/2026 16:07,"29,3",49,"17,5","2,08","14,31",14
08/08/2026 16:22,"29,3",49,"17,5","2,08","14,31",14
08/08/2026 16:37,"29,3",49,"17,5","2,08","14,31",14
08/08/2026 16:52,"29,3",49,"17,5","2,08","14,31",14
08/08/2026 17:07,"29,5",49,"17,7","2,10","14,46",14
08/08/2026 17:22,"29,5",49,"17,7","2,10","14,46",14
08/08/2026 17:37,"29,5",49,"17,7","2,10","14,46",14
08/08/2026 17:52,"29,7",48,"17,5","2,17","14,32",14
08/08/2026 18:07,"29,7",48,"17,5","2,17","14,32",15
08/08/2026 18:22,"29,7",48,"17,5","2,17","14,32",15
08/08/2026 18:37,"29,9",47,"17,4","2,24","14,18",16
08/08/2026 18:52,"29,9",47,"17,4","2,24","14,18",17
08/08/2026 19:07,"30,1",47,"17,5","2,26","14,33",18
08/08/2026 19:22,"30,1",47,"17,5","2,26","14,33",18
08/08/2026 19:37,"30,3",48,"18,1","2,24","14,79",19
08/08/2026 19:52,"30,3",48,"18,1","2,24","14,79",19
08/08/2026 20:07,"30,3",48,"18,1","2,24","14,79",15
08/08/2026 20:22,"30,3",48,"18,1","2,24","14,79",13
08/08/2026 20:37,"30,3",48,"18,1","2,24","14,79",5
08/08/2026 20:52,"30,1",48,"17,9","2,22","14,63",3
08/08/2026 21:07,"30,1",48,"17,9","2,22","14,63",1
08/08/2026 21:22,"29,9",48,"17,7","2,19","14,48",1
08/08/2026 21:37,"29,9",48,"17,7","2,19","14,48",1
08/08/2026 21:52,"29,9",48,"17,7","2,19","14,48",1
08/08/2026 22:07,"29,7",48,"17,5","2,17","14,32",1
08/08/2026 22:22,"29,7",48,"17,5","2,17","14,32",1
08/08/2026 22:37,"29,7",48,"17,5","2,17","14,32",1
08/08/2026 22:52,"29,7",48,"17,5","2,17","14,32",1
08/08/2026 23:07,"29,7",48,"17,5","2,17","14,32",1
08/08/2026 23:22,"29,5",47,"17,0","2,19","13,87",1
08/08/2026 23:37,"29,5",47,"17,0","2,19","13,87",1
08/08/2026 23:52,"29,5",47,"17,0","2,19","13,87",1
09/08/2026 00:07,"29,5",47,"17,0","2,19","13,87",1
09/08/2026 00:22,"29,5",47,"17,0","2,19","13,87",1
09/08/2026 00:37,"29,5",47,"17,0","2,19","13,87",1
09/08/2026 00:52,"29,5",47,"17,0","2,19","13,87",1
09/08/2026 01:07,"29,5",47,"17,0","2,19","13,87",1
09/08/2026 01:22,"29,3",46,"16,5","2,20","13,43",1
09/08/2026 01:37,"29,3",46,"16,5","2,20","13,43",1
09/08/2026 01:52,"29,3",46,"16,5","2,20","13,43",1
09/08/2026 02:07,"29,3",46,"16,5","2,20","13,43",1
09/08/2026 02:22,"29,3",46,"16,5","2,20","13,43",1
09/08/2026 02:37,"29,3",46,"16,5","2,20","13,43",1
09/08/2026 02:52,"29,3",46,"16,5","2,20","13,43",1
09/08/2026 03:07,"29,3",46,"16,5","2,20","13,43",1
09/08/2026 03:22,"29,3",46,"16,5","2,20","13,43",1
09/08/2026 03:37,"29,3",46,"16,5","2,20","13,43",1
09/08/2026 03:52,"29,3",46,"16,5","2,20","13,43",1
09/08/2026 04:07,"29,3",46,"16,5","2,20","13,43",1
09/08/2026 04:22,"29,3",46,"16,5","2,20","13,43",1
09/08/2026 04:37,"29,3",46,"16,5","2,20","13,43",1
09/08/2026 04:52,"29,3",46,"16,5","2,20","13,43",1
09/08/2026 05:07,"29,3",46,"16,5","2,20","13,43",1
09/08/2026 05:22,"29,3",46,"16,5","2,20","13,43",1
09/08/2026 05:37,"29,3",46,"16,5","2,20","13,43",1
09/08/2026 05:52,"29,3",46,"16,5","2,20","13,43",1
09/08/2026 06:07,"29,1",47,"16,6","2,14","13,57",1
09/08/2026 06:22,"29,1",47,"16,6","2,14","13,57",1
09/08/2026 06:37,"29,1",47,"16,6","2,14","13,57",3
09/08/2026 06:52,"29,1",47,"16,6","2,14","13,57",4
09/08/2026 07:07,"29,1",47,"16,6","2,14","13,57",11
09/08/2026 07:22,"29,1",47,"16,6","2,14","13,57",13
09/08/2026 07:37,"29,3",48,"17,2","2,12","14,01",13
09/08/2026 07:52,"29,3",48,"17,2","2,12","14,01",12
09/08/2026 08:07,"29,3",48,"17,2","2,12","14,01",13
09/08/2026 08:22,"29,3",48,"17,2","2,12","14,01",13
09/08/2026 08:37,"29,3",48,"17,2","2,12","14,01",14
09/08/2026 08:52,"29,3",48,"17,2","2,12","14,01",14
09/08/2026 09:07,"29,3",48,"17,2","2,12","14,01",14
09/08/2026 09:22,"29,3",48,"17,2","2,12","14,01",13
09/08/2026 09:37,"29,3",48,"17,2","2,12","14,01",13
09/08/2026 09:52,"29,5",48,"17,3","2,14","14,17",14
09/08/2026 10:07,"29,5",48,"17,3","2,14","14,17",14
09/08/2026 10:22,"29,5",48,"17,3","2,14","14,17",14
09/08/2026 10:37,"29,5",48,"17,3","2,14","14,17",14
09/08/2026 10:52,"29,5",48,"17,3","2,14","14,17",14
09/08/2026 11:07,"29,5",48,"17,3","2,14","14,17",14
09/08/2026 11:22,"29,5",48,"17,3","2,14","14,17",13
09/08/2026 11:37,"29,3",48,"17,2","2,12","14,01",12
09/08/2026 11:52,"29,3",48,"17,2","2,12","14,01",12
09/08/2026 12:07,"29,3",48,"17,2","2,12","14,01",13
09/08/2026 12:22,"29,3",48,"17,2","2,12","14,01",12
09/08/2026 12:37,"29,3",48,"17,2","2,12","14,01",12
09/08/2026 12:52,"29,3",48,"17,2","2,12","14,01",11
09/08/2026 13:07,"29,1",48,"17,0","2,09","13,86",11
09/08/2026 13:22,"29,1",48,"17,0","2,09","13,86",11
09/08/2026 13:37,"29,1",48,"17,0","2,09","13,86",11
09/08/2026 13:52,"29,1",48,"17,0","2,09","13,86",11
09/08/2026 14:07,"29,1",48,"17,0","2,09","13,86",11
09/08/2026 14:22,"29,0",46,"16,2","2,16","13,21",11
09/08/2026 14:37,"29,0",46,"16,2","2,16","13,21",12
09/08/2026 14:52,"29,0",46,"16,2","2,16","13,21",13
09/08/2026 15:07,"29,0",46,"16,2","2,16","13,21",13
09/08/2026 15:22,"29,0",46,"16,2","2,16","13,21",13
09/08/2026 15:37,"29,0",46,"16,2","2,16","13,21",13
09/08/2026 15:52,"29,0",46,"16,2","2,16","13,21",13
